"cellType","CpG","LM","formula","nObs","AIC","meanLeverage","maxLeverage","OutlierLabIDs","OutlierIDs","Intercept.betaEstimate","LM.betaEstimate","Age.betaEstimate","Gender.betaEstimate","Intercept.pval","LM.pval","Age.pval","Gender.pval","Intercept.stdError","LM.stdError","Age.stdError","Gender.stdError","Intercept.tStat","LM.tStat","Age.tStat","Gender.tStat","FDR"
"Bcell","cg26495757","LM23","CpG ~ as.numeric(LM) +Age + Gender",47,-47.7007119623861,0.0851063829787234,0.560905262886838,"116769,117072","10-129-09,10-245-02",3.93025252765705,0.00323239414835676,-0.00587454260959044,-0.137332827513277,3.57148265576088e-11,6.93695814732395e-07,0.422441843938957,0.55157157710509,0.446490053835906,0.000556483459145466,0.00725317670998583,0.22883970897108,8.8025533690869,5.80860777662721,-0.809926856118458,-0.600126735568575,0.00480162887542113
"Bcell","cg16917654","LM23","CpG ~ as.numeric(LM) +Age + Gender",47,-1.17611806257223,0.0851063829787234,0.560905262886838,"116769,117072","10-129-09,10-245-02",-4.52915785567885,-0.00457672422243042,-0.00033244025055489,-0.200939009062027,1.97532394452124e-07,9.68073337810768e-06,0.977838862192363,0.595213052910199,0.732424022909298,0.000912857633284701,0.0118981393183559,0.375389549679846,-6.18379205762306,-5.01362321522379,-0.0279405242836597,-0.535281307733259,0.0279391275399104
"Bcell","cg25174290","LM23","CpG ~ as.numeric(LM) +Age + Gender",47,-25.0545787334894,0.0851063829787234,0.560905262886838,"116769,117072","10-129-09,10-245-02",-5.48164406194489,-0.00341234905673866,0.0089136091719788,0.447920837377137,2.52659206321157e-12,1.82605449228122e-05,0.3395344830679,0.131302052562228,0.568120438110333,0.000708077646735367,0.00922904753368424,0.291178973866844,-9.64873589159683,-4.81917353622373,0.965821135869747,1.53830076199792,0.0438390791516814
"Bcell","cg18256466","LM23","CpG ~ as.numeric(LM) +Age + Gender",47,26.8188121085239,0.0851063829787234,0.560905262886838,"116769,117072","10-129-09,10-245-02",-2.60525766138588,-0.00725705082727303,0.00886888902282052,-0.049412904171293,0.0114802522568558,5.07209661939201e-07,0.582846948262381,0.922602708805393,0.986514494882904,0.00122954362340923,0.0160258081829026,0.505618631289207,-2.64087114269428,-5.90223127435771,0.553412902588116,-0.0977276174442026,0.00398768819216211
"Bcell","cg27470433","LM23","CpG ~ as.numeric(LM) +Age + Gender",47,-106.84075434194,0.0851063829787234,0.560905262886838,"116769,117072","10-129-09,10-245-02",1.99957193680079,0.00150344168729121,-0.00453323364857417,0.0772766365533799,1.28918646267043e-10,8.08867280299185e-06,0.247447980622023,0.529756572787763,0.237999301122833,0.000296630738412177,0.00386626974792918,0.121981867986439,8.40158743058154,5.06839478382759,-1.17250837218542,0.633509207794482,0.0248580381142197
"Bcell","cg21949512","LM23","CpG ~ as.numeric(LM) +Age + Gender",47,29.6271000678771,0.0851063829787234,0.560905262886838,"116769,117072","10-129-09,10-245-02",-4.69011950463491,-0.00660568358238937,0.00253283065697336,-1.99958715897068,3.54112183819188e-05,5.0027280099289e-06,0.87880432519086,0.000401317148178342,1.01643168267104,0.00126683094930868,0.0165118092658583,0.520952098379576,-4.61429881082606,-5.21433707156755,0.153395101420565,-3.83833209462138,0.0182986146799536
"Bcell","cg03170725","LM23","CpG ~ as.numeric(LM) +Age + Gender",47,8.64509825181137,0.0851063829787234,0.560905262886838,"116769,117072","10-129-09,10-245-02",5.31296136307467,0.00525293413330209,-0.0200414834183063,0.147601915203605,6.10281369757089e-08,5.53833643133841e-06,0.136505854780408,0.724928740833656,0.81308905081075,0.00101339459569409,0.01320853290195,0.4167328256398,6.53429210217133,5.18350320361072,-1.5173133584993,0.354188357917318,0.0196279504007944
"Bcell","cg21553596","LM23","CpG ~ as.numeric(LM) +Age + Gender",47,25.5770362835628,0.0851063829787234,0.560905262886838,"116769,117072","10-129-09,10-245-02",-4.434716858236,-0.0076344173835759,0.0400156825910079,-1.26984774377606,4.28181693555881e-05,1.37575855691838e-07,0.015144699009363,0.0146027736472907,0.973567965004222,0.00121340769906125,0.015815493377042,0.498983141642417,-4.55511789381522,-6.29171661716193,2.53015708312301,-2.54487103431254,0.00159493554938879
"Bcell","cg06297571","LM23","CpG ~ as.numeric(LM) +Age + Gender",47,10.3130969415477,0.0851063829787234,0.560905262886838,"116769,117072","10-129-09,10-245-02",4.075818037037,0.00612422750560875,-0.0100087410476158,0.266350836888135,1.295344161343e-05,4.5151301087791e-07,0.460671089659376,0.533390664233287,0.827645815700131,0.00103153743854135,0.0134450057800384,0.424193609619706,4.92459208965992,5.93699004688453,-0.744420732230227,0.627899220657571,0.00379088403152459
"Bcell","cg07799891","LM23","CpG ~ as.numeric(LM) +Age + Gender",47,-61.2100248953316,0.0851063829787234,0.560905262886838,"116769,117072","10-129-09,10-245-02",3.57767007577347,0.00240185430986658,0.00512640268388482,-0.0820773848998042,8.67346851604722e-12,1.06944808414867e-05,0.418987603177149,0.680857872097333,0.386720043404876,0.00048198902892901,0.00628222014804349,0.198205763881538,9.25131794120079,4.98321365364592,0.816017675770462,-0.414101907494776,0.0302271546412095
"Bcell","cg15310270","LM23","CpG ~ as.numeric(LM) +Age + Gender",47,33.8261980497709,0.0851063829787234,0.560905262886838,"116769,117072","10-129-09,10-245-02",-6.29155894486344,-0.00757193720003031,0.0380735423782205,-1.00597219993998,4.78849722722765e-07,9.45380775476475e-07,0.0328442686126732,0.0716854732100816,1.06286638845144,0.00132470490523464,0.0172661354229763,0.544751294947681,-5.9194260099146,-5.71594259982686,2.20509925617493,-1.84666325581951,0.0058656244476789
"Bcell","cg09778357","LM23","CpG ~ as.numeric(LM) +Age + Gender",47,-2.79538909784173,0.0851063829787234,0.560905262886838,"116769,117072","10-129-09,10-245-02",4.56579866855331,0.00473556998547817,0.00117401918927284,0.206815148566185,1.16185672960833e-07,4.05694521721672e-06,0.92050370055145,0.578042262570047,0.719915126291972,0.000897267153721049,0.0116949338116869,0.36897836036697,6.34213465144166,5.27777035617466,0.100386988774543,0.560507527759882,0.0160400592130067
"Bcell","cg17233491","LM23","CpG ~ as.numeric(LM) +Age + Gender",47,1.58553822206606,0.0851063829787234,0.560905262886838,"116769,117072","10-129-09,10-245-02",-3.54195494893212,-0.00709007318185524,-0.00224407137580333,-0.225596966256155,2.72216529164626e-05,2.13051668035771e-09,0.85554400871072,0.56255938304969,0.754261356570346,0.000940074622487062,0.0122528841521047,0.386581846208662,-4.6959252493559,-7.54203231558122,-0.18314637990092,-0.583568443445186,0.000364315689195318
"Bcell","cg05463589","LM23","CpG ~ as.numeric(LM) +Age + Gender",47,39.3419968901094,0.0851063829787234,0.560905262886838,"116769,117072","10-129-09,10-245-02",-0.0656238593587775,0.00909728829031741,-0.0235425486243281,-0.214928632432397,0.953840238428864,7.41800049411511e-08,0.205393128667567,0.71167605715218,1.12710016609536,0.00140476275752088,0.0183096053412838,0.57767305626322,-0.0582236267306391,6.47603180082326,-1.28580317191465,-0.372059299117569,0.0010589825703856
"Bcell","cg06287395","LM23","CpG ~ as.numeric(LM) +Age + Gender",47,17.8692703418417,0.0851063829787234,0.560905262886838,"116769,117072","10-129-09,10-245-02",-4.88228462809637,-0.00559350334978025,0.0145903934258176,-0.323169383012753,2.3434123273892e-06,1.00017877043987e-05,0.322249152086782,0.485844586613971,0.896923099362773,0.00111788127111182,0.0145704068412177,0.459700320901324,-5.44337037541461,-5.00366496364776,1.00137172453849,-0.703000124905552,0.0285048865869591
"Bcell","cg27464877","LM23","CpG ~ as.numeric(LM) +Age + Gender",47,17.334936875913,0.0851063829787234,0.560905262886838,"116769,117072","10-129-09,10-245-02",-4.75855849524143,-0.00569257356891032,0.00578353372684626,-0.190290979452884,3.3495285272471e-06,6.79719404691114e-06,0.691721802585073,0.679257179317549,0.891839094420935,0.0011115448149421,0.0144878177982575,0.457094614007515,-5.33566932085561,-5.12131719062253,0.399199783389179,-0.416305451041162,0.0224798638571184
"Bcell","cg03816625","LM23","CpG ~ as.numeric(LM) +Age + Gender",47,13.2327274243445,0.0851063829787234,0.560905262886838,"116769,117072","10-129-09,10-245-02",6.34186915728756,0.00560572780228929,-0.029749281307537,0.37845184792421,3.10329335114185e-09,4.18810200643571e-06,0.0376444880051646,0.391902548870963,0.853755798623312,0.00106407964970707,0.0138691592822486,0.437575768622013,7.42820039115854,5.26814680069532,-2.14499528789849,0.864883010126471,0.0164634530568505
"Bcell","cg13619824","LM23","CpG ~ as.numeric(LM) +Age + Gender",47,10.9435179483518,0.0851063829787234,0.560905262886838,"116769,117072","10-129-09,10-245-02",-3.256265066821,-0.00712492402746415,0.0207384949463316,-0.209926880092015,0.000324715797071918,2.04658803836594e-08,0.132808361686776,0.625518649096488,0.833215165313394,0.00103847880467337,0.0135354791882535,0.427048070393709,-3.90807225117684,-6.86092387769547,1.53215816432484,-0.491576697439417,0.000634429334119253
"Bcell","cg10693037","LM23","CpG ~ as.numeric(LM) +Age + Gender",47,6.84739501870343,0.0851063829787234,0.560905262886838,"116769,117072","10-129-09,10-245-02",4.00562607231221,0.00513819141903988,-0.0177080895686853,-0.218132430009233,9.43241059725407e-06,5.82531485770387e-06,0.178872555649807,0.596406138942504,0.797686876144183,0.00099419807527179,0.0129583264446843,0.408838743480661,5.02155192984294,5.1681767917678,-1.36654140056407,-0.533541484234484,0.0203290114086488
"Bcell","cg17901038","LM23","CpG ~ as.numeric(LM) +Age + Gender",47,1.64536299199002,0.0851063829787234,0.560905262886838,"116769,117072","10-129-09,10-245-02",5.40376087385197,0.00633166977181326,-0.00839249600908553,-0.1769751491343,7.55994893855859e-09,3.15938911587204e-08,0.49732954649248,0.649612496937877,0.754741546721712,0.000940673108106583,0.0122606847828071,0.386827958240824,7.15975011223868,6.73099902319717,-0.684504671456376,-0.457503511222739,0.000771787985111034
"Bcell","cg07267515","LM23","CpG ~ as.numeric(LM) +Age + Gender",47,7.42910856963594,0.0851063829787234,0.560905262886838,"116769,117072","10-129-09,10-245-02",-6.84037795682894,-0.00523754772542051,0.0275110693291237,-0.655331367524149,8.74204974374446e-11,4.6634048889728e-06,0.0407204454215739,0.118480991617036,0.802638621126642,0.00100036968906917,0.013038766940664,0.411376663129597,-8.52236333610173,-5.23561217682834,2.10994409627224,-1.59302028106951,0.0177208090390719
"Bcell","cg20955179","LM23","CpG ~ as.numeric(LM) +Age + Gender",47,28.1966677691152,0.0851063829787234,0.560905262886838,"116769,117072","10-129-09,10-245-02",0.804712637802517,0.00844811916323714,0.0119117286270382,0.129315823052213,0.425909099530147,2.76425100554407e-08,0.467856660965398,0.802213975142923,1.00108136280832,0.00124769905818859,0.0162624451835847,0.513084593381833,0.80384339145528,6.77095899671682,0.732468487522522,0.252036067190926,0.000727205333283506
"Bcell","cg04360458","LM23","CpG ~ as.numeric(LM) +Age + Gender",47,3.75902608533846,0.0851063829787234,0.560905262886838,"116769,117072","10-129-09,10-245-02",-4.44427131272019,-0.00637372404747316,0.0147855806821086,-0.0173864261098637,8.22774014815354e-07,4.50355879699573e-08,0.244833417859153,0.965150278496694,0.771904737978041,0.000962064473845287,0.0125394987407439,0.395624614870395,-5.75753858482809,-6.62504875790491,1.17912055240826,-0.0439467754440895,0.000881077021412045
"Bcell","cg10668399","LM23","CpG ~ as.numeric(LM) +Age + Gender",47,67.0740039349546,0.0851063829787234,0.560905262886838,"116769,117072","10-129-09,10-245-02",-6.02810778677629,0.0122558060483812,-0.00328675035405349,-0.330790759649838,0.000259075629365411,6.94957675074551e-08,0.894304683049666,0.671994702387423,1.51387026508017,0.00188681417328703,0.0245926386361455,0.77590447514927,-3.98191834916385,6.49550243044351,-0.133647731041871,-0.426329232842999,0.00105447658208361
"Bcell","cg16900209","LM23","CpG ~ as.numeric(LM) +Age + Gender",47,37.2377133275038,0.0851063829787234,0.560905262886838,"116769,117072","10-129-09,10-245-02",-4.98854759099928,-0.00719451906023516,0.014661596020326,-0.34533556511838,4.69709510632393e-05,4.63499993679642e-06,0.417365892902136,0.544194519517083,1.10214922481855,0.00137366511941816,0.0179042803298835,0.564884941295628,-4.52619979097709,-5.23746214308953,0.818887760367267,-0.611337884713855,0.0177191826079976
"Bcell","cg01686522","LM23","CpG ~ as.numeric(LM) +Age + Gender",47,5.79612212326996,0.0851063829787234,0.560905262886838,"116769,117072","10-129-09,10-245-02",4.38212302278094,0.00567862272545569,-0.00278209634953881,-0.193627194467355,1.61501640147807e-06,7.73563371497337e-07,0.829149311039619,0.634415540401319,0.788815442620464,0.000983141152564454,0.0128142110842958,0.404291864444314,5.55532103710269,5.77599941843895,-0.217110232634481,-0.478929237751271,0.00516205861204937
"Bcell","cg05310764","LM23","CpG ~ as.numeric(LM) +Age + Gender",47,15.9725517775218,0.0851063829787234,0.560905262886838,"116769,117072","10-129-09,10-245-02",-6.83176405356968,-0.00561267642990457,0.0361811240262656,0.201080523630367,9.99089658484316e-10,6.75622702046215e-06,0.0150085915112662,0.657596878740903,0.879006480635158,0.00109555087006464,0.014279353545494,0.450517509817071,-7.77214298651489,-5.12315455472497,2.53380686394469,0.446332316166833,0.0224798638571184
"Bcell","cg24080119","LM23","CpG ~ as.numeric(LM) +Age + Gender",47,-90.5786365495132,0.0851063829787234,0.560905262886838,"116769,117072","10-129-09,10-245-02",3.81301233255607,0.00228854022845998,-0.000501530233348802,-0.121774334672258,4.90674884041654e-17,7.09156101665162e-08,0.913621470286962,0.405718104077477,0.282949656705708,0.000352654672539431,0.004596482816324,0.145020290010308,13.4759390661567,6.48946520963536,-0.109111738994794,-0.83970549682119,0.00105447658208361
"Bcell","cg18000566","LM23","CpG ~ as.numeric(LM) +Age + Gender",47,-26.6043476892118,0.0851063829787234,0.560905262886838,"116769,117072","10-129-09,10-245-02",2.4081297094976,0.00375026967241042,0.00365045914717822,-0.0673838708048824,9.35573540477219e-05,2.84946690164449e-06,0.689590947766864,0.815120411835847,0.558830681199482,0.000696499346130554,0.00907813656066627,0.28641769139341,4.30922959406732,5.38445541010954,0.40211546970938,-0.235264345847712,0.0123355766670274
"Bcell","cg26448612","LM23","CpG ~ as.numeric(LM) +Age + Gender",47,45.3001258349678,0.0851063829787234,0.560905262886838,"116769,117072","10-129-09,10-245-02",-3.38852226130585,-0.00721327636541328,0.0389307305018909,-0.506688914289062,0.00720198119546391,1.8241099275733e-05,0.0523307238993025,0.4149083201945,1.20085338727924,0.00149668518064078,0.0195077174640098,0.615473821423383,-2.82176183804018,-4.81950142803248,1.99565790173633,-0.823250147532289,0.0438390791516814
"Bcell","cg08199653","LM23","CpG ~ as.numeric(LM) +Age + Gender",47,-90.105348316774,0.0851063829787234,0.560905262886838,"116769,117072","10-129-09,10-245-02",2.87441439322807,-0.00183652507778632,-0.0018529327654114,0.112362988044766,6.22946232256288e-13,5.57392681723854e-06,0.690336370724702,0.444971425413002,0.284377895467966,0.000354434759777834,0.00461968438159452,0.145752305740308,10.1077279178046,-5.18156029317635,-0.401095099222309,0.770917396291265,0.019652258110088
"Bcell","cg14480149","LM23","CpG ~ as.numeric(LM) +Age + Gender",47,25.5567927726321,0.0851063829787234,0.560905262886838,"116769,117072","10-129-09,10-245-02",-3.49182991218886,-0.00659423260363576,0.0104330617439653,0.345172071678486,0.000849020196957448,2.40431319871615e-06,0.512890992436079,0.492719475562265,0.973358323390137,0.00121314641196295,0.0158120877744767,0.498875693950037,-3.58740437953729,-5.43564448496027,0.659815572286789,0.691899957974412,0.0109614567252395
"Bcell","cg23988749","LM23","CpG ~ as.numeric(LM) +Age + Gender",47,48.6168977573735,0.0851063829787234,0.560905262886838,"116769,117072","10-129-09,10-245-02",-3.92240909290672,-0.00759718090364086,-0.0156293054363628,1.20162723342138,0.00294319369645126,1.40347971922601e-05,0.443511525050282,0.0662444214690922,1.24398168033968,0.00155043818477406,0.0202083313479697,0.63757838108284,-3.15310840577304,-4.90002179915865,-0.773409004793121,1.88467374220026,0.0369220427135383
"Bcell","cg18695435","LM23","CpG ~ as.numeric(LM) +Age + Gender",47,-90.0208517568806,0.0851063829787234,0.560905262886838,"116769,117072","10-129-09,10-245-02",2.56567513597785,0.00199449713389187,-0.00220120093512582,0.252691416534449,1.82825963441975e-11,1.2924426415577e-06,0.636445247650094,0.0904161187044587,0.284633637562877,0.000354753504270354,0.00462383888087315,0.145883381328819,9.01395617870735,5.62220558749403,-0.476054852220575,1.73214669301423,0.00724610085747753
"Bcell","cg14625021","LM23","CpG ~ as.numeric(LM) +Age + Gender",47,-51.3154042461212,0.0851063829787234,0.560905262886838,"116769,117072","10-129-09,10-245-02",3.17650664445828,0.00272749063676003,0.00217405566430387,-0.138265958982634,3.48320569683297e-09,7.44969756653655e-06,0.756934075756839,0.533395942219048,0.429646574514981,0.000535490566793157,0.0069795564336189,0.220206914415532,7.393301454909,5.09344292112165,0.311489087448587,-0.627891087569235,0.0235905365139961
"Bcell","cg02817770","LM23","CpG ~ as.numeric(LM) +Age + Gender",47,9.25369265754624,0.0851063829787234,0.560905262886838,"116769,117072","10-129-09,10-245-02",4.12267824830799,0.00604441903777828,-0.0109593882999003,0.0465685142161721,8.94690698156432e-06,4.68375629957681e-07,0.41428127238526,0.912112713848446,0.818370399888095,0.00101997701198369,0.0132943277764293,0.419439677394841,5.03766784437919,5.92603457407618,-0.824365735838944,0.111025534125458,0.00379088403152459
"Bcell","cg27470654","LM23","CpG ~ as.numeric(LM) +Age + Gender",47,24.9590672103682,0.0851063829787234,0.560905262886838,"116769,117072","10-129-09,10-245-02",4.39195762718849,0.00655326101500356,-0.029279821186309,-0.20622837541577,4.48052594250035e-05,2.39884450409574e-06,0.0692232372368326,0.679462051771954,0.967188586239443,0.001205456752043,0.0157118611436175,0.495713516334067,4.54095270526817,5.43633025730464,-1.86354887677984,-0.416023305034898,0.0109614567252395
"Bcell","cg08078339","LM23","CpG ~ as.numeric(LM) +Age + Gender",47,32.0619935535331,0.0851063829787234,0.560905262886838,"116769,117072","10-129-09,10-245-02",3.26771598514177,0.00638229559159877,-0.0209073791953177,0.032265138462475,0.0031145557744853,1.36218518857063e-05,0.223967735607542,0.952155525831954,1.04310439868395,0.00130007452359248,0.016945104298782,0.534622675176136,3.13268354468117,4.90917672470239,-1.23383006835907,0.0603512345447096,0.036172523902712
"Bcell","cg26289317","LM23","CpG ~ as.numeric(LM) +Age + Gender",47,20.4447489941959,0.0851063829787234,0.560905262886838,"116769,117072","10-129-09,10-245-02",3.88657657840749,0.00606384329259558,-0.017780824635583,0.150170026263428,0.00012534349806317,4.05650643825734e-06,0.241604957382087,0.752144302318157,0.921837385502591,0.00114893322403689,0.0149751363943685,0.47246964899828,4.21611950169335,5.27780306612567,-1.18735643985651,0.31784057786953,0.0160400592130067
"Bcell","cg23866166","LM23","CpG ~ as.numeric(LM) +Age + Gender",47,-74.2394576764355,0.0851063829787234,0.560905262886838,"116769,117072","10-129-09,10-245-02",-4.30334141083732,-0.00243931687282275,0.00715047884379035,-0.0829601113427524,3.05397622288049e-16,6.82707330327507e-07,0.198013045257452,0.633106532177715,0.336665562736274,0.00041960356186454,0.00546909118739397,0.172551322779227,-12.7822441234013,-5.81338457181693,1.30743456248671,-0.480785136888791,0.00480162887542113
"Bcell","cg26754728","LM23","CpG ~ as.numeric(LM) +Age + Gender",47,-95.0678941761275,0.0851063829787234,0.560905262886838,"116769,117072","10-129-09,10-245-02",2.53398553613135,0.001767815179407,0.00295897816549827,0.401344054989634,5.56347557112776e-12,4.32960894403502e-06,0.503139315393973,0.00581240933579145,0.269754134307462,0.000336208416040946,0.00438212315721673,0.138257184137303,9.39368563390823,5.25809317989142,0.67523847672452,2.90288029149401,0.0168263117595184
"Bcell","cg23981905","LM23","CpG ~ as.numeric(LM) +Age + Gender",47,-98.5421390372946,0.0851063829787234,0.560905262886838,"116769,117072","10-129-09,10-245-02",-4.16898819567754,-0.00196931359240215,0.00315423142823543,-0.168271244752156,9.34725288234091e-20,2.81612556074074e-07,0.459190606585655,0.213425702438439,0.259966006632653,0.000324008970386471,0.00422311621165243,0.133240471515753,-16.0366666768419,-6.07796009491092,0.746896668278338,-1.26291390924912,0.00271298000411107
"Bcell","cg02951717","LM23","CpG ~ as.numeric(LM) +Age + Gender",47,19.3492772719606,0.0851063829787234,0.560905262886838,"116769,117072","10-129-09,10-245-02",-3.11713266326796,-0.00635581277931182,0.00172124932794167,0.0284193866714983,0.00137858630395193,1.40676909922089e-06,0.907965850423063,0.95175601938446,0.911156691605973,0.00113562132731131,0.0148016298189098,0.46699546908786,-3.42107201975745,-5.59677123567219,0.116287824313961,0.0608558081452211,0.00775986314533542
"Bcell","cg26436739","LM23","CpG ~ as.numeric(LM) +Age + Gender",47,-61.93814781797,0.0851063829787234,0.560905262886838,"116769,117072","10-129-09,10-245-02",3.80347282063174,0.00240124290212137,-0.00843293642147896,-0.00173561364222444,1.12917271587232e-12,9.45925043593429e-06,0.183194138058709,0.992999801284315,0.383736086150176,0.000478269969924736,0.00623374612476472,0.196676395189266,9.91168919970492,5.02068507980806,-1.35278791479453,-0.00882471758013573,0.027649914538149
"Bcell","cg15192310","LM23","CpG ~ as.numeric(LM) +Age + Gender",47,24.937825834287,0.0851063829787234,0.560905262886838,"116769,117072","10-129-09,10-245-02",4.15402541544045,0.0059674391066837,-0.0193123117923935,0.580617377461982,9.75641341180549e-05,1.186440830868e-05,0.225594632270454,0.24783227650715,0.966970053309184,0.00120518438324123,0.0157083111027005,0.495601511572189,4.29591940435432,4.95147397333081,-1.229432729345,1.1715407719805,0.0325911484381348
"Bcell","cg16916455","LM23","CpG ~ as.numeric(LM) +Age + Gender",47,0.629623730322996,0.0851063829787234,0.560905262886838,"116769,117072","10-129-09,10-245-02",-4.15756815625162,-0.00637295698786725,0.0105278391733545,-0.0550105292984819,1.54596040568184e-06,2.13333060691128e-08,0.390215486231634,0.886366090967287,0.746629913213176,0.000930563163136097,0.0121289122814073,0.382670499781389,-5.56844573553078,-6.84849480436095,0.867995326299195,-0.143754298619591,0.000634429334119253
"Bcell","cg18848276","LM23","CpG ~ as.numeric(LM) +Age + Gender",47,6.83746011230834,0.0851063829787234,0.560905262886838,"116769,117072","10-129-09,10-245-02",-4.72732072607367,-0.00674464724245787,0.0170162281812903,0.0588915400885852,4.67001351956217e-07,2.63993974149518e-08,0.196050618845088,0.886125271552325,0.797602572679649,0.000994093003539153,0.0129569569451394,0.408795535395456,-5.92691258528871,-6.78472458657861,1.31328893453441,0.144061113660685,0.000727205333283506
"Bcell","cg04774139","LM23","CpG ~ as.numeric(LM) +Age + Gender",47,8.13154493788114,0.0851063829787234,0.560905262886838,"116769,117072","10-129-09,10-245-02",2.59223456084777,0.00527451010488622,-0.00715949469607873,0.192851815383294,0.00254275670176413,4.69903551580228e-06,0.58856587801287,0.644060316474556,0.808658986940713,0.00100787317982949,0.0131365670522971,0.414462283400319,3.20559667636245,5.23330733513371,-0.545004997696625,0.465306067903466,0.0177575513681281
"Bcell","cg23571452","LM23","CpG ~ as.numeric(LM) +Age + Gender",47,20.4026640682646,0.0851063829787234,0.560905262886838,"116769,117072","10-129-09,10-245-02",3.6973453466312,0.00598408448985005,-0.00714657012293309,0.632857181567106,0.000235736500654957,5.06287608852117e-06,0.635464842255654,0.187262423811093,0.92142476023887,0.00114841894800294,0.0149684333470619,0.472258166022449,4.01263945378752,5.21071556704647,-0.477442759521381,1.34006614834697,0.01842011664983
"Bcell","cg13320224","LM23","CpG ~ as.numeric(LM) +Age + Gender",47,-59.4174632151096,0.0851063829787234,0.560905262886838,"116769,117072","10-129-09,10-245-02",2.69731759888625,0.00237461562206505,0.000473653334889468,0.341630927363375,2.17205096433996e-08,1.74217709116312e-05,0.941375959044943,0.0980623007169596,0.394165485195021,0.000491268664985066,0.00640317044586957,0.202021778858311,6.84310955727568,4.83363949568661,0.0739716893207182,1.69105989113668,0.0428153549367777
"Bcell","cg09279616","LM23","CpG ~ as.numeric(LM) +Age + Gender",47,-97.0871381265891,0.0851063829787234,0.560905262886838,"116769,117072","10-129-09,10-245-02",2.45377998261097,-0.00168425416184725,-0.000535718592878594,0.120058934780093,7.59344131149919e-12,6.864327908669e-06,0.901180532933852,0.379891053727357,0.264021255150699,0.00032906323464976,0.00428899323142386,0.135318909507154,9.29387287856955,-5.11832980563718,-0.124905441434037,0.887229546981727,0.0225729133071637
"Bcell","cg22718773","LM23","CpG ~ as.numeric(LM) +Age + Gender",47,49.9530490559053,0.0851063829787234,0.560905262886838,"116769,117072","10-129-09,10-245-02",2.4563199017915,0.0080403233188404,0.00111012822760643,0.982136170506357,0.0581230834022166,6.99384373050752e-06,0.957059451519852,0.136163263620383,1.26179037295095,0.00157263407196581,0.0204976313970383,0.646705876755603,1.94669412166055,5.1126472853217,0.0541588540696868,1.51867519038723,0.0227797816307071
"Bcell","cg27041026","LM23","CpG ~ as.numeric(LM) +Age + Gender",47,-38.6479041777952,0.0851063829787234,0.560905262886838,"116769,117072","10-129-09,10-245-02",3.0572327455256,-0.002963806060585,-0.0069101430804821,0.334673714213385,1.75792404006512e-07,1.72348765917721e-05,0.391712237645212,0.191117626025839,0.491628618012733,0.00061274196729851,0.00798644720413638,0.251974593613759,6.21858173733575,-4.83695620466798,-0.865233676985076,1.3282042027078,0.0427122080231491
"Bcell","cg01561389","LM23","CpG ~ as.numeric(LM) +Age + Gender",47,22.1713931084105,0.0851063829787234,0.560905262886838,"116769,117072","10-129-09,10-245-02",2.59102352379592,0.00679513281847924,-0.00978108667944252,-0.285498658546759,0.00847020194407692,6.98245518388919e-07,0.524752638875352,0.556107958308466,0.938926677974812,0.00117023248592994,0.0152527498755306,0.481228430257273,2.75955895659983,5.80665201161238,-0.641267099982669,-0.593270556342913,0.00480162887542113
"Bcell","cg23014794","LM23","CpG ~ as.numeric(LM) +Age + Gender",47,-57.9590035733805,0.0851063829787234,0.560905262886838,"116769,117072","10-129-09,10-245-02",2.6636685084376,0.00254287285022093,-0.00124010007681182,0.196834450655635,4.09174757445902e-08,7.3765663009764e-06,0.849667505500766,0.342759642382114,0.400328861232262,0.00049895039672299,0.00650329374121319,0.205180696210499,6.65370091039277,5.09644418948664,-0.19068799998268,0.959322462058995,0.0234676021722621
"Bcell","cg19807968","LM23","CpG ~ as.numeric(LM) +Age + Gender",47,-56.6873293076783,0.0851063829787234,0.560905262886838,"116769,117072","10-129-09,10-245-02",1.81750948988522,0.0026017197145801,-0.0105683743171961,0.227760105898806,5.4606379703618e-05,6.3016090379394e-06,0.116202104838659,0.279555793390696,0.40578148971288,0.000505746287319568,0.00659187102880123,0.207975333860122,4.47903498794695,5.14431797091203,-1.60324349050834,1.09513037758598,0.0211662336185603
"Bcell","cg27195001","LM23","CpG ~ as.numeric(LM) +Age + Gender",47,33.8454357700513,0.0851063829787234,0.560905262886838,"116769,117072","10-129-09,10-245-02",1.53146372036243,0.00751836704718786,-0.00817134709483074,0.333379621386034,0.156943950042322,1.08618199833083e-06,0.638491024304102,0.543852356415463,1.06308393333164,0.00132497604257894,0.01726966941314,0.544862793303906,1.44058589575606,5.67434187908337,-0.473161755407628,0.611859766317511,0.0064603743995504
"Bcell","cg01709181","LM23","CpG ~ as.numeric(LM) +Age + Gender",47,-106.359890123256,0.0851063829787234,0.560905262886838,"116769,117072","10-129-09,10-245-02",3.08597580727114,0.00143681703607748,0.0044499923865709,0.312033343595735,2.22879018090807e-16,1.82664165063037e-05,0.258499173904012,0.0145988941381345,0.239219924258576,0.000298152063644521,0.00388609862255646,0.122607474404201,12.9001621283663,4.8190745974194,1.14510536627696,2.54497815171572,0.0438390791516814
"Bcell","cg00238692","LM23","CpG ~ as.numeric(LM) +Age + Gender",47,-45.9173225315121,0.0851063829787234,0.560905262886838,"116769,117072","10-129-09,10-245-02",3.24804750927154,0.00368936945611047,-0.00469130714152677,-0.0113646880913558,8.12948500232076e-09,6.72754370055701e-08,0.529026928035962,0.961360981763915,0.455041831557073,0.00056714197842766,0.00739209930067568,0.233222754703194,7.13790971295387,6.50519551795276,-0.634638003455656,-0.0487288991411615,0.00105447658208361
"Bcell","cg00666820","LM23","CpG ~ as.numeric(LM) +Age + Gender",47,32.1769402993333,0.0851063829787234,0.560905262886838,"116769,117072","10-129-09,10-245-02",2.41268659799438,0.00670430266808443,0.0127400990012014,0.290026006247272,0.0257436681118157,6.17343733175549e-06,0.45678682761507,0.590736300139245,1.04438072630163,0.00130166527617831,0.0169658380859544,0.535276831832194,2.31016001850035,5.15055812794534,0.750926593585058,0.541824321546936,0.0209039617214559
"Bcell","cg04736840","LM23","CpG ~ as.numeric(LM) +Age + Gender",47,12.6202481967738,0.0851063829787234,0.560905262886838,"116769,117072","10-129-09,10-245-02",-3.50950042039405,-0.00646906114717724,0.00674376466056016,-0.097094499257094,0.00016017768027023,2.45244052189787e-07,0.627031603664624,0.824326714908365,0.848211034562785,0.00105716892581067,0.0137790852633524,0.434733908690255,-4.13753214399414,-6.11923126875543,0.489420344795763,-0.223342364872378,0.00243109718083411
"Bcell","cg17200325","LM23","CpG ~ as.numeric(LM) +Age + Gender",47,-56.6830388901036,0.0851063829787234,0.560905262886838,"116769,117072","10-129-09,10-245-02",4.60104243859466,0.00244711903610232,-0.0152796260896691,-0.0693563755239904,1.66753206001655e-14,1.71536409542208e-05,0.0252826913848601,0.740401393752097,0.405800011114656,0.000505769371492754,0.00659217190672414,0.207984826640881,11.3382018545452,4.83840891527253,-2.31784399828584,-0.333468439232566,0.0426654714344809
"Bcell","cg07255161","LM23","CpG ~ as.numeric(LM) +Age + Gender",47,-2.3870083031237,0.0851063829787234,0.560905262886838,"116769,117072","10-129-09,10-245-02",3.03993158532549,0.0050482608136777,-0.00695905936008024,-0.154716624057571,0.0001300574515506,1.38305933879163e-06,0.556639209840191,0.678395070576922,0.723049584528651,0.000901173789819902,0.0117458527051435,0.370584865382034,4.20431966267873,5.60187265842096,-0.592469489850906,-0.417493099449905,0.00769110302794131
"Bcell","cg15635622","LM23","CpG ~ as.numeric(LM) +Age + Gender",47,17.3087920560392,0.0851063829787234,0.560905262886838,"116769,117072","10-129-09,10-245-02",2.73961478689668,0.00725357455507513,-0.0102414732818201,-0.30183989407513,0.00367356877135635,6.24354774527397e-08,0.483319561814275,0.512438205690886,0.891591076015281,0.00111123569687973,0.014483788769373,0.456967497044255,3.07272567054016,6.52748519098392,-0.707099050179221,-0.660528147029019,0.00101679891429254
"Bcell","cg07381989","LM23","CpG ~ as.numeric(LM) +Age + Gender",47,55.3952511085875,0.0851063829787234,0.560905262886838,"116769,117072","10-129-09,10-245-02",-4.86249758781403,-0.0079448958777293,0.0218057373387474,-1.17094253793476,0.000733632396335228,2.15746023712684e-05,0.32100673023484,0.0947022603252835,1.33699881235398,0.00166637020820527,0.0217193833630359,0.685252485436572,-3.63687502403454,-4.76778559686696,1.00397589444728,-1.70877532416209,0.0496865998280664
"Bcell","cg09827353","LM23","CpG ~ as.numeric(LM) +Age + Gender",47,22.4959581767294,0.0851063829787234,0.560905262886838,"116769,117072","10-129-09,10-245-02",2.55957294291045,0.00665875700699909,0.00129603720989815,-0.211210392034956,0.00946190491268408,1.10018752043846e-06,0.932910537495677,0.664020724915292,0.94217422604321,0.0011742800716876,0.0153055058995717,0.482892897244739,2.71666627271235,5.67050158437038,0.0846778419741371,-0.437385584339855,0.00648726519864056
"Bcell","cg16122750","LM23","CpG ~ as.numeric(LM) +Age + Gender",47,32.7091060151948,0.0851063829787234,0.560905262886838,"116769,117072","10-129-09,10-245-02",3.07631127178772,0.00656627362469623,-0.0191683939464529,0.457088947621717,0.00542176841994114,9.60437239977202e-06,0.26748189183093,0.400523113649437,1.05031008618694,0.001309055341581,0.0170621598173251,0.538315808801295,2.92895527925091,5.01603974723166,-1.12344475445536,0.849109277766799,0.0279082331620137
"Bcell","cg04438345","LM23","CpG ~ as.numeric(LM) +Age + Gender",47,17.0294655037484,0.0851063829787234,0.560905262886838,"116769,117072","10-129-09,10-245-02",2.74866928060375,0.00690965405890527,-0.00633089368964385,0.119942283753245,0.00348377391528882,1.6554795625462e-07,0.663289016027098,0.793611021387853,0.88894559302052,0.00110793849570943,0.014440813219348,0.455611606686994,3.09205569180464,6.23649605611086,-0.438402851243974,0.263255549228459,0.00185260100471587
"Bcell","cg15885788","LM23","CpG ~ as.numeric(LM) +Age + Gender",47,-117.752804612487,0.0851063829787234,0.560905262886838,"116769,117072","10-129-09,10-245-02",3.30741955821097,0.00132779746698572,-0.00554036336042861,0.034946468780549,2.53969467369804e-19,9.25765315610194e-06,0.114849090467481,0.749198343335563,0.211914331442278,0.000264119702533929,0.00344252258280818,0.108612529030433,15.6073425317714,5.02725640778409,-1.60939056379672,0.321753568326884,0.0272939158211549
"Bcell","cg08179308","LM23","CpG ~ as.numeric(LM) +Age + Gender",47,21.1846794589042,0.0851063829787234,0.560905262886838,"116769,117072","10-129-09,10-245-02",3.15532771202607,0.00640533585443278,-0.00398306517694409,-0.128794351074955,0.00148163415352089,1.74934247941109e-06,0.793122924905219,0.788099741714213,0.929122355873823,0.00115801285633134,0.0150934798534794,0.476203417500609,3.39603034205171,5.53131670292964,-0.263893099246156,-0.270460787011866,0.0089717283699709
"Bcell","cg26397667","LM23","CpG ~ as.numeric(LM) +Age + Gender",47,28.2754486282863,0.0851063829787234,0.560905262886838,"116769,117072","10-129-09,10-245-02",1.3134767861058,0.0075660288327444,-0.00864372874308921,0.200397331481537,0.196829919208048,3.00175101603846e-07,0.598103288560314,0.69828085111825,1.00192071501777,0.0012487451859062,0.0162760803583097,0.513514786873679,1.31095880783591,6.05890530601231,-0.531069431509422,0.39024646729566,0.00278598865184611
"Bcell","cg03323946","LM23","CpG ~ as.numeric(LM) +Age + Gender",47,29.1050585086615,0.0851063829787234,0.560905262886838,"116769,117072","10-129-09,10-245-02",3.10406038141514,0.00742662252637413,-0.00481187011843355,0.491534639554168,0.00369211705323103,5.19612530983525e-07,0.770898972861055,0.348031629246675,1.01080243936313,0.00125981493459247,0.0164203628918461,0.518066940268567,3.07088730748503,5.89501070550219,-0.293042860875077,0.948785960554354,0.00403877696738723
"Bcell","cg25534638","LM23","CpG ~ as.numeric(LM) +Age + Gender",47,-85.5151683894535,0.0851063829787234,0.560905262886838,"116769,117072","10-129-09,10-245-02",3.5509864370732,-0.00221312110222853,-0.000670946810684874,0.1727174740833,3.48705026566794e-15,4.37364904720393e-07,0.890637392220948,0.265352888320979,0.298609193369087,0.00037217195642109,0.00485087008797807,0.153046278006866,11.8917518814771,-5.94650151373717,-0.138314734989025,1.12853103213364,0.00373944260005282
"Bcell","cg07256142","LM23","CpG ~ as.numeric(LM) +Age + Gender",47,-81.0790359155308,0.0851063829787234,0.560905262886838,"116769,117072","10-129-09,10-245-02",4.06091027037577,0.00196657929492079,-0.00538704214525264,0.112131012506013,1.83860802932621e-16,8.86465369235515e-06,0.295359775429168,0.4883853763088,0.313039246710786,0.000390156872166141,0.00508528455236014,0.160442118471355,12.9725276081041,5.04048354704709,-1.05933937221909,0.698887633586267,0.0263625165317498
"Bcell","cg03299479","LM23","CpG ~ as.numeric(LM) +Age + Gender",47,26.198780960147,0.0851063829787234,0.560905262886838,"116769,117072","10-129-09,10-245-02",0.0631703838581916,0.00859090297791473,0.0336051162557339,-0.485453637136828,0.948904532864363,1.15159003245482e-08,0.0406414541827719,0.339212526880567,0.98002878389021,0.00122146014908046,0.0159204485953469,0.50229450748558,0.0644576821585155,7.03330598577624,2.11081465792087,-0.966472119249212,0.00049128920421168
"Bcell","cg22396454","LM23","CpG ~ as.numeric(LM) +Age + Gender",47,22.8365418300966,0.0851063829787234,0.560905262886838,"116769,117072","10-129-09,10-245-02",-2.96187372914078,-0.00673406075645298,-0.00255721856817833,-0.241147446890821,0.00311796020836687,9.51884609817847e-07,0.868564229715009,0.621318875256237,0.9455941321111,0.00117854247606203,0.0153610618583861,0.484645702940097,-3.13228860941449,-5.71388888668153,-0.166474075278999,-0.497574713709216,0.0058656244476789
"Bcell","cg05237061","LM23","CpG ~ as.numeric(LM) +Age + Gender",47,22.2805290500332,0.0851063829787234,0.560905262886838,"116769,117072","10-129-09,10-245-02",3.65988183940656,0.00747796574809937,-0.0228096259847847,0.372918629062076,0.000339533517141571,1.01403174932677e-07,0.142554164143055,0.443147291451157,0.940017424308986,0.00117159193904177,0.0152704689172865,0.481787470870898,3.89341914815778,6.38273915934883,-1.49370828809086,0.774031396848021,0.0013338320122707
"Bcell","cg00494000","LM23","CpG ~ as.numeric(LM) +Age + Gender",47,-152.492154439544,0.0851063829787234,0.560905262886838,"116769,117072","10-129-09,10-245-02",3.33539039724124,0.000910846196274686,-0.00018535833952198,0.123095088593481,1.26834351735762e-25,1.04418943035327e-05,0.938254922412595,0.108287308093381,0.146439817891537,0.000182515457436963,0.00237889706034936,0.0750548528912883,22.7765265299063,4.99051537368703,-0.0779177639131465,1.64006834803575,0.0296356991458293
"Bcell","cg09407810","LM23","CpG ~ as.numeric(LM) +Age + Gender",47,27.1495023291066,0.0851063829787234,0.560905262886838,"116769,117072","10-129-09,10-245-02",-3.72125804794037,-0.00736630820048029,0.0258537755361893,-1.05123968139975,0.000509908169387269,4.04208421288199e-07,0.115243342212319,0.0443148904873821,0.989991146011999,0.00123387675206448,0.0160822859583461,0.507400520551333,-3.75888013032317,-5.97005186146449,1.60759332368245,-2.07181435339776,0.00349970302682306
"Bcell","cg11999776","LM23","CpG ~ as.numeric(LM) +Age + Gender",47,-68.8038681223471,0.0851063829787234,0.560905262886838,"116769,117072","10-129-09,10-245-02",3.60019697932503,0.00222739819897375,0.00269684152370352,0.198738256116701,6.51576351143772e-13,9.79349525485079e-06,0.643993126801801,0.283070328315166,0.356707266261315,0.000444582565112128,0.0057946662276158,0.182823304344219,10.0928613455483,5.01008895481984,0.465400666366444,1.08705100167382,0.0281458058270658
"Bcell","cg00604449","LM23","CpG ~ as.numeric(LM) +Age + Gender",47,-100.29118402453,0.0851063829787234,0.560905262886838,"116769,117072","10-129-09,10-245-02",3.36105245828739,0.0021350818597993,-0.00285259680825104,-0.0039906847162077,1.08636977243901e-16,3.35165540709951e-08,0.49504911495385,0.975798712033155,0.255173579417007,0.000318035922494914,0.00414526381344962,0.130784207059532,13.171631898437,6.71333553470974,-0.688158085136966,-0.0305135062247323,0.000790522600061734
"Bcell","cg04870555","LM23","CpG ~ as.numeric(LM) +Age + Gender",47,9.01865684894786,0.0851063829787234,0.560905262886838,"116769,117072","10-129-09,10-245-02",4.61628983581041,0.00594574536064419,-0.018229587211614,0.192838015259393,1.15875079606563e-06,6.16516239231393e-07,0.176357610294431,0.647191342112512,0.816326718192404,0.00101742986664498,0.0132611284154347,0.418392228475311,5.65495374944028,5.84388718629871,-1.37466334994513,0.46090247890628,0.00458363070709866
"Bcell","cg10633226","LM23","CpG ~ as.numeric(LM) +Age + Gender",47,-114.2597409327,0.0851063829787234,0.560905262886838,"116769,117072","10-129-09,10-245-02",2.53084242291531,0.00143126602059647,-0.0016515893983962,0.137154056354983,1.03009292887693e-14,4.88859531593559e-06,0.646225064640826,0.230347523607243,0.219937265296741,0.00027411909657523,0.00357285416909775,0.112724526224046,11.5071105367282,5.22132911744684,-0.462260512248467,1.21671885391101,0.0180278725096229
"Bcell","cg22424581","LM23","CpG ~ as.numeric(LM) +Age + Gender",47,-108.468185451749,0.0851063829787234,0.560905262886838,"116769,117072","10-129-09,10-245-02",3.02992864665727,0.00147589004180266,-0.00560019356613498,0.0247679993982773,1.93567106479026e-16,8.24934545010649e-06,0.147827036712176,0.83730323568905,0.233914260547118,0.000291539342779075,0.00379990875979838,0.119888160660933,12.9531591599861,5.06240436619585,-1.4737705350673,0.206592538093282,0.0251897814336857
"Bcell","cg01291285","LM23","CpG ~ as.numeric(LM) +Age + Gender",47,14.9503368555932,0.0851063829787234,0.560905262886838,"116769,117072","10-129-09,10-245-02",3.17058135939511,0.00651307065198467,-0.0068715498918543,-0.0575129171472252,0.000713123382188901,3.53575094394783e-07,0.62909413004817,0.897915504238045,0.869499399845985,0.00108370170756151,0.014124912172461,0.445644842257586,3.64644456333922,6.0100215830056,-0.486484433174148,-0.12905549822112,0.00310055893193025
"Bcell","cg02504447","LM23","CpG ~ as.numeric(LM) +Age + Gender",47,10.3362729439526,0.0851063829787234,0.560905262886838,"116769,117072","10-129-09,10-245-02",4.4575948517055,0.00600401831819526,-0.0224576732496112,-0.0484653602048159,2.84862254597053e-06,6.69963846587479e-07,0.102199443977026,0.909591313935974,0.827849899596326,0.00103179179877073,0.0134483210981514,0.424298208812923,5.38454477542258,5.81902116817405,-1.66992393219241,-0.114224757960703,0.00480162887542113
"Bcell","cg03878793","LM23","CpG ~ as.numeric(LM) +Age + Gender",47,4.25467437687921,0.0851063829787234,0.560905262886838,"116769,117072","10-129-09,10-245-02",3.45022902780177,0.00633708159415692,-0.00352503824814172,0.294995563904862,6.06168547397656e-05,5.74523128694475e-08,0.781097233188294,0.462286862296855,0.775985628606422,0.000967150697186133,0.0126057923134842,0.397716195221891,4.44625377147508,6.55232076303545,-0.27963638940577,0.741723790604705,0.00098947449001691
"Bcell","cg04758306","LM23","CpG ~ as.numeric(LM) +Age + Gender",47,-51.674374722817,0.0851063829787234,0.560905262886838,"116769,117072","10-129-09,10-245-02",3.01587022382542,0.00294868146764071,0.00130941704226177,0.176751990230005,1.10288231873196e-08,1.77126648003202e-06,0.851507631925671,0.424829535079087,0.428008954090569,0.000533449516447882,0.00695295348867065,0.219367584226409,7.04627834301627,5.52757360673096,0.188325298651195,0.805734315091786,0.0089717283699709
"Bcell","cg12943363","LM23","CpG ~ as.numeric(LM) +Age + Gender",47,-70.4997553932081,0.0851063829787234,0.560905262886838,"116769,117072","10-129-09,10-245-02",-4.22919096014331,-0.00318899913218657,-0.00122423987752233,-0.0723244074015734,2.11256271085453e-15,4.68871235191468e-09,0.830693674964358,0.68909163496686,0.35032948907482,0.000436633614223058,0.00569106001163597,0.179554499893367,-12.0720381584551,-7.30360427669098,-0.215116318404523,-0.402799191579854,0.000476681381618029
"Bcell","cg04822171","LM23","CpG ~ as.numeric(LM) +Age + Gender",47,17.2176692654123,0.0851063829787234,0.560905262886838,"116769,117072","10-129-09,10-245-02",2.92191394749206,0.00707770663930247,-0.00894756626620462,0.537289788977693,0.00206044980746166,1.03928555606014e-07,0.539597701046302,0.245704167463538,0.890727194090605,0.00111015899651965,0.0144697551124026,0.45652473132858,3.28036908143936,6.37539907480918,-0.61836335146649,1.17691277625654,0.00134016794815533
"Bcell","cg24859854","LM23","CpG ~ as.numeric(LM) +Age + Gender",47,21.6393777303419,0.0851063829787234,0.560905262886838,"116769,117072","10-129-09,10-245-02",2.68916827721393,0.00740184157142252,-0.0162904524502108,-0.0446186401244039,0.00617104114790763,1.09065647623691e-07,0.288770348886539,0.92614246292531,0.933627608732851,0.00116362798409012,0.0151666671391288,0.478512496379844,2.880343567457,6.36100340712435,-1.07409573248844,-0.0932444616639343,0.00135637013902485
"Bcell","cg22933391","LM23","CpG ~ as.numeric(LM) +Age + Gender",47,-87.4719221948697,0.0851063829787234,0.560905262886838,"116769,117072","10-129-09,10-245-02",3.02182579818352,0.00191000324982752,-0.0040482719002684,0.3653119757549,3.16848718243165e-13,4.59637058727421e-06,0.398879672609346,0.0190155216363385,0.292457437431271,0.000364504707409194,0.00475093555973865,0.149893316308444,10.3325318881441,5.23999611254223,-0.852099938920472,2.43714653029076,0.0177191826079976
"Bcell","cg08795106","LM23","CpG ~ as.numeric(LM) +Age + Gender",47,-99.6760602865794,0.0851063829787234,0.560905262886838,"116769,117072","10-129-09,10-245-02",3.71593998857785,0.00169396613121646,-0.00335930792566063,-0.0238284433205807,3.97571068614896e-18,3.87563050754356e-06,0.425185307037733,0.857211575211443,0.2568488775218,0.000320123932466124,0.0041724788277407,0.131642848203824,14.4674176676612,5.29159478382866,-0.805110838029013,-0.181008263234224,0.015524311921375
"Bcell","cg02707610","LM23","CpG ~ as.numeric(LM) +Age + Gender",47,2.4348296442091,0.0851063829787234,0.560905262886838,"116769,117072","10-129-09,10-245-02",3.07015327495349,0.00738543045539334,-0.0015001572188615,-0.052011889156394,0.000220861781897098,9.56074333404876e-10,0.903993471268389,0.894552162058792,0.761106998007023,0.000948606696592686,0.0123640907660188,0.390090445293079,4.0337998244567,7.78555589152088,-0.121331786319824,-0.133332896983203,0.000217983354559089
"Bcell","cg16764909","LM23","CpG ~ as.numeric(LM) +Age + Gender",47,27.242632129375,0.0851063829787234,0.560905262886838,"116769,117072","10-129-09,10-245-02",-5.12469776286868,-0.0061225661936112,0.0137959882365865,0.777689717940406,5.76409451831849e-06,1.16465626383398e-05,0.396202604914284,0.133050437452519,0.990972458404169,0.00123509981204041,0.0160982272590021,0.507903472947035,-5.1713826347115,-4.95714284297122,0.85698804064726,1.53117621627585,0.0322517838534868
"Bcell","cg17344495","LM23","CpG ~ as.numeric(LM) +Age + Gender",47,1.24618803089522,0.0851063829787234,0.560905262886838,"116769,117072","10-129-09,10-245-02",-4.56139055670616,-0.00643925246974723,0.0220161641725119,0.245871245053007,2.89839365191079e-07,1.95589391302653e-08,0.0783488467717559,0.526654689193328,0.751543300489167,0.000936686969756143,0.012208729661103,0.38518875994114,-6.06936493710639,-6.87449775395469,1.803313267117,0.638313654558814,0.000634429334119253
"Bcell","cg00543286","LM23","CpG ~ as.numeric(LM) +Age + Gender",47,38.1658337788468,0.0851063829787234,0.560905262886838,"116769,117072","10-129-09,10-245-02",1.09641047223553,0.00770531535613862,-0.00270719896727055,0.482760369490714,0.330124899389578,1.62105682726366e-06,0.881686817845878,0.40211454731763,1.11308533009541,0.0013872953484496,0.0180819360322011,0.570490027293252,0.985019245686718,5.55419966249424,-0.149718424091837,0.846220523400243,0.00852919049664775
"Bcell","cg12254248","LM23","CpG ~ as.numeric(LM) +Age + Gender",47,1.04813021370683,0.0851063829787234,0.560905262886838,"116769,117072","10-129-09,10-245-02",4.41331622441347,0.00656265654209845,-0.0218709254552255,0.0298121984836606,5.37806241483775e-07,1.19970890784193e-08,0.0796529894213675,0.938538177088754,0.749961467261613,0.000934715449856208,0.0121830329723938,0.384378022384224,5.88472397192368,7.02102072144845,-1.79519545787852,0.0775595813172178,0.00049128920421168
"Bcell","cg06792742","LM23","CpG ~ as.numeric(LM) +Age + Gender",47,-81.9514426475041,0.0851063829787234,0.560905262886838,"116769,117072","10-129-09,10-245-02",3.46024803159787,0.00201818375218727,-0.00612613263307755,0.48393982042186,2.8089915449112e-14,4.89421906167808e-06,0.230651997634101,0.00396918771337424,0.310147393954573,0.000386552607723313,0.00503830675547559,0.158959956131044,11.1567857703963,5.22098082347395,-1.21591100550194,3.0444133994533,0.0180278725096229
"Bcell","cg08741063","LM23","CpG ~ as.numeric(LM) +Age + Gender",47,-31.5145459268976,0.0851063829787234,0.560905262886838,"116769,117072","10-129-09,10-245-02",3.14573791642269,0.00385763343218511,-0.000532079173090433,0.066845914566118,4.60651289403178e-07,6.3382213371699e-07,0.951044851927276,0.806928594038358,0.530388830450552,0.000661050808468212,0.0086161021487713,0.271840379329979,5.93100332401507,5.83560806940698,-0.0617540465402107,0.245901343762384,0.0046120337271463
"Bcell","cg03047506","LM23","CpG ~ as.numeric(LM) +Age + Gender",47,45.7333199258433,0.0851063829787234,0.560905262886838,"116769,117072","10-129-09,10-245-02",4.41811917817128,0.00800829436369253,-0.0110916752274551,-0.268286743397478,0.000680485019351368,3.45753946365302e-06,0.574359749040516,0.666531419637443,1.20640022874801,0.00150359849371763,0.0195978252301506,0.618316746089935,3.66223337238287,5.32608565195627,-0.565964595418012,-0.433898556191546,0.0142466247315744
"Bcell","cg03037416","LM23","CpG ~ as.numeric(LM) +Age + Gender",47,-130.37978910289,0.0851063829787234,0.560905262886838,"116769,117072","10-129-09,10-245-02",3.05306103819951,0.00119285630636937,0.00117817390835629,0.258549621945949,3.40991445383856e-20,5.87379805364567e-06,0.697401150959595,0.00931578054711667,0.185277087311885,0.000230920338677034,0.0030098037863089,0.0949601326506671,16.4783518701379,5.16566151428394,0.391445420367801,2.72271757345879,0.0203628532450039
"Bcell","cg21290206","LM23","CpG ~ as.numeric(LM) +Age + Gender",47,-88.3889806773136,0.0851063829787234,0.560905262886838,"116769,117072","10-129-09,10-245-02",3.55120323764504,0.00176686385714579,-0.000485274312442903,0.291579934435348,1.25261593732798e-15,1.42748182986205e-05,0.918328017157562,0.0559772971671101,0.289618112502021,0.000360965911091801,0.00470481107102498,0.148438076074307,12.2616752349018,4.89482192875671,-0.103144271920186,1.96432035598053,0.0372668104662784
"Bcell","cg25835285","LM23","CpG ~ as.numeric(LM) +Age + Gender",47,15.1813276761854,0.0851063829787234,0.560905262886838,"116769,117072","10-129-09,10-245-02",5.2785045812007,0.0055633451940929,-0.0243815604369929,0.163965480805892,3.03273091393629e-07,6.80316642435035e-06,0.09227455255881,0.715400048829207,0.871638690877659,0.00108636801572044,0.0141596646955094,0.446741293864709,6.055840150792,5.12105024594589,-1.72190238690647,0.367025576228795,0.0224798638571184
"Bcell","cg07677342","LM23","CpG ~ as.numeric(LM) +Age + Gender",47,-67.2246215901348,0.0851063829787234,0.560905262886838,"116769,117072","10-129-09,10-245-02",4.29024562032761,-0.00226297484682244,-0.0055675057025651,-0.051757527684242,4.17922799858105e-15,9.94805182305897e-06,0.350044259969177,0.78205129363916,0.36275074951775,0.000452114868326804,0.00589284187929307,0.185920773006046,11.8269793405835,-5.00530950286441,-0.944791293675947,-0.278384856341786,0.0284703669736955
"Bcell","cg06060681","LM23","CpG ~ as.numeric(LM) +Age + Gender",47,18.1203433400656,0.0851063829787234,0.560905262886838,"116769,117072","10-129-09,10-245-02",3.32271503881181,0.00664238355213767,-0.00320380229692624,-0.10300963882147,0.000617846613059949,4.6828810187291e-07,0.827455835563068,0.824218535408225,0.899321973660163,0.0011208711112115,0.0146093762628981,0.460929816813622,3.69468903921989,5.9260904181554,-0.219297678372663,-0.223482263598326,0.00379088403152459
"Bcell","cg15431103","LM23","CpG ~ as.numeric(LM) +Age + Gender",47,-82.8423426542671,0.0851063829787234,0.560905262886838,"116769,117072","10-129-09,10-245-02",-0.949658708586891,-0.00184467720488675,0.00451769309845818,-0.0843536056389616,0.00349276836448019,1.83560463481174e-05,0.370399570918179,0.594917340716381,0.307221808266604,0.000382906300197131,0.00499078097121065,0.157460504639005,-3.09111750218848,-4.81756817251912,0.905207646762805,-0.535712786087858,0.043900153573009
"Bcell","cg17440670","LM23","CpG ~ as.numeric(LM) +Age + Gender",47,-105.878013763132,0.0851063829787234,0.560905262886838,"116769,117072","10-129-09,10-245-02",3.59950224804844,0.00143901769177396,-0.00367427776392603,0.207861617379906,1.16178434606324e-18,1.93220802610711e-05,0.352134688662098,0.0989093215567257,0.240449396600127,0.00029968441809603,0.00390607125145759,0.123237616308621,14.9698951169942,4.80177681881628,-0.940658151731088,1.68667346550557,0.045416516454197
"Bcell","cg07899244","LM23","CpG ~ as.numeric(LM) +Age + Gender",47,14.2685140462159,0.0851063829787234,0.560905262886838,"116769,117072","10-129-09,10-245-02",3.48799062460908,0.0061328932162121,-0.0105641077685505,-0.370727852326145,0.000216214292177261,9.95704025238822e-07,0.455344426593804,0.406694266920233,0.863215361194133,0.00107586958781697,0.0140228287275943,0.442424081651839,4.04069573065052,5.7004057793438,-0.753350695053577,-0.837946820032924,0.00602704933401087
"Bcell","cg10859566","LM23","CpG ~ as.numeric(LM) +Age + Gender",47,19.1649417837311,0.0851063829787234,0.560905262886838,"116769,117072","10-129-09,10-245-02",3.80134140417369,0.00592490574449862,-0.0114344721006307,0.19878186646661,0.00014024363964025,4.78896040505385e-06,0.443147644133429,0.671873577609251,0.909371649727829,0.00113339653804549,0.0147726320303461,0.466080580927672,4.1801846421223,5.22756647440969,-0.774030794048203,0.426496778885232,0.0179979394079934
"Bcell","cg20642011","LM23","CpG ~ as.numeric(LM) +Age + Gender",47,-52.545297326089,0.0851063829787234,0.560905262886838,"116769,117072","10-129-09,10-245-02",3.3695999058107,0.0027270540128378,0.000935938396062266,-0.137313317906042,5.65414176820662e-10,5.9903665868291e-06,0.892563515497195,0.530877104777397,0.42406170786419,0.000528529860981241,0.00688883095301327,0.217344500688665,7.9460131469589,5.15969714137796,0.135863167850399,-0.631777282015231,0.0205395734888558
"Bcell","cg08302365","LM23","CpG ~ as.numeric(LM) +Age + Gender",47,25.8140966489551,0.0851063829787234,0.560905262886838,"116769,117072","10-129-09,10-245-02",-0.906699798417297,-0.0079057342475914,0.00145406280022509,0.00446573009671618,0.358090085042766,6.87080534795597e-08,0.927356298478527,0.992918573345307,0.976026322926083,0.00121647167665363,0.0158554291029792,0.500243124718305,-0.928970640565361,-6.49890531717032,0.091707565325487,0.00892711938666004,0.00105447658208361
"Bcell","cg05023903","LM23","CpG ~ as.numeric(LM) +Age + Gender",47,-115.582444261488,0.0851063829787234,0.560905262886838,"116769,117072","10-129-09,10-245-02",3.86696813811201,0.00166119556141002,-0.00880928020089617,0.0320320845838475,1.75088793298103e-21,2.24203319303831e-07,0.0162909044215687,0.774586422217503,0.216864131632798,0.000270288892437344,0.00352293148587897,0.111149451914453,17.8312942255462,6.14600010540613,-2.50055393816387,0.288189316565423,0.00228886491622722
"Bcell","cg05473796","LM23","CpG ~ as.numeric(LM) +Age + Gender",47,32.5255183170625,0.0851063829787234,0.560905262886838,"116769,117072","10-129-09,10-245-02",3.82466667017319,0.00714042355520107,-0.0241654641993705,0.495762458517567,0.000708615811508526,2.1787517337602e-06,0.16308185941789,0.361285709280099,1.04826076879244,0.00130650117218174,0.0170288689050876,0.537265471415011,3.64858323809931,5.4653020657281,-1.41908804008414,0.922751386222278,0.0101377911029477
"Bcell","cg21884374","LM23","CpG ~ as.numeric(LM) +Age + Gender",47,36.6052455516902,0.0851063829787234,0.560905262886838,"116769,117072","10-129-09,10-245-02",3.66371898957649,0.00662390771190203,-0.0284626636643064,-0.151476795339839,0.00170698465362035,1.62721772303055e-05,0.116822339458012,0.788478265997391,1.09475843726104,0.00136445360173602,0.0177842178834303,0.561096938272501,3.34660036851845,4.85462290800825,-1.60044506038274,-0.269965464089333,0.0413757913183748
"Bcell","cg16611904","LM23","CpG ~ as.numeric(LM) +Age + Gender",47,-62.5053137291138,0.0851063829787234,0.560905262886838,"116769,117072","10-129-09,10-245-02",-4.84143543519804,-0.00273958303368201,0.0123540213770507,-0.213975286136534,3.88131654475742e-16,8.08503903507369e-07,0.0525420607969333,0.279811418909219,0.381427716423135,0.000475392930313988,0.00619624693884026,0.195493285617182,-12.6929303423436,-5.76277613525419,1.99379099945345,-1.094540334012,0.00526678692837641
"Bcell","cg09837864","LM23","CpG ~ as.numeric(LM) +Age + Gender",47,-74.941761361304,0.0851063829787234,0.560905262886838,"116769,117072","10-129-09,10-245-02",-3.99954012637309,0.00262892634849103,-0.00149145832298276,-0.0494150929839544,2.81214867397163e-15,1.2842717061635e-07,0.784822661457875,0.77432989224834,0.334159601071763,0.000416480253285609,0.00542838214443771,0.171266941339881,-11.9689517031539,6.31224728603925,-0.274751902739753,-0.288526744258775,0.00154111478185492
"Bcell","cg24774960","LM23","CpG ~ as.numeric(LM) +Age + Gender",47,19.1730514211057,0.0851063829787234,0.560905262886838,"116769,117072","10-129-09,10-245-02",2.304397960992,0.00692543329533663,-0.00314473155669579,0.11505790727507,0.0150074874443605,2.53110632140288e-07,0.832444311217286,0.806205674792298,0.909450107094253,0.00113349432348615,0.0147739065607371,0.466120792710096,2.53383659314164,6.10980853793509,-0.212857144030759,0.246841396209994,0.00247323438329709
"Bcell","cg13968283","LM23","CpG ~ as.numeric(LM) +Age + Gender",47,-14.0312546579632,0.0851063829787234,0.560905262886838,"116769,117072","10-129-09,10-245-02",3.21706488221435,0.00384924455118081,-0.00783918965237269,0.224079517536473,8.9945368754984e-06,1.73645407852794e-05,0.454119004841346,0.497392314138128,0.638807297621753,0.00079617830599776,0.0103773469833708,0.327408135568658,5.03604904670206,4.83465138673552,-0.755413658706282,0.684404244101268,0.0428153549367777
"Bcell","cg25609578","LM23","CpG ~ as.numeric(LM) +Age + Gender",47,16.2514470527215,0.0851063829787234,0.560905262886838,"116769,117072","10-129-09,10-245-02",4.24517571960843,0.00709421766118107,-0.0170924907965994,0.423597960664303,1.84973424472361e-05,7.9250846827474e-08,0.239232028380476,0.353756840414579,0.88161834012293,0.00109880616453328,0.0143217828857306,0.45185616710612,4.81520804004202,6.45629583284538,-1.19346110278138,0.937461943647258,0.00108414365951516
"Bcell","cg18367720","LM23","CpG ~ as.numeric(LM) +Age + Gender",47,-76.3131802785357,0.0851063829787234,0.560905262886838,"116769,117072","10-129-09,10-245-02",4.01322778849288,-0.00291378478107532,-0.000204887411276925,0.115873578993693,1.54050273127274e-15,9.25210344272512e-09,0.969626997616926,0.496076943842879,0.32931975004117,0.000410448098660631,0.00534975935211948,0.168786370738612,12.1864169640332,-7.09903344803774,-0.0382984350867581,0.686510282119514,0.00049128920421168
"Bcell","cg03409066","LM23","CpG ~ as.numeric(LM) +Age + Gender",47,-42.9057788775679,0.0851063829787234,0.560905262886838,"116769,117072","10-129-09,10-245-02",3.36215374413614,0.00291224913932411,-0.00138567291123541,0.534134035485836,7.66231181782489e-09,1.10560970234623e-05,0.856794579760516,0.0318860882708589,0.469856369249976,0.000585606096743759,0.00763275966665747,0.240815655071432,7.155705369075,4.97305126349872,-0.181542845805628,2.21802039957659,0.0309930946047668
"Bcell","cg14560144","LM23","CpG ~ as.numeric(LM) +Age + Gender",47,6.54759134315101,0.0851063829787234,0.560905262886838,"116769,117072","10-129-09,10-245-02",3.91684006314544,0.00685928339809986,-0.0191522449756685,0.0350819154376747,1.28968392327558e-05,1.6727115611093e-08,0.14544433973273,0.931800188707409,0.795146785816544,0.000991032230389193,0.0129170629857395,0.407536870065243,4.92593334087768,6.92135249264912,-1.48270895611585,0.0860828013722008,0.000634429334119253
"Bcell","cg22308937","LM23","CpG ~ as.numeric(LM) +Age + Gender",47,13.7560914999544,0.0851063829787234,0.560905262886838,"116769,117072","10-129-09,10-245-02",2.09499697643973,0.00792631809496592,-0.0106198118282599,0.0992063212026626,0.0188737801134266,3.32185426325473e-09,0.450536898958898,0.822690161365021,0.858522514802622,0.00107002065261506,0.0139465940077881,0.44001885539147,2.440235334913,7.40763094207065,-0.761462750140254,0.225459250182363,0.000454426341358984
"Bcell","cg03078708","LM23","CpG ~ as.numeric(LM) +Age + Gender",47,29.8879531532689,0.0851063829787234,0.560905262886838,"116769,117072","10-129-09,10-245-02",2.21854263375485,0.00750851503599361,-0.0222785962886688,-0.0285068555505129,0.0350460352898995,4.93234070941024e-07,0.185512120732229,0.956734556402099,1.01925623124801,0.0012703513291002,0.0165576937145233,0.522399765284528,2.17662896310028,5.91058147773338,-1.34551325038266,-0.0545690435656809,0.00392290277155007
"Bcell","cg02184764","LM23","CpG ~ as.numeric(LM) +Age + Gender",47,33.4884806125406,0.0851063829787234,0.560905262886838,"116769,117072","10-129-09,10-245-02",1.04484052536035,0.00770780626148845,-0.00354837645661871,0.111094414074315,0.329368411388544,6.25731701678417e-07,0.837568770545089,0.838795659251786,1.05905463866174,0.00131995412592804,0.0172042140104803,0.542797657447695,0.986578489170919,5.83945010669912,-0.206250425300286,0.204670032285503,0.00460212209988741
"Bcell","cg10808905","LM23","CpG ~ as.numeric(LM) +Age + Gender",47,3.49040375487696,0.0851063829787234,0.560905262886838,"116769,117072","10-129-09,10-245-02",3.85046260033509,0.00658641363399415,-0.013136905934618,0.179663820672578,1.00388213990143e-05,2.0140902284092e-08,0.29929288921289,0.651093805995663,0.769702026701608,0.000959319121781837,0.0125037159635201,0.394495658462261,5.00253665283358,6.86571703247253,-1.05064014353374,0.455426610708228,0.000634429334119253
"Bcell","cg04659536","LM23","CpG ~ as.numeric(LM) +Age + Gender",47,-57.2987911997561,0.0851063829787234,0.560905262886838,"116769,117072","10-129-09,10-245-02",4.31777519679061,-0.00277027575042737,0.000983733313286879,0.0851395464211267,1.03301214929236e-13,1.85711272935689e-06,0.88130271937699,0.682353457855303,0.403150482637161,0.000502467128229789,0.00654913063832341,0.20662686285089,10.710083164347,-5.513347231663,0.150208228788473,0.412044906680729,0.00913853108860767
"Bcell","cg19341715","LM23","CpG ~ as.numeric(LM) +Age + Gender",47,-94.0330206054771,0.0851063829787234,0.560905262886838,"116769,117072","10-129-09,10-245-02",4.09797220114901,0.00171568231761228,-0.00523496953683091,0.0922678817610534,1.01646534709819e-18,8.67261159010429e-06,0.243881894632288,0.512737437265711,0.272740344562725,0.000339930283075403,0.00443063378021609,0.13978770756077,15.0251779131508,5.04715938247758,-1.18153966148283,0.660057192231597,0.0260970961370751
"Bcell","cg01241697","LM23","CpG ~ as.numeric(LM) +Age + Gender",47,-88.0210165044543,0.0851063829787234,0.560905262886838,"116769,117072","10-129-09,10-245-02",3.20032861714498,-0.00173812627043591,-0.00368117952047765,0.178989435302335,4.33453083664773e-14,1.96625222011217e-05,0.440029212606564,0.236283719157115,0.290754048083511,0.000362381685880788,0.00472326420661652,0.149020277549222,11.0069959068146,-4.79639655688257,-0.779371925737484,1.20110791796917,0.0459012521261305
"Bcell","cg05053115","LM23","CpG ~ as.numeric(LM) +Age + Gender",47,20.3233647465209,0.0851063829787234,0.560905262886838,"116769,117072","10-129-09,10-245-02",3.44732051031415,0.00624452339643656,-0.00800454233150547,-0.170012738410876,0.000532459907596618,2.35343707361528e-06,0.595259975678501,0.720384112083516,0.920647765062295,0.00114745053905433,0.0149558111547643,0.471859932403242,3.74445107144846,5.44208502580248,-0.535212851290622,-0.36030340093718,0.010876616156537
"Bcell","cg20423602","LM23","CpG ~ as.numeric(LM) +Age + Gender",47,-72.2495252862219,0.0851063829787234,0.560905262886838,"116769,117072","10-129-09,10-245-02",3.30324459665614,-0.00205957246004106,-0.00232901364165302,0.303246491097122,2.8811546358887e-12,1.90861025982561e-05,0.678803818011599,0.0925103354683901,0.343868575246981,0.000428581045872952,0.0055861032510123,0.176243085389623,9.60612523050006,-4.80556123485592,-0.416929930758254,1.72061497009503,0.045093187431136
"Bcell","cg11241286","LM23","CpG ~ as.numeric(LM) +Age + Gender",47,27.8941803385974,0.0851063829787234,0.560905262886838,"116769,117072","10-129-09,10-245-02",3.48423507744656,0.0082839418843721,-0.0137371814330099,0.599638798186249,0.00112355651500551,3.99602756074525e-08,0.401441855894461,0.247466909434437,0.997865109296028,0.00124369047644162,0.0162101975358076,0.511436165804538,3.4916894528005,6.6607745586938,-0.847440717651036,1.17246068674662,0.000881077021412045
"Bcell","cg10325038","LM23","CpG ~ as.numeric(LM) +Age + Gender",47,-80.3659675297522,0.0851063829787234,0.560905262886838,"116769,117072","10-129-09,10-245-02",3.64347499795189,-0.00188899374072748,-0.00736605118394772,0.158113301433771,9.0925232344619e-15,1.91185964152215e-05,0.157797687471663,0.333526427874729,0.315422940158283,0.000393127791593817,0.00512400736297728,0.16166383373716,11.5510780418303,-4.80503739781187,-1.43755671335876,0.978037559661227,0.045093187431136
"Bcell","cg06823437","LM23","CpG ~ as.numeric(LM) +Age + Gender",47,51.9575062950133,0.0851063829787234,0.560905262886838,"116769,117072","10-129-09,10-245-02",4.06610332810446,0.00833202268346666,-0.0197855379083944,1.93940699960532,0.00293186204558785,5.48658593827872e-06,0.349992208951554,0.00532579662715042,1.28898573411624,0.00160652904571483,0.0209394167370006,0.660644325061362,3.15449831637763,5.18635047756593,-0.944894414056566,2.9356295453309,0.0196279504007944
"Bcell","cg14778605","LM23","CpG ~ as.numeric(LM) +Age + Gender",47,-43.1631268786121,0.0851063829787234,0.560905262886838,"116769,117072","10-129-09,10-245-02",3.79820984371744,0.00377204320673154,-0.00991402937046122,0.0597118458218404,3.35743286884324e-10,7.85565094020897e-08,0.199699111895737,0.804825731652069,0.468571781707799,0.000584005049390287,0.00761189169801448,0.240157264953278,8.10592953308913,6.45892224847993,-1.30243962523104,0.24863643343647,0.00108414365951516
"Bcell","cg07355791","LM23","CpG ~ as.numeric(LM) +Age + Gender",47,41.0040137496931,0.0851063829787234,0.560905262886838,"116769,117072","10-129-09,10-245-02",4.83074655378642,0.0075860567195897,-0.0300468033528035,0.851937332317304,0.000127415326181885,3.70016413977467e-06,0.114217510946541,0.154611601681874,1.14720567772368,0.00142982128808096,0.0186362169363956,0.587977741418491,4.21088096719652,5.30559782738399,-1.6122801883747,1.44892786291878,0.0150648438737213
"Bcell","cg14947715","LM23","CpG ~ as.numeric(LM) +Age + Gender",47,23.1240813721164,0.0851063829787234,0.560905262886838,"116769,117072","10-129-09,10-245-02",-3.50800458629796,-0.00694953712963346,0.0226799158877859,0.103001227316441,0.000610846588666318,5.48732538274154e-07,0.148317313113576,0.833201922528452,0.948491068102284,0.00118215307600138,0.0154081222318055,0.486130470592669,-3.69851093412685,-5.87871170892708,1.47194548086917,0.211879800891449,0.00417033680574256
"Bcell","cg16178743","LM23","CpG ~ as.numeric(LM) +Age + Gender",47,-89.0021412932531,0.0851063829787234,0.560905262886838,"116769,117072","10-129-09,10-245-02",3.33033209086422,0.00172386298188082,-0.00119841742497717,0.00252603985398573,8.5134688513288e-15,1.90003255349497e-05,0.798873446591196,0.986413069032732,0.287735085972474,0.000358618998528302,0.00467422153369698,0.147472967805256,11.5742996013452,4.80694829040067,-0.256388666291841,0.017128833111445,0.045093187431136
"Bcell","cg07835094","LM23","CpG ~ as.numeric(LM) +Age + Gender",47,8.50459080755383,0.0851063829787234,0.560905262886838,"116769,117072","10-129-09,10-245-02",-4.98281467389642,-0.00582262268165862,0.0113472632712862,-0.174020522979271,2.3074385042217e-07,8.3184339138432e-07,0.394356502712707,0.677876624830575,0.811874585677436,0.00101188094549608,0.0131888040633245,0.416110375385252,-6.13741920464071,-5.75425667177087,0.860370903745606,-0.418207603735321,0.00536770491028224
"Bcell","cg22144937","LM23","CpG ~ as.numeric(LM) +Age + Gender",47,32.3799230932609,0.0851063829787234,0.560905262886838,"116769,117072","10-129-09,10-245-02",1.7665458643614,0.00742509692645514,-0.000975259333489341,0.0644151215416878,0.0986857438112387,1.02402789791691e-06,0.954524374590124,0.904978894859165,1.0466383897985,0.00130447911801316,0.0170025135553268,0.53643395292177,1.68782827152125,5.69200136968403,-0.0573597150983478,0.120080246954617,0.00614412247399716
"Bcell","cg10224044","LM23","CpG ~ as.numeric(LM) +Age + Gender",47,-27.5314049752321,0.0851063829787234,0.560905262886838,"116769,117072","10-129-09,10-245-02",5.14160714608986,0.00355527461634803,-0.0197104073568938,0.372434863612977,7.64175898966558e-12,6.08213226510395e-06,0.0337865533861373,0.196077530258848,0.553346407177753,0.000689664014072666,0.00898904519510542,0.283606834443142,9.29184156505819,5.15508210346238,-2.19271423483623,1.31320835178125,0.0206972540232327
"Bcell","cg10367930","LM23","CpG ~ as.numeric(LM) +Age + Gender",47,-47.192395211039,0.0851063829787234,0.560905262886838,"116769,117072","10-129-09,10-245-02",4.55475501246604,-0.00358023929138677,-0.00362475798013239,-0.166085766743886,5.54582702574764e-13,9.60290122222405e-08,0.621684027979567,0.474288340718099,0.448911044625225,0.000559500864163618,0.00729250541139208,0.230080540256994,10.1462306775468,-6.398987956415,-0.497052490968321,-0.721859252235639,0.00128790910225395
"Bcell","cg08651153","LM23","CpG ~ as.numeric(LM) +Age + Gender",47,22.2893722498671,0.0851063829787234,0.560905262886838,"116769,117072","10-129-09,10-245-02",4.12253284493653,0.0066347432330603,-0.0275694992587604,-0.055196602668151,7.35909037390754e-05,1.13001437247783e-06,0.0780415057132253,0.90933069083446,0.940105862106443,0.00117170216360563,0.0152719055785678,0.481832797927253,4.3851793836275,5.66248270178448,-1.80524290940162,-0.114555511591564,0.00660618957865789
"Bcell","cg04950059","LM23","CpG ~ as.numeric(LM) +Age + Gender",47,-137.21948422261,0.0851063829787234,0.560905262886838,"116769,117072","10-129-09,10-245-02",3.46233165235777,0.00115814319953001,-0.00362507402980924,0.232106027389863,1.75093049453492e-23,2.7618603794604e-06,0.202119000150805,0.0118381873856883,0.172274607646075,0.000214714681239124,0.00279858008295004,0.08829596703922,20.097748006316,5.39387056742621,-1.2953261734029,2.62872739461321,0.0121680036132727
"Bcell","cg00799742","LM23","CpG ~ as.numeric(LM) +Age + Gender",47,-72.6150923765848,0.0851063829787234,0.560905262886838,"116769,117072","10-129-09,10-245-02",2.62312140394092,0.00217083519457178,0.00863483670172388,-0.395411922656049,1.45386979243135e-09,7.66167574756651e-06,0.128041266200863,0.0294630636152225,0.342533863406249,0.0004269175260348,0.00556442101922556,0.17555900504658,7.65799146938612,5.08490530884138,1.55179427866615,-2.25230213939261,0.0240300961534008
"Bcell","cg17450308","LM23","CpG ~ as.numeric(LM) +Age + Gender",47,-81.7499465066736,0.0851063829787234,0.560905262886838,"116769,117072","10-129-09,10-245-02",1.84777092178634,-0.00192161358760955,0.00168951141569919,0.0760325133041009,4.39625219692299e-07,1.15189647141702e-05,0.73954217798249,0.635574010999238,0.310812931514577,0.000387382101326588,0.00504911833232567,0.159301064337671,5.94496153291382,-4.96051206555233,0.334615135652997,0.477288168916025,0.0320281067872717
"Bcell","cg16981259","LM23","CpG ~ as.numeric(LM) +Age + Gender",47,-3.74471624400131,0.0851063829787234,0.560905262886838,"116769,117072","10-129-09,10-245-02",-5.91739796286294,-0.00544273021933395,0.028032486041113,-0.0261433063275286,1.77213237049666e-10,2.38567642744373e-07,0.0197576174116722,0.943274058862465,0.712681131834189,0.000888251055322616,0.0115774184501003,0.36527071856802,-8.30300915590911,-6.12746833985706,2.42130714735203,-0.0715724119086765,0.00239969227645496
"Bcell","cg11916609","LM23","CpG ~ as.numeric(LM) +Age + Gender",47,-77.8707930613655,0.0851063829787234,0.560905262886838,"116769,117072","10-129-09,10-245-02",1.68040644964107,0.00194115159723973,-0.00110928789464831,0.20965469166992,5.45832796708721e-06,1.89129780593491e-05,0.834025655905752,0.213436183848437,0.323907769963199,0.000403702870253544,0.00526184239289675,0.166012566629517,5.18791645483524,4.80836709439444,-0.210817392810131,1.26288446667894,0.0450745032324198
"Bcell","cg03615699","LM23","CpG ~ as.numeric(LM) +Age + Gender",47,26.9045704180112,0.0851063829787234,0.560905262886838,"116769,117072","10-129-09,10-245-02",3.55049517285402,0.00675563495919399,-0.0104421141182014,0.28140171132234,0.000828408141830715,2.01095606888568e-06,0.518518763117629,0.581064326959126,0.987414924874096,0.00123066587549953,0.0160404355587758,0.506080128998648,3.59574793069564,5.48941438426727,-0.650986943586355,0.556041810768453,0.00964588746313846
"Bcell","cg24589017","LM23","CpG ~ as.numeric(LM) +Age + Gender",47,13.0754653950715,0.0851063829787234,0.560905262886838,"116769,117072","10-129-09,10-245-02",-5.09302196025576,-0.00506674100010736,0.010271180123865,-0.782354773531416,3.97008322954752e-07,2.14487116024978e-05,0.462230962083501,0.0803465844729396,0.852328659041697,0.00106230093243389,0.0138459755730342,0.436844316255466,-5.97542028679644,-4.76959103151562,0.741817004492528,-1.79092354969292,0.0495635523396976
"Bcell","cg22708984","LM23","CpG ~ as.numeric(LM) +Age + Gender",47,23.3318989263512,0.0851063829787234,0.560905262886838,"116769,117072","10-129-09,10-245-02",2.86624526420462,0.00745608504095357,-0.00543827134865464,-0.413601509251967,0.00429724169626018,1.36857283221975e-07,0.726431789064695,0.40062473259323,0.950590335612187,0.00118476950079191,0.0154422245776026,0.487206408929686,3.01522659848917,6.29327901838278,-0.352168906838871,-0.848924607048136,0.00159493554938879
"Bcell","cg19677368","LM23","CpG ~ as.numeric(LM) +Age + Gender",47,-52.3524545637273,0.0851063829787234,0.560905262886838,"116769,117072","10-129-09,10-245-02",3.68684544276996,0.00255956740871857,-0.00574939861281152,0.170594782213026,5.34017691466045e-11,1.7464805680617e-05,0.409510993142537,0.437746234349149,0.424932571399405,0.000529615262880694,0.00690297802539917,0.217790844691717,8.67630699766857,4.83288074969086,-0.832886703630938,0.783296389040148,0.0428153549367777
"Bcell","cg00352957","LM23","CpG ~ as.numeric(LM) +Age + Gender",47,12.362474859072,0.0851063829787234,0.560905262886838,"116769,117072","10-129-09,10-245-02",5.5072773331368,0.00582070431401772,-0.0375411965570768,0.092111522463074,6.60586178802333e-08,1.81009878004369e-06,0.00909597548947381,0.832750547376615,0.845888197648835,0.00105427385500271,0.0137413510597333,0.433543384245626,6.5106444899508,5.52105535615579,-2.73198729832941,0.212462064490616,0.0089717283699709
"Bcell","cg17894270","LM23","CpG ~ as.numeric(LM) +Age + Gender",47,37.5601109950626,0.0851063829787234,0.560905262886838,"116769,117072","10-129-09,10-245-02",4.96545557694073,0.00801190285883932,-0.0235129576471823,0.298903903971884,5.2759288223577e-05,6.84658212647313e-07,0.197566588722634,0.600675190413833,1.10593582466902,0.00137838455306531,0.0179657931846706,0.566825688688158,4.48982252512414,5.81253093777212,-1.30876256926106,0.527329494652327,0.00480162887542113
"Bcell","cg11893144","LM23","CpG ~ as.numeric(LM) +Age + Gender",47,-124.696062218983,0.0851063829787234,0.560905262886838,"116769,117072","10-129-09,10-245-02",3.92613354476869,0.00152306582412273,-0.00264003639854905,0.181174801974933,2.34593262588026e-23,1.81745886299025e-07,0.413543008504907,0.0795293036776736,0.196825520472834,0.000245313743362991,0.00319740668075234,0.100879055280453,19.9472788657535,6.20864450251794,-0.825680516163759,1.79596053384175,0.00194239496092346
"Bcell","cg03194311","LM23","CpG ~ as.numeric(LM) +Age + Gender",47,1.1090498627663,0.0851063829787234,0.560905262886838,"116769,117072","10-129-09,10-245-02",4.36585100158267,0.00620400000355404,-0.018728873858438,-0.270635531305893,6.73014376614037e-07,4.3850768408252e-08,0.131792250773802,0.485455630916122,0.750447660848479,0.00093532141786537,0.0121909311281769,0.384627211359356,5.81766221597187,6.63301394050515,-1.53629560051816,-0.703630745077572,0.000881077021412045
"Bcell","cg14357019","LM23","CpG ~ as.numeric(LM) +Age + Gender",47,1.75218237815448,0.0851063829787234,0.560905262886838,"116769,117072","10-129-09,10-245-02",3.91868216535723,0.00680052622695356,-0.0164995163301275,0.302502900807589,5.48952506811863e-06,6.16323578613623e-09,0.18593387414842,0.439011005581072,0.755599704743089,0.000941742674472343,0.0122746254556634,0.387267790282268,5.18618805798715,7.2212148937223,-1.34419713169454,0.78112073453644,0.000476681381618029
"Bcell","cg27159987","LM23","CpG ~ as.numeric(LM) +Age + Gender",47,22.5426764094125,0.0851063829787234,0.560905262886838,"116769,117072","10-129-09,10-245-02",3.30027672075742,0.00649301121636295,-0.0158000127311341,0.0124520626552825,0.00109322103240605,1.77696972173212e-06,0.307936277004702,0.979557182214374,0.942642605348962,0.00117486383684433,0.0153131146645211,0.483132955859921,3.50109012899504,5.52660743546511,-1.03179614841787,0.0257735733078264,0.0089717283699709
"Bcell","cg26973137","LM23","CpG ~ as.numeric(LM) +Age + Gender",47,-117.15977532843,0.0851063829787234,0.560905262886838,"116769,117072","10-129-09,10-245-02",2.32651597386997,0.00144423044824519,0.00649787240694428,0.0171252580851378,5.75719867705184e-14,2.41987143986602e-06,0.0675015834455188,0.876229329767132,0.213255487383662,0.000265791253985307,0.00346430949822754,0.109299912170716,10.9095245445403,5.43370192431175,1.8756616319266,0.156681352665588,0.0109614567252395
"Bcell","cg11932719","LM23","CpG ~ as.numeric(LM) +Age + Gender",47,-34.6762087611238,0.0851063829787234,0.560905262886838,"116769,117072","10-129-09,10-245-02",3.65577414884752,0.00386661530913781,-0.0125472881912261,0.290619571173794,8.39062948982892e-09,3.10013981330067e-07,0.139359573769117,0.275025287461731,0.512846032692811,0.000639186319672892,0.0083311215293123,0.26284916284278,7.12840485408861,6.04927732357691,-1.50607431989554,1.10565150001115,0.00279010543631394
"Bcell","cg18073198","LM23","CpG ~ as.numeric(LM) +Age + Gender",47,25.3380190326606,0.0851063829787234,0.560905262886838,"116769,117072","10-129-09,10-245-02",3.47578235254721,0.00681282091769942,-0.0252209696485216,0.0834671483997268,0.000869670219068016,1.26386586001119e-06,0.11719705980276,0.867605257622908,0.971095582639049,0.00121032624208571,0.0157753298257262,0.49771597061352,3.57923814574609,5.6289128342447,-1.59876021149121,0.1677003619089,0.00714444569354012
"Bcell","cg00477971","LM23","CpG ~ as.numeric(LM) +Age + Gender",47,9.05322780561914,0.0851063829787234,0.560905262886838,"116769,117072","10-129-09,10-245-02",2.73034708254467,0.00731619152464465,0.00551358873855045,-0.281653791283007,0.00172242865262034,6.87747928830992e-09,0.679756522932025,0.504590129405412,0.816626998892208,0.00101780412188562,0.0132660064389418,0.418546131451116,3.34344454230452,7.18821172691896,0.415617824695574,-0.672933686679894,0.000476681381618029
"Bcell","cg22168763","LM23","CpG ~ as.numeric(LM) +Age + Gender",47,-67.6431504694649,0.0851063829787234,0.560905262886838,"116769,117072","10-129-09,10-245-02",3.19959071593489,0.00222376145038303,-0.00269957349947653,0.367229177695275,2.97850076689697e-11,1.22966204768387e-05,0.647723538936124,0.0536618864617292,0.361139215712441,0.000450106331073166,0.0058666627083046,0.185094813001259,8.85971552444911,4.94052470908602,-0.460154884250483,1.98400577380187,0.033509270609782
"Bcell","cg22952011","LM23","CpG ~ as.numeric(LM) +Age + Gender",47,-80.0016181528913,0.0851063829787234,0.560905262886838,"116769,117072","10-129-09,10-245-02",3.07287450132656,-0.0019369504800775,0.00277459033875225,0.149127588317157,2.12909094443197e-12,1.36758305236498e-05,0.592397548366628,0.363281002437815,0.316647910009696,0.000394654534360889,0.00514390684947283,0.162291667978679,9.70438902070274,-4.90796459038342,0.539393581560794,0.918886287722103,0.036172523902712
"Bcell","cg01547531","LM23","CpG ~ as.numeric(LM) +Age + Gender",47,31.731529979275,0.0851063829787234,0.560905262886838,"116769,117072","10-129-09,10-245-02",3.59182939727313,0.00681345433062206,-0.0169663770705098,-0.323547150517134,0.00124791585801724,4.31272946453621e-06,0.320623007303395,0.546833023010216,1.03944373065428,0.00129551204523393,0.0168856371911327,0.532746471665324,3.45553038740465,5.25927516898675,-1.00478157137117,-0.607319180370639,0.0168263117595184
"Bcell","cg08154944","LM23","CpG ~ as.numeric(LM) +Age + Gender",47,25.0346114017003,0.0851063829787234,0.560905262886838,"116769,117072","10-129-09,10-245-02",-3.12032046111646,-0.00639615871764285,-0.00033529533412156,0.232376358386124,0.0024178139051033,3.74768123415757e-06,0.983086538540703,0.641867997944679,0.967966190999446,0.00120642592074671,0.0157244932385239,0.49611206238329,-3.22358413974631,-5.30174178758027,-0.0213231249513409,0.468394897051693,0.0151680190873231
"Bcell","cg02939404","LM23","CpG ~ as.numeric(LM) +Age + Gender",47,20.6406424395269,0.0851063829787234,0.560905262886838,"116769,117072","10-129-09,10-245-02",2.56274284632929,0.00666413169743419,-0.00693480981709003,0.0636263565846953,0.00815326644933721,7.42654505246689e-07,0.646322027398099,0.893723413735338,0.923760472695635,0.00115133006626043,0.0150063767123107,0.4734552895737,2.77425038424834,5.78820261254843,-0.462124198934775,0.134387254690901,0.00502942542887336
"Bcell","cg24338244","LM23","CpG ~ as.numeric(LM) +Age + Gender",47,9.64876511307131,0.0851063829787234,0.560905262886838,"116769,117072","10-129-09,10-245-02",-3.65554261937806,-0.00642260707288456,0.00798637657662647,-0.159112862371879,6.02576392420515e-05,1.47762020433796e-07,0.552833843938562,0.707470735741591,0.821817165713632,0.00102427289305199,0.0133503200687453,0.421206249531512,-4.44812151885844,-6.27040617442029,0.598216112834892,-0.377755226919955,0.00168447471944357
"Bcell","cg13690322","LM23","CpG ~ as.numeric(LM) +Age + Gender",47,-154.672726192279,0.0851063829787234,0.560905262886838,"116769,117072","10-129-09,10-245-02",2.81450446631374,0.000868404268536534,0.0001182079841903,0.0148006641824501,4.03620735733106e-23,1.54956821488972e-05,0.959675449436692,0.8410045941374,0.143081868415563,0.00017833027274142,0.00232434757884758,0.0733338018304195,19.6705878772801,4.86964021972716,0.0508564146197568,0.201825949467012,0.0398457485392291
"Bcell","cg24425628","LM23","CpG ~ as.numeric(LM) +Age + Gender",47,10.0177837207066,0.0851063829787234,0.560905262886838,"116769,117072","10-129-09,10-245-02",4.20153195503684,0.00721735323138416,-0.0181525983519403,0.0117227026539149,7.47382866780543e-06,1.20897878041912e-08,0.182688171162728,0.97801196480968,0.825049738860438,0.00102830181479666,0.0134028328270034,0.422863041416992,5.09245898415775,7.01871097330637,-1.35438519499902,0.0277222209220098,0.00049128920421168
"Bcell","cg16507213","LM23","CpG ~ as.numeric(LM) +Age + Gender",47,-62.1641876579805,0.0851063829787234,0.560905262886838,"116769,117072","10-129-09,10-245-02",3.58750115374873,-0.00243256874062001,0.00251741271669023,0.154497735316842,5.96327636869579e-12,7.32860130708696e-06,0.687625058368441,0.435346860651425,0.382814432569768,0.000477121265786417,0.00621877397426179,0.196204019745959,9.37138427531703,-5.09842867014221,0.404808524495226,0.78743409802145,0.0234239563132754
"Bcell","cg25002540","LM23","CpG ~ as.numeric(LM) +Age + Gender",47,-49.102314558384,0.0851063829787234,0.560905262886838,"116769,117072","10-129-09,10-245-02",2.00209957702103,0.00264660162430173,0.00191565648509886,0.121449470954585,4.33246391456516e-05,1.77796596139554e-05,0.789919330066625,0.592878009474714,0.439881977646599,0.000548247474794796,0.00714582931466914,0.225452869288923,4.55144715801364,4.82738497845763,0.268080358589919,0.53869117451304,0.043278285685578
"Bcell","cg23610839","LM23","CpG ~ as.numeric(LM) +Age + Gender",47,-54.8593153542929,0.0851063829787234,0.560905262886838,"116769,117072","10-129-09,10-245-02",2.61189262938409,0.00305503296337049,-0.00263330975980027,0.0991288132099989,1.28218511067382e-07,4.71092833543506e-07,0.697152244151383,0.642532799817188,0.413749934751913,0.00051567776915491,0.00672131745090039,0.212059403881433,6.31273242604908,5.92430611925943,-0.391784762293515,0.467457756626648,0.00379088403152459
"Bcell","cg00180073","LM23","CpG ~ as.numeric(LM) +Age + Gender",47,-52.0331491045495,0.0851063829787234,0.560905262886838,"116769,117072","10-129-09,10-245-02",-4.79085593981833,-0.00291032765806587,0.00518154871733289,0.013983507793967,2.23478276171182e-14,2.09889436061876e-06,0.458484205189792,0.949276008606049,0.426378465016466,0.000531417354270336,0.00692646639164223,0.218531909070842,-11.2361583262263,-5.47653860883393,0.748079673581491,0.063988402670449,0.0099696753346627
"Bcell","cg26347359","LM23","CpG ~ as.numeric(LM) +Age + Gender",47,59.7538204536796,0.0851063829787234,0.560905262886838,"116769,117072","10-129-09,10-245-02",2.90472711519284,0.00846855908906904,0.000900156734804273,0.618288893908577,0.0440884375925301,1.64236329848685e-05,0.968621457775042,0.393797380166039,1.40045217808306,0.00174545539308672,0.0227501755845475,0.717774261950802,2.07413516909148,4.85177628864693,0.0395670236240146,0.861397415154119,0.0414527042195023
"Bcell","cg19666555","LM23","CpG ~ as.numeric(LM) +Age + Gender",47,-33.6466094364832,0.0851063829787234,0.560905262886838,"116769,117072","10-129-09,10-245-02",3.06822585084969,0.00348602178073764,0.0067658788379728,0.207275728268865,4.81832869183882e-07,2.75672224429638e-06,0.426234364108587,0.43967347017428,0.518494206082325,0.00064622592792093,0.00842287542020152,0.265744023195368,5.91757017698001,5.39443193180602,0.803274238361099,0.779982653143176,0.0121680036132727
"Bcell","cg26876701","LM23","CpG ~ as.numeric(LM) +Age + Gender",47,-100.629926627758,0.0851063829787234,0.560905262886838,"116769,117072","10-129-09,10-245-02",2.53571936040963,0.00191879646151562,0.0015769071868828,0.0900247881451443,9.36709407598127e-13,3.04076279966588e-07,0.704501012510299,0.493384343604054,0.254255679382231,0.000316891896593075,0.00413035263883971,0.130313755422327,9.97310804057833,6.05505057764089,0.38178512218409,0.690831047370155,0.00278598865184611
"Bcell","cg25240944","LM23","CpG ~ as.numeric(LM) +Age + Gender",47,35.2989916561716,0.0851063829787234,0.560905262886838,"116769,117072","10-129-09,10-245-02",3.06722218743139,0.00687219348780359,0.00617259941967908,-0.38036897580437,0.00684805228979557,7.12334118189333e-06,0.726602358146901,0.495528982409426,1.07965054102825,0.00134562385562229,0.0175387919435888,0.553353682745586,2.84093979567703,5.1070687094987,0.351939827984301,-0.687388532262198,0.0229826875080619
"Bcell","cg09305047","LM23","CpG ~ as.numeric(LM) +Age + Gender",47,19.2009598164824,0.0851063829787234,0.560905262886838,"116769,117072","10-129-09,10-245-02",2.66400446499562,0.00705469058213029,-0.0140829658694925,0.158669664211411,0.00543014546286229,1.73792610485517e-07,0.345942090785481,0.735284858421611,0.909720160938534,0.0011338309054461,0.0147782935526464,0.466259203504695,2.92837795553221,6.2219953153902,-0.952949392927072,0.340303554372227,0.00188687740649272
"Bcell","cg16124595","LM23","CpG ~ as.numeric(LM) +Age + Gender",47,21.4430931984121,0.0851063829787234,0.560905262886838,"116769,117072","10-129-09,10-245-02",3.69438856821904,0.00701642464775287,-0.0226253455456515,0.360187028287317,0.000272621867437873,3.17251738672896e-07,0.142243979696655,0.454782827184868,0.931680103848636,0.00116120070884545,0.0151350301587584,0.477514340996326,3.96529726561515,6.04238749968482,-1.49489927065382,0.754295729706865,0.00281816367524114
"Bcell","cg26479971","LM23","CpG ~ as.numeric(LM) +Age + Gender",47,23.8444453056408,0.0851063829787234,0.560905262886838,"116769,117072","10-129-09,10-245-02",3.80690550321371,0.00597440407747216,-0.00749753934512819,-0.183584107435236,0.000258214517267164,9.62922686018937e-06,0.631629130097935,0.709680459418946,0.955787701247753,0.00119124724420965,0.0155266551512678,0.489870216620901,3.98300323203982,5.01525112147139,-0.482881810157033,-0.374760704379191,0.0279082331620137
"Bcell","cg01574823","LM23","CpG ~ as.numeric(LM) +Age + Gender",47,17.5248712612544,0.0851063829787234,0.560905262886838,"116769,117072","10-129-09,10-245-02",3.97047049455361,0.00620736281241448,-0.0174235727839359,0.41843185719086,6.1244409735443e-05,1.52180694551913e-06,0.236629097686464,0.366037870767809,0.893642947180137,0.00111379304917399,0.0145171211672998,0.458019143315382,4.44301665120539,5.57317431368242,-1.20020853881023,0.913568490089807,0.00831704147382009
"Bcell","cg21135086","LM23","CpG ~ as.numeric(LM) +Age + Gender",47,-108.570634137596,0.0851063829787234,0.560905262886838,"116769,117072","10-129-09,10-245-02",3.37370780615253,0.00150404135536149,0.00211251233402321,0.025709404238495,4.27040479009413e-18,5.89455323870902e-06,0.580724180789189,0.831032684671568,0.233659461033442,0.000291221773073903,0.00379576957263747,0.119757568173923,14.4385670977375,5.16459102451729,0.556543882234489,0.214678743318814,0.0203628532450039
"Bcell","cg23883630","LM23","CpG ~ as.numeric(LM) +Age + Gender",47,-70.8170386525995,0.0851063829787234,0.560905262886838,"116769,117072","10-129-09,10-245-02",2.98001687022223,0.00222149071059002,0.00058292576940689,-0.0520672365825365,8.39228201365125e-11,7.17266030502094e-06,0.918619641200014,0.772480332522759,0.349148996505286,0.000435162305774089,0.00567188305318395,0.178949461609236,8.53508645320453,5.10497044691938,0.102774645376311,-0.290960565705603,0.0230331633114216
"Bcell","cg04423621","LM23","CpG ~ as.numeric(LM) +Age + Gender",47,13.9243496801714,0.0851063829787234,0.560905262886838,"116769,117072","10-129-09,10-245-02",-4.11361826658453,-0.00603607592777981,0.00651597718302443,0.173498768609149,2.05400934568527e-05,1.25512239299667e-06,0.643302218915961,0.695826231387134,0.860060629670881,0.00107193768408104,0.013971580497059,0.440807185961866,-4.78293985873843,-5.63099517576385,0.466373663623527,0.393593330903997,0.00714444569354012
"Bcell","cg23253243","LM23","CpG ~ as.numeric(LM) +Age + Gender",47,33.8878128785,0.0851063829787234,0.560905262886838,"116769,117072","10-129-09,10-245-02",2.01132469848957,0.00673688429386496,-0.000472927615960269,-0.47640060628229,0.0653576297464533,7.72903479374583e-06,0.978289256725385,0.386997443506669,1.06356330119847,0.00132557350334306,0.0172774566859299,0.545108483890275,1.89111893596096,5.08224121625449,-0.0273725250514101,-0.873955589321161,0.0240300961534008
"Bcell","cg12674490","LM23","CpG ~ as.numeric(LM) +Age + Gender",47,28.6228344037864,0.0851063829787234,0.560905262886838,"116769,117072","10-129-09,10-245-02",2.56414813676,0.00616538135447455,0.00717217638527246,-0.218620998611108,0.0144255115888843,1.31899813815686e-05,0.662836653927176,0.6735607179425,1.00563025681293,0.00125336857814591,0.0163363414143449,0.515416039673213,2.54979215212395,4.91904892301904,0.439031984173311,-0.424164134957303,0.0353799267258275
"Bcell","cg23573148","LM23","CpG ~ as.numeric(LM) +Age + Gender",47,42.6226461914262,0.0851063829787234,0.560905262886838,"116769,117072","10-129-09,10-245-02",1.74595517131738,0.00738803918185986,0.0110579706711603,0.0735094045363645,0.141973998439922,7.81451129119643e-06,0.562785561357797,0.902769659390887,1.16713103906031,0.00145465528809075,0.0189599020118935,0.598190094079532,1.49593757074878,5.07889342742962,0.583229315437586,0.122886362151278,0.024185912446253
"Bcell","cg05801017","LM23","CpG ~ as.numeric(LM) +Age + Gender",47,-130.969584775709,0.0851063829787234,0.560905262886838,"116769,117072","10-129-09,10-245-02",3.51722605067945,0.00125494178372718,-0.00379584111730815,0.171028530262512,1.25247290479822e-22,2.15408769085869e-06,0.211233093147274,0.0769116456302429,0.184118220082599,0.000229475982999,0.00299097812888337,0.0943661780100036,19.103085230248,5.46872821864172,-1.26909691537105,1.81239225609394,0.0101377911029477
"Bcell","cg06179710","LM23","CpG ~ as.numeric(LM) +Age + Gender",47,6.83104403226156,0.0851063829787234,0.560905262886838,"116769,117072","10-129-09,10-245-02",3.56265701140801,0.00663602330861657,-0.00593299240670272,-0.162248875474985,5.67397478298622e-05,3.79867760609714e-08,0.64930749410386,0.693388207570113,0.797548133240225,0.000994025152873041,0.0129560725830562,0.408767633529855,4.46701191178755,6.67591085541085,-0.457931396159499,-0.39692202162365,0.000866092163060804
"Bcell","cg09049079","LM23","CpG ~ as.numeric(LM) +Age + Gender",47,23.8101417366369,0.0851063829787234,0.560905262886838,"116769,117072","10-129-09,10-245-02",4.19778784395639,0.00640658595461979,-0.0269005957066876,-0.120968726194241,7.16593595980487e-05,2.89176547682281e-06,0.090231261219297,0.806060278688129,0.955438967762673,0.00119081259977708,0.0155209900181472,0.489691480121513,4.3935698517575,5.38001189760596,-1.73317524689052,-0.247030489818249,0.012419168166319
"Bcell","cg21578397","LM23","CpG ~ as.numeric(LM) +Age + Gender",47,-75.0963187305841,0.0851063829787234,0.560905262886838,"116769,117072","10-129-09,10-245-02",2.96924550086857,0.00216297337628531,-0.00709203695705307,-0.554178450063714,2.61858488515103e-11,5.21048026164654e-06,0.197613366119353,0.00230186084054401,0.333610618172199,0.000415796027734925,0.00541946398389396,0.170985570935575,8.90033272063283,5.20200586828173,-1.30862332107563,-3.24108313369039,0.0187575918240259
"Bcell","cg01239362","LM23","CpG ~ as.numeric(LM) +Age + Gender",47,-102.691655043726,0.0851063829787234,0.560905262886838,"116769,117072","10-129-09,10-245-02",-4.83863753466245,-0.00166503879026412,0.0109113303949888,-0.307330865903553,6.21599072236249e-23,2.98148115466632e-06,0.00986713615326642,0.0202695792324764,0.248739730669251,0.00031001708674256,0.00404074672176554,0.127486664231083,-19.4526122611927,-5.37079684142306,2.7003252483544,-2.41069030833284,0.0126665726856273
"Bcell","cg19708984","LM23","CpG ~ as.numeric(LM) +Age + Gender",47,-56.8798408374366,0.0851063829787234,0.560905262886838,"116769,117072","10-129-09,10-245-02",2.81159301989758,-0.002581243097165,0.00778781002793861,-0.241307890284362,1.55594893954285e-08,6.95607937945002e-06,0.242976306487293,0.251383481508093,0.404951301652567,0.000504711581351148,0.00657838472456614,0.20754983727295,6.94303983818239,-5.11429337574311,1.1838483691682,-1.16265034680329,0.0227651842829996
"Bcell","cg25035320","LM23","CpG ~ as.numeric(LM) +Age + Gender",47,12.2456487377477,0.0851063829787234,0.560905262886838,"116769,117072","10-129-09,10-245-02",3.38844777468804,0.00689711308206775,-0.00847991734460622,-0.402218225598962,0.000237097597137918,5.78644282497334e-08,0.539915359127901,0.358126306751666,0.844837554529551,0.00105296438458489,0.0137242834898338,0.433004897747251,4.01076840928893,6.55018648592448,-0.617876871378218,-0.928899944761689,0.00098947449001691
"Bcell","cg21441590","LM23","CpG ~ as.numeric(LM) +Age + Gender",47,28.1325708948425,0.0851063829787234,0.560905262886838,"116769,117072","10-129-09,10-245-02",3.41636254843897,0.00611889731870764,-0.0113617934865707,-0.331348112916592,0.00140292571133052,1.36970061050189e-05,0.488236183695703,0.52156035656028,1.00039897648547,0.00124684856510783,0.016251359900628,0.512734849672682,3.41500004372364,4.90749036405913,-0.699128784055273,-0.646236769605415,0.036172523902712
"Bcell","cg14226754","LM23","CpG ~ as.numeric(LM) +Age + Gender",47,24.4659112079214,0.0851063829787234,0.560905262886838,"116769,117072","10-129-09,10-245-02",2.65398792330723,0.00796574047099307,-0.0214378371048612,0.286648916027245,0.00849442564994308,4.24338696686144e-08,0.177298733530189,0.564075240737909,0.962127672880484,0.00119914907609763,0.0156296472206172,0.493119644577592,2.75845711345308,6.64282750975035,-1.37161362647919,0.581296890479367,0.000881077021412045
"Bcell","cg14996640","LM23","CpG ~ as.numeric(LM) +Age + Gender",47,27.6163959688795,0.0851063829787234,0.560905262886838,"116769,117072","10-129-09,10-245-02",2.55449149637326,0.00686596528440823,0.00268213968020819,0.0878421882389843,0.0138026576141604,1.71670166012929e-06,0.868974353504754,0.864038033522524,0.994920618208556,0.00124002060614618,0.0161623646356233,0.509927024721246,2.56753297662365,5.53697676504483,0.165949707278384,0.172264233861705,0.00895224532951346
"Bcell","cg16665875","LM23","CpG ~ as.numeric(LM) +Age + Gender",47,-136.315573934877,0.0851063829787234,0.560905262886838,"116769,117072","10-129-09,10-245-02",2.90314772578082,0.00103509455090712,0.00460801921545964,0.141245198943298,2.11521300909275e-20,2.10993935997981e-05,0.110236869719473,0.12043745749665,0.173939202397123,0.000216789351071476,0.00282562122255917,0.0891491223897412,16.6905889286108,4.77465588503859,1.63079862887148,1.58437004377681,0.0489405157589987
"Bcell","cg27271129","LM23","CpG ~ as.numeric(LM) +Age + Gender",47,10.8033019914309,0.0851063829787234,0.560905262886838,"116769,117072","10-129-09,10-245-02",4.20606695265412,0.00685216671276845,-0.0207527197320253,0.31210640344914,8.43757168844303e-06,4.76609475102094e-08,0.131987690004325,0.468177638749989,0.831973218826997,0.00103693090305521,0.013515303918384,0.426411535111315,5.05553166553159,6.60812277132377,-1.5354978221242,0.731937055520002,0.000881077021412045
"Bcell","cg04297246","LM23","CpG ~ as.numeric(LM) +Age + Gender",47,-95.5706948205767,0.0851063829787234,0.560905262886838,"116769,117072","10-129-09,10-245-02",-2.95690299974668,-0.00163319969303146,-0.00373869319615078,-0.0768964703899542,4.17065391437738e-14,1.47992953344799e-05,0.395788971763399,0.578948469284568,0.268315086934284,0.00033441485747627,0.00435874600737425,0.137519628666034,-11.0202636517077,-4.88375338750419,-0.857745138125865,-0.559167234058615,0.0384891407312075
"Bcell","cg00317852","LM23","CpG ~ as.numeric(LM) +Age + Gender",47,-94.1876896762603,0.0851063829787234,0.560905262886838,"116769,117072","10-129-09,10-245-02",4.07759192283878,0.00173421445450051,-0.00940506801127966,-0.191274299574376,1.14731587694914e-18,7.05319045135327e-06,0.0392646420953966,0.177620689058589,0.2722919423375,0.000339371416378961,0.00442334954051407,0.139557887805904,14.9750737676427,5.11007813505423,-2.12623215170706,-1.37057319067768,0.0228642038046132
"Bcell","cg11828510","LM23","CpG ~ as.numeric(LM) +Age + Gender",47,-125.763518293371,0.0851063829787234,0.560905262886838,"116769,117072","10-129-09,10-245-02",2.47291711574767,0.00116995492579947,0.00921188176747103,0.0315221763554415,3.73225163296378e-16,1.79946964059647e-05,0.00564344574644068,0.753498443439831,0.19460302955118,0.000242543738913002,0.00316130258559366,0.0997399612035909,12.7074954662887,4.82368636289196,2.91395129635815,0.316043599526752,0.043646391376588
"Bcell","cg19882880","LM23","CpG ~ as.numeric(LM) +Age + Gender",47,10.8590919575701,0.0851063829787234,0.560905262886838,"116769,117072","10-129-09,10-245-02",4.875894312725,0.00682205554877191,-0.0283851208973224,0.0753138793418898,5.897470048365e-07,5.32184679971423e-08,0.0417273764013007,0.860715991216273,0.832467150045583,0.00103754651487173,0.0135233277710549,0.426664689857634,5.8571612254706,6.57518043864793,-2.09897455551417,0.176517722539964,0.000957925421518562
"Bcell","cg03265088","LM23","CpG ~ as.numeric(LM) +Age + Gender",47,12.91123598444,0.0851063829787234,0.560905262886838,"116769,117072","10-129-09,10-245-02",4.00910603425174,0.00590265910653047,-0.0155000930653326,0.0204816587183438,2.58495305481182e-05,1.55755817181197e-06,0.268331465947922,0.962756613478729,0.850840837491318,0.00106044658411004,0.0138218060926054,0.436081762537495,4.71193419214865,5.5662012542425,-1.12142313106425,0.0469674737121866,0.00832314063850413
"Bcell","cg25021613","LM23","CpG ~ as.numeric(LM) +Age + Gender",47,18.1591022862817,0.0851063829787234,0.560905262886838,"116769,117072","10-129-09,10-245-02",-2.20764477650509,-0.007866972086621,0.00796077096833863,-0.082423930222456,0.0182636340771329,1.22104934562366e-08,0.58878494794168,0.858975685328855,0.899692866843445,0.00112133337441274,0.0146154013776252,0.461119910831154,-2.45377601386412,-7.01572990346522,0.54468370472027,-0.178747280883815,0.00049128920421168
"Bcell","cg01376253","LM23","CpG ~ as.numeric(LM) +Age + Gender",47,-72.5773744384149,0.0851063829787234,0.560905262886838,"116769,117072","10-129-09,10-245-02",3.15524958258741,0.00278785633812541,0.00350717854178145,0.00815982416963818,9.93914349679672e-12,6.24158412713694e-08,0.532006575523206,0.96315836482553,0.342671334294194,0.000427088863054737,0.00556665421710798,0.175629463050558,9.2078013735416,6.52757910422992,0.630033482410826,0.0464604516116366,0.00101679891429254
"Bcell","cg04874846","LM23","CpG ~ as.numeric(LM) +Age + Gender",47,22.8078381812717,0.0851063829787234,0.560905262886838,"116769,117072","10-129-09,10-245-02",2.77037563125097,0.00698655111988087,-0.00185041830432497,0.307949426695017,0.00539699901399085,4.62295299109909e-07,0.904649634301291,0.52840196530097,0.945305431490806,0.00117818265366855,0.0153563719518646,0.484497735106637,2.93066720973127,5.92993887503487,-0.120498403537321,0.635605503144898,0.00379088403152459
"Bcell","cg07261230","LM23","CpG ~ as.numeric(LM) +Age + Gender",47,-77.1090561391794,0.0851063829787234,0.560905262886838,"116769,117072","10-129-09,10-245-02",3.28614415526983,-0.00220558379087915,0.00333723811141217,0.0536149388654841,7.12259913750637e-13,2.53846390994117e-06,0.532602010757771,0.750254176136076,0.326543247862,0.000406987601559486,0.00530465541135267,0.167363329071322,10.0634270553301,-5.41928988113605,0.62911496650094,0.320350575977345,0.011423004092633
"Bcell","cg24105068","LM23","CpG ~ as.numeric(LM) +Age + Gender",47,-71.4158574189056,0.0851063829787234,0.560905262886838,"116769,117072","10-129-09,10-245-02",3.6790886189886,-0.00219131345407225,-0.00363587294894932,0.108585907751592,1.41005523351093e-13,8.1043611422174e-06,0.522269607595864,0.544629690791987,0.346931842995061,0.000432398953613774,0.00563586566362584,0.177813103117787,10.6046438033103,-5.06780471080781,-0.6451312302235,0.610674387025697,0.0248580381142197
"Bcell","ch.6.1140072F","LM23","CpG ~ as.numeric(LM) +Age + Gender",47,18.0756823706361,0.0851063829787234,0.560905262886838,"116769,117072","10-129-09,10-245-02",-4.12157734471365,-0.00725474050749715,0.00842779298207508,-0.24210569294587,3.88856339629952e-05,7.4315109581954e-08,0.566847949357107,0.601932005731011,0.898894792263887,0.00112033869312281,0.0146024367529856,0.460710873377903,-4.58516100013591,-6.47548866430331,0.57714976785309,-0.525504621088638,0.0010589825703856
"Bcell","cg10992420","LM23","CpG ~ as.numeric(LM) +Age + Gender",47,34.9075976820324,0.0851063829787234,0.560905262886838,"116769,117072","10-129-09,10-245-02",3.71379395680856,0.007723201879542,-0.0210900429109669,0.770831610045321,0.00125286562087804,8.06704494625271e-07,0.233840781288846,0.169035683336254,1.0751644751015,0.0013400326415215,0.0174659163473245,0.551054437751701,3.4541635654935,5.76344309850015,-1.20749707553692,1.39883023751757,0.00526678692837641
"Bcell","cg04436500","LM23","CpG ~ as.numeric(LM) +Age + Gender",47,-101.454760152529,0.0851063829787234,0.560905262886838,"116769,117072","10-129-09,10-245-02",3.10636729212536,0.00154640339162843,0.00127062511297406,0.072946121521692,1.05258484695214e-15,1.30244747792718e-05,0.757799825805934,0.575207696458027,0.252034390322523,0.000314123390085285,0.00409426806778242,0.129175277336204,12.3251723233095,4.92291704609636,0.310342432869147,0.564706521448648,0.0352121566270673
"Bcell","cg20565090","LM23","CpG ~ as.numeric(LM) +Age + Gender",47,-81.7045012421821,0.0851063829787234,0.560905262886838,"116769,117072","10-129-09,10-245-02",3.91951770134135,0.00185046451748438,-0.00832067971273354,0.0345212626829034,4.9267306581571e-16,2.11075404774956e-05,0.106816925595273,0.829544603955742,0.31096323354503,0.000387569430457673,0.00505155997056012,0.159378098691765,12.6044409065928,4.77453682376136,-1.6471505359187,0.21659978984733,0.0489405157589987
"Bcell","cg21598117","LM23","CpG ~ as.numeric(LM) +Age + Gender",47,-49.482904255319,0.0851063829787234,0.560905262886838,"116769,117072","10-129-09,10-245-02",3.56592042100197,0.00311618393537626,-0.00759106015378502,0.125976383439779,3.01108363678678e-10,9.74157938605819e-07,0.292097396300609,0.577684246049197,0.438104572441644,0.000546032203506535,0.00711695558293416,0.224541895155611,8.13942753696541,5.70695998398008,-1.06661620482608,0.561037321576338,0.00594927820729185
"Bcell","cg18470649","LM23","CpG ~ as.numeric(LM) +Age + Gender",47,-95.8210834629839,0.0851063829787234,0.560905262886838,"116769,117072","10-129-09,10-245-02",4.00039569947077,0.00178673362936467,-0.00548475326287416,0.247074789549834,1.22181669250841e-18,3.11978779500841e-06,0.213862037138147,0.0786476687854925,0.267601324682123,0.000333525258965222,0.00434715102625571,0.137153803840474,14.9490878052369,5.35711638425257,-1.26168914531554,1.80144321653092,0.0130915291585692
"Bcell","cg22773954","LM23","CpG ~ as.numeric(LM) +Age + Gender",47,28.6065116319141,0.0851063829787234,0.560905262886838,"116769,117072","10-129-09,10-245-02",3.14404253173158,0.00691993420655073,-0.02036158785533,-0.108301026688856,0.00316403913205425,1.80425317971757e-06,0.219287106581485,0.834535457738795,1.00545564778977,0.00125315095396286,0.0163335049119654,0.515326547247345,3.1269828148491,5.52202764133698,-1.24661473242119,-0.210159999067298,0.0089717283699709
"Bcell","cg26379120","LM23","CpG ~ as.numeric(LM) +Age + Gender",47,-49.3516110560281,0.0851063829787234,0.560905262886838,"116769,117072","10-129-09,10-245-02",3.82741386000317,0.00391393263104528,-0.0152567944785807,0.0532571750697853,4.58474909021218e-11,7.60540393513604e-09,0.0380072937912174,0.813897588953068,0.438716916482987,0.000546795399298661,0.00712690303753256,0.224855740068856,8.72410822606516,7.15794726156333,-2.14073271352697,0.236850413751842,0.000476681381618029
"Bcell","cg19224886","LM23","CpG ~ as.numeric(LM) +Age + Gender",47,36.734019241443,0.0851063829787234,0.560905262886838,"116769,117072","10-129-09,10-245-02",3.05214286860179,0.00676250493435914,-0.00910311611922494,-0.131553756997403,0.00794607325768233,1.19445238625944e-05,0.61185093940045,0.815989707283221,1.09625921057327,0.00136632409250509,0.0178085977636577,0.561866130161664,2.78414342079344,4.94941498247345,-0.511164115223144,-0.234137190222787,0.032679978397581
"Bcell","cg20363931","LM23","CpG ~ as.numeric(LM) +Age + Gender",47,-75.1522308835057,0.0851063829787234,0.560905262886838,"116769,117072","10-129-09,10-245-02",3.57690390901819,-0.00209956939467653,-0.000517107171356756,0.11652384412001,9.79457274288932e-14,8.52132751710014e-06,0.92438234409962,0.49896579976552,0.333412242198414,0.00041554878158206,0.00541624139028741,0.170883897225897,10.7281720834041,-5.05252208100126,-0.0954734351914319,0.681888966787628,0.0259046462891507
"Bcell","cg22257236","LM23","CpG ~ as.numeric(LM) +Age + Gender",47,-65.2873463981381,0.0851063829787234,0.560905262886838,"116769,117072","10-129-09,10-245-02",3.24141988453763,0.00246553991041841,-0.00486826783278786,0.0278450012951941,4.17625938555797e-11,3.27883900098946e-06,0.422809323265669,0.88404420163817,0.37030436238408,0.000461529323544312,0.00601554940311722,0.189792228943666,8.75339373176389,5.34210890758643,-0.809280666910516,0.146713073818523,0.0135921786817078
"Bcell","cg13830353","LM23","CpG ~ as.numeric(LM) +Age + Gender",47,-21.5749333781148,0.0851063829787234,0.560905262886838,"116769,117072","10-129-09,10-245-02",2.37797581818921,0.00361074448401225,0.00470138310995367,0.158221894072228,0.000221012478378426,1.3407046389243e-05,0.625993873090751,0.603219743954596,0.589544932797443,0.000734780093545768,0.00957708584842992,0.302159677886854,4.03357858900679,4.91404777528495,0.490899129898102,0.523636691628576,0.0358216902148839
"Bcell","cg04809426","LM23","CpG ~ as.numeric(LM) +Age + Gender",47,-64.5802852766112,0.0851063829787234,0.560905262886838,"116769,117072","10-129-09,10-245-02",3.65691986013747,-0.00230794509515063,0.00140257149864624,0.138051766494372,1.5810832326716e-12,1.14191549029598e-05,0.818093611378108,0.474243543848221,0.373100266812547,0.000465014002664096,0.00606096853106795,0.191225214852813,9.80143994904935,-4.96317332796057,0.231410457166507,0.721932861210961,0.0318801830932653
"Bcell","cg18237218","LM23","CpG ~ as.numeric(LM) +Age + Gender",47,-20.0576586146922,0.0851063829787234,0.560905262886838,"116769,117072","10-129-09,10-245-02",4.26702739771521,0.00385235259214425,-0.0143908234477829,-0.180081488603665,8.57297375035498e-09,6.00576714416212e-06,0.146543541540332,0.56064700522869,0.599138122394528,0.000746736577873606,0.00973292604859176,0.307076478824839,7.12194273444246,5.1589177580053,-1.47857112814137,-0.586438561796802,0.0205395734888558
"Bcell","cg15836112","LM23","CpG ~ as.numeric(LM) +Age + Gender",47,-69.8636527614958,0.0851063829787234,0.560905262886838,"116769,117072","10-129-09,10-245-02",3.06488407037896,0.00214540397697045,-0.0084686870162265,0.115941497375303,5.11871235545559e-11,1.49632255501523e-05,0.146687071511284,0.524691113083564,0.352708225424966,0.000439598355366007,0.00572970229480857,0.180773674496272,8.6895735609403,4.88037307415357,-1.47803264122459,0.641362729934958,0.0386217790950054
"Bcell","cg13678412","LM23","CpG ~ as.numeric(LM) +Age + Gender",47,23.2781042568104,0.0851063829787234,0.560905262886838,"116769,117072","10-129-09,10-245-02",4.01218997745597,0.0065164789487725,-0.0213598571586754,0.0480848490252876,0.000122614040180188,1.91985672051418e-06,0.173499444493183,0.921794485869614,0.950046483873726,0.00118409167047054,0.0154333897721479,0.486927668401238,4.22315123055521,5.50335680191296,-1.38400296202088,0.0987515233693082,0.00937980283962926
"Bcell","cg07407549","LM23","CpG ~ as.numeric(LM) +Age + Gender",47,32.6248804842263,0.0851063829787234,0.560905262886838,"116769,117072","10-129-09,10-245-02",4.13727891762226,0.00644652950985925,-0.0305506391678701,-0.100358551334737,0.000292204440557813,1.2769149788626e-05,0.0801462174598939,0.852853623320044,1.04936941273572,0.00130788293200197,0.0170468786913304,0.537833685096715,3.94263342099547,4.92898053191319,-1.79215443020706,-0.186597742230836,0.0346588674986954
"Bcell","cg20758929","LM23","CpG ~ as.numeric(LM) +Age + Gender",47,-0.968402964256713,0.0851063829787234,0.560905262886838,"116769,117072","10-129-09,10-245-02",3.80246619356316,0.00729344527687723,-0.0132446953202657,-0.10012910266499,5.59973291694806e-06,5.19329324362501e-10,0.272862818619034,0.791399509801153,0.734044275477532,0.000914877037179847,0.0119244601245894,0.376219978315353,5.1801591819369,7.97204977333307,-1.11071655923054,-0.266145097114062,0.000217983354559089
"Bcell","ch.16.49831971R","LM23","CpG ~ as.numeric(LM) +Age + Gender",47,-27.1768368288574,0.0851063829787234,0.560905262886838,"116769,117072","10-129-09,10-245-02",-5.03796998166917,-0.00362564604026866,0.00490928754593001,-0.395674722082599,1.53088887316065e-11,4.63707145056846e-06,0.589193277024297,0.171713430941485,0.555437572146622,0.000692270340250646,0.00902301591610722,0.284678619981869,-9.07027222195056,-5.23732684973322,0.544084992376697,-1.38989967742502,0.0177191826079976
"Bcell","cg06671614","LM23","CpG ~ as.numeric(LM) +Age + Gender",47,10.1071753337437,0.0851063829787234,0.560905262886838,"116769,117072","10-129-09,10-245-02",3.08203641599038,0.00681513051901673,-0.00625488489774155,-0.068048140601832,0.000552647846904452,4.56105354911762e-08,0.643396968544093,0.873027928699885,0.825834713397691,0.00102928016883182,0.0134155846430464,0.423265364700818,3.73202575041936,6.6212589393921,-0.466240202284705,-0.160769451688851,0.000881077021412045
"Bcell","cg19390944","LM23","CpG ~ as.numeric(LM) +Age + Gender",47,22.4740192360619,0.0851063829787234,0.560905262886838,"116769,117072","10-129-09,10-245-02",4.56496615340191,0.00631453881008512,-0.0274960103256303,0.218783716905914,1.67204932290249e-05,2.90508981295336e-06,0.079378016234689,0.65270163692415,0.941954354846622,0.00117400603493585,0.0153019341186807,0.482780206580735,4.84627108512622,5.37862551143546,-1.79689770668029,0.453174579081107,0.012419168166319
"Bcell","cg12554282","LM23","CpG ~ as.numeric(LM) +Age + Gender",47,32.488902499014,0.0851063829787234,0.560905262886838,"116769,117072","10-129-09,10-245-02",3.28631861093694,0.00633036942301565,-0.018103846210608,0.435101873321586,0.00308404265710566,1.66715585359348e-05,0.293473033133991,0.422308885363324,1.0478525193148,0.00130599234991446,0.0170222369418946,0.537056231162406,3.13624155151709,4.84717190221692,-1.06354095953461,0.810160739369601,0.0417701929699147
"Bcell","cg05293209","LM23","CpG ~ as.numeric(LM) +Age + Gender",47,30.928325055144,0.0851063829787234,0.560905262886838,"116769,117072","10-129-09,10-245-02",2.54340178641873,0.0075364757917403,-0.0223740814060156,0.240109477327795,0.0176469448797489,5.70096914196165e-07,0.188445328571952,0.651706019694758,1.03059979958815,0.00128448940025037,0.0167419686048283,0.528213688473524,2.46788500001176,5.86729309737495,-1.33640684283466,0.454568828047005,0.00428509273434732
"Bcell","cg08404739","LM23","CpG ~ as.numeric(LM) +Age + Gender",47,14.752926413667,0.0851063829787234,0.560905262886838,"116769,117072","10-129-09,10-245-02",3.86810210159751,0.00636333435347531,-0.0151718298507339,-0.16115073697274,5.83909266452612e-05,5.38758901267053e-07,0.287761023655902,0.718848532447391,0.867675270625992,0.00108142820173635,0.0140952794147751,0.444709920647928,4.45800662130987,5.88419494078135,-1.07637666514296,-0.362372705196116,0.00414054376036133
"Bcell","cg01639438","LM23","CpG ~ as.numeric(LM) +Age + Gender",47,17.6241284316886,0.0851063829787234,0.560905262886838,"116769,117072","10-129-09,10-245-02",3.67086690741388,0.00612499771804147,-0.0120467525743311,0.125628432655296,0.00017808103381857,1.98434920564164e-06,0.411707910362265,0.785398926904947,0.894587067578321,0.00111496975485985,0.0145324582885295,0.458503033684939,4.10342049472171,5.49342050880237,-0.828954904610984,0.273996949694386,0.00962613429016208
"Bcell","cg08064403","LM23","CpG ~ as.numeric(LM) +Age + Gender",47,19.3773382599494,0.0851063829787234,0.560905262886838,"116769,117072","10-129-09,10-245-02",3.79801753591082,0.00649372264349417,-0.0209086521727411,0.254853895642765,0.000146085359120972,9.4360905769518e-07,0.165096538126771,0.588182031668522,0.911428731751152,0.00113596038489997,0.014806049078036,0.467134897921977,4.16710314652204,5.71650449242204,-1.41216958437332,0.545568093448956,0.0058656244476789
"Bcell","cg14117541","LM23","CpG ~ as.numeric(LM) +Age + Gender",47,16.5727952075494,0.0851063829787234,0.560905262886838,"116769,117072","10-129-09,10-245-02",2.05880586356351,0.00776379842345141,-0.0126613499467281,0.306746812240983,0.0247262730174979,1.12037835116346e-08,0.383191473494872,0.502319392908427,0.884637395808711,0.00110256896851278,0.0143708270787605,0.453403524809984,2.32728785072601,7.04155354011439,-0.881045320310134,0.67654262804758,0.00049128920421168
"Bcell","cg15064681","LM23","CpG ~ as.numeric(LM) +Age + Gender",47,11.159299850105,0.0851063829787234,0.560905262886838,"116769,117072","10-129-09,10-245-02",3.65456310225911,0.00643624351345739,-0.00541143342419948,0.0593372696830464,7.57526545731392e-05,1.97692632744033e-07,0.69195601327571,0.89039059202662,0.835130051193781,0.00104086542518021,0.0135665862768674,0.428029507547383,4.37604071010866,6.18355010912487,-0.398879520150666,0.138628923092359,0.00204879958081447
"Bcell","cg16185742","LM23","CpG ~ as.numeric(LM) +Age + Gender",47,72.5014291708303,0.0851063829787234,0.560905262886838,"116769,117072","10-129-09,10-245-02",1.86671125317441,0.0107787412544486,0.000309459348953019,1.17280427864248,0.250885034696996,2.77750649785443e-06,0.990578331689287,0.160878901377538,1.60385166583838,0.00199896260912002,0.026054375565567,0.82202267506305,1.16389270462779,5.39216751992853,0.01187744254988,1.42672983875114,0.0121680036132727
"Bcell","cg16978367","LM23","CpG ~ as.numeric(LM) +Age + Gender",47,-52.746082406192,0.0851063829787234,0.560905262886838,"116769,117072","10-129-09,10-245-02",-4.42785717894176,0.00275329107284317,-0.000740130800914743,-0.189859079191626,2.14105277462137e-13,4.90235204466385e-06,0.914759092959233,0.38621596028035,0.423156873895435,0.000527402119987776,0.00687413203505934,0.216880745807009,-10.4638668354373,5.22047782611679,-0.107668982373329,-0.875407719966859,0.0180278725096229
"Bcell","cg00840504","LM23","CpG ~ as.numeric(LM) +Age + Gender",47,-92.3092619808632,0.0851063829787234,0.560905262886838,"116769,117072","10-129-09,10-245-02",3.59291968591207,0.00167286885102044,-0.00740157021545182,0.345769459144315,2.03661904755686e-16,1.7526881603371e-05,0.108262054537216,0.0194133678008692,0.277787957951868,0.000346221382586102,0.00451263164682164,0.142374762678899,12.9340368545947,4.83178952878339,-1.64018931628619,2.42858672870372,0.0428153549367777
"Bcell","cg20174655","LM23","CpG ~ as.numeric(LM) +Age + Gender",47,-58.2668909338099,0.0851063829787234,0.560905262886838,"116769,117072","10-129-09,10-245-02",2.76537430416468,0.00246252842398987,0.00126193032743654,0.266605410451793,1.62286309562851e-08,1.18591627203707e-05,0.846559273443143,0.199295703387039,0.39901977016759,0.000497318809372395,0.00648202771582258,0.204509747293088,6.9304192697099,4.95160926468381,0.194681414946156,1.30363180230091,0.0325911484381348
"Bcell","cg01043196","LM23","CpG ~ as.numeric(LM) +Age + Gender",47,-87.4594492326562,0.0851063829787234,0.560905262886838,"116769,117072","10-129-09,10-245-02",3.04910025258077,-0.00189000905378613,-0.000709747124389971,0.154158028792322,2.40806925744658e-13,5.52098204227092e-06,0.881959122621071,0.309551456278984,0.292496246501407,0.00036455307714422,0.00475156600837066,0.149913207135214,10.424408138742,-5.1844550828971,-0.149371201650074,1.02831519475985,0.0196279504007944
"Bcell","cg02420939","LM23","CpG ~ as.numeric(LM) +Age + Gender",47,-102.4955953504,0.0851063829787234,0.560905262886838,"116769,117072","10-129-09,10-245-02",2.41139006985995,0.00156892151821534,0.00292814520508502,0.0960762021214352,2.33591716371087e-12,8.58612321653365e-06,0.473506444497206,0.456119559417179,0.249259078852629,0.000310664377026194,0.00404918346994322,0.127752845943571,9.67423165069805,5.05021378129574,0.723144610961794,0.752047450777518,0.025986129865013
"Bcell","cg17449851","LM23","CpG ~ as.numeric(LM) +Age + Gender",47,-65.3607331624789,0.0851063829787234,0.560905262886838,"116769,117072","10-129-09,10-245-02",-4.13352930694524,-0.00359217471703881,0.00272023920591423,-0.0973168110712227,2.69427762260165e-14,9.44471405956126e-10,0.653144657858605,0.610469480142862,0.370015374791902,0.000461169143483045,0.0060108548347723,0.189644114028402,-11.1712366256941,-7.78927811585225,0.452554466991595,-0.513154924790591,0.000217983354559089
"Bcell","cg04820403","LM23","CpG ~ as.numeric(LM) +Age + Gender",47,9.77774397333568,0.0851063829787234,0.560905262886838,"116769,117072","10-129-09,10-245-02",3.44381264444684,0.006392278282131,-0.00587782893184111,0.0786337342258357,0.000138263627153061,1.67927049601801e-07,0.662376194828708,0.852983539792527,0.822945567785382,0.00102567927844132,0.0133686508233859,0.421784589853952,4.18473928198488,6.23223888450302,-0.439672560043156,0.186431026920788,0.00185260100471587
"Bcell","cg01817019","LM23","CpG ~ as.numeric(LM) +Age + Gender",47,-104.066171527035,0.0851063829787234,0.560905262886838,"116769,117072","10-129-09,10-245-02",2.63969620603661,-0.00148646754262775,-0.00212502714588205,0.0749896057491176,8.69719727881086e-14,1.57101604068829e-05,0.596334374244702,0.553717642168882,0.24512899340028,0.00030551683965253,0.00398209073326103,0.125636051751133,10.7686005209761,-4.86541934748453,-0.533646089008577,0.596879675092477,0.0402459594288609
"Bcell","cg22983786","LM23","CpG ~ as.numeric(LM) +Age + Gender",47,6.1857126270998,0.0851063829787234,0.560905262886838,"116769,117072","10-129-09,10-245-02",-5.06592183670787,-0.00564701075391269,0.0145362786497916,-0.44258776000974,9.71167985714765e-08,9.32384810391462e-07,0.264867173375719,0.281698754281731,0.792091535516611,0.000987224315205294,0.0128674308155977,0.405970961522682,-6.39562677993247,-5.72008880548935,1.1296954969574,-1.09019560992668,0.0058656244476789
"Bcell","cg18440557","LM23","CpG ~ as.numeric(LM) +Age + Gender",47,-74.7178144766189,0.0851063829787234,0.560905262886838,"116769,117072","10-129-09,10-245-02",4.11992255607116,-0.00287555013800943,-0.00439179490470705,0.146779480060932,1.12808732824575e-15,1.8698065407348e-08,0.424040681156326,0.397299717134491,0.334956656553206,0.000417473664421274,0.00544133021395214,0.171675456474406,12.2998676857665,-6.88797972920202,-0.807117879640171,0.854982319984768,0.000634429334119253
"Bcell","cg20303572","LM23","CpG ~ as.numeric(LM) +Age + Gender",47,8.15914568057015,0.0851063829787234,0.560905262886838,"116769,117072","10-129-09,10-245-02",2.54170625714732,0.00721401617581839,-0.00661552826697606,-0.0234308972474383,0.0030336597843594,7.66598468965171e-09,0.617218367756413,0.955192038483515,0.808896464235779,0.00100816915996498,0.01314042484212,0.414583997724352,3.14218984693999,7.15556125131719,-0.503448583014669,-0.0565166465084284,0.000476681381618029
"Bcell","cg15025874","LM23","CpG ~ as.numeric(LM) +Age + Gender",47,-70.660336039909,0.0851063829787234,0.560905262886838,"116769,117072","10-129-09,10-245-02",2.6163851227825,0.00216802589188274,0.0027757212171845,0.109301463085001,2.60514217622439e-09,1.10286804922407e-05,0.627630420743359,0.54521804211658,0.34973153043703,0.000435888347697355,0.00568134624617156,0.179248027936214,7.48112450574024,4.97381015880708,0.488567514971464,0.609777771858644,0.0309930946047668
"Bcell","cg26105779","LM23","CpG ~ as.numeric(LM) +Age + Gender",47,-113.26886970082,0.0851063829787234,0.560905262886838,"116769,117072","10-129-09,10-245-02",-0.0077956421083732,0.00139576932749874,-0.00193650612576892,0.207934328495566,0.972183703082095,8.92417738628984e-06,0.59449994060858,0.0749095694513953,0.222267926712066,0.000277023919460654,0.00361071548079162,0.113919060963199,-0.0350731759804102,5.03844335975105,-0.536321993818342,1.8252812719615,0.0264246437720144
"Bcell","cg03167320","LM23","CpG ~ as.numeric(LM) +Age + Gender",47,38.3954788787063,0.0851063829787234,0.560905262886838,"116769,117072","10-129-09,10-245-02",0.976447277100481,0.00760058692217814,0.00345322861037594,0.291006836400441,0.386379680955128,2.17847534408476e-06,0.849805550134655,0.613454992936444,1.11580795864482,0.00139068870008225,0.0181261648023941,0.571885457089573,0.875103345101072,5.4653402459721,0.190510714650451,0.508855108646103,0.0101377911029477
"Bcell","cg16993954","LM23","CpG ~ as.numeric(LM) +Age + Gender",47,-70.1544171208429,0.0851063829787234,0.560905262886838,"116769,117072","10-129-09,10-245-02",3.97022424467715,-0.00234345168020639,-0.00236141383905341,0.169353496551209,1.90758665732156e-14,3.22178058858974e-06,0.681359101277371,0.3526060497504,0.35161890062557,0.000438240673985888,0.00571200634571249,0.180215362462382,11.2912708549332,-5.34740798678548,-0.413412327671155,0.939728412923505,0.0134370842298319
"Bcell","cg14181908","LM23","CpG ~ as.numeric(LM) +Age + Gender",47,7.95419281514277,0.0851063829787234,0.560905262886838,"116769,117072","10-129-09,10-245-02",4.13447389039071,0.00608983323856618,-0.00897073965125701,0.0234855197883618,6.77282648599979e-06,3.05483444891349e-07,0.497537028297683,0.954989771722417,0.80713470844722,0.00100597339334719,0.0131118053332542,0.413681044392092,5.12240874679356,6.05367227288526,-0.684172730089686,0.0567720472251126,0.00278598865184611
"Bcell","cg05106804","LM23","CpG ~ as.numeric(LM) +Age + Gender",47,12.1557442768592,0.0851063829787234,0.560905262886838,"116769,117072","10-129-09,10-245-02",3.57936010308095,0.00670103839980789,-0.0145938871076664,0.332992218466999,0.000116017104671186,1.05803506166548e-07,0.293097296863576,0.445649176895751,0.844029912468072,0.00105195777885144,0.0137111634426121,0.432590956669026,4.24079768999461,6.37006402207921,-1.0643799243404,0.769762320116576,0.00134016794815533
"Bcell","cg07059889","LM23","CpG ~ as.numeric(LM) +Age + Gender",47,32.1745861863349,0.0851063829787234,0.560905262886838,"116769,117072","10-129-09,10-245-02",2.34853143962431,0.00725045874566935,-0.00746337218353874,0.364254985498937,0.0297037122905363,1.53654504110237e-06,0.662200584564746,0.499826241252248,1.04435457141379,0.00130163267799984,0.0169654132029773,0.535263426658057,2.2487874366701,5.57028020901472,-0.439916911792575,0.680515363758702,0.00831704147382009
"Bcell","cg25568981","LM23","CpG ~ as.numeric(LM) +Age + Gender",47,-115.751832796969,0.0851063829787234,0.560905262886838,"116769,117072","10-129-09,10-245-02",3.58302091957587,0.00135537966434066,-0.00466766409430649,0.122502218164989,2.88927859506955e-20,9.36918351199178e-06,0.191405035706578,0.275678304231988,0.21647369312407,0.000269802268894324,0.00351658885971326,0.110949340324192,16.5517614074348,5.02360365572587,-1.32732721410233,1.10412750366103,0.0275041831600207
"Bcell","cg16219822","LM23","CpG ~ as.numeric(LM) +Age + Gender",47,-61.7502000627583,0.0851063829787234,0.560905262886838,"116769,117072","10-129-09,10-245-02",2.80653228074357,0.00243800633008425,0.00119370135844433,0.398018032171337,4.75934926703787e-09,7.59986268086682e-06,0.849340706859284,0.0496765519625134,0.384504112600792,0.000479227200690084,0.00624622262119818,0.19707003206411,7.29909561112401,5.08737051355503,0.191107719150642,2.01967812154135,0.0239551524165876
"Bcell","cg05865596","LM23","CpG ~ as.numeric(LM) +Age + Gender",47,8.74663884648451,0.0851063829787234,0.560905262886838,"116769,117072","10-129-09,10-245-02",3.73327571973997,0.0068501539819896,-0.0148696641702134,0.0237429983289454,3.87170089622933e-05,2.9420441130769e-08,0.267019668434891,0.954878430779682,0.813967839683956,0.00101448987534885,0.0132228087204893,0.417183231619202,4.58651501660006,6.75231379675825,-1.12454656832268,0.0569126382112539,0.000745312393749642
"Bcell","cg04402923","LM23","CpG ~ as.numeric(LM) +Age + Gender",47,46.5456224611182,0.0851063829787234,0.560905262886838,"116769,117072","10-129-09,10-245-02",3.64961507911281,0.00837833616332322,-0.0201456456460361,1.63567280427737,0.00448826259872477,1.79099158306113e-06,0.313851377739445,0.0120225793272201,1.21687053051394,0.00151664816793758,0.019767914010993,0.623683093645432,2.99918108590518,5.52424506912276,-1.01910832042436,2.62260244175748,0.0089717283699709
"Bcell","cg12766815","LM23","CpG ~ as.numeric(LM) +Age + Gender",47,35.0110171507178,0.0851063829787234,0.560905262886838,"116769,117072","10-129-09,10-245-02",-3.52284836400781,-0.00643514449266057,0.0149564455587012,-0.413596817003791,0.00210403341490251,1.9627287970815e-05,0.397081916888422,0.45749982952358,1.07634802966357,0.00134150776628884,0.0174851430474734,0.551661045399973,-3.27296401063599,-4.79694911529497,0.855380222975204,-0.749729966349028,0.0459012521261305
"Bcell","cg02404489","LM23","CpG ~ as.numeric(LM) +Age + Gender",47,-89.2237853199032,0.0851063829787234,0.560905262886838,"116769,117072","10-129-09,10-245-02",2.76789559325594,-0.0019346096657267,0.00156818139809579,0.0774785817980312,2.57712095708115e-12,2.6411128284703e-06,0.738289504063501,0.601167087489263,0.287057430287546,0.000357774401484273,0.00466321309937895,0.147125648691674,9.64230603779645,-5.40734512503052,0.336287740807866,0.526615056497732,0.0118072416281669
"Bcell","cg01538756","LM23","CpG ~ as.numeric(LM) +Age + Gender",47,27.6645643156147,0.0851063829787234,0.560905262886838,"116769,117072","10-129-09,10-245-02",-3.96218993827565,-0.00605706574220019,0.018064978180787,-0.290841851444595,0.000260303068520839,1.48769822968094e-05,0.270135156079093,0.571598598427552,0.995430575252778,0.00124065619177132,0.0161706488258857,0.510188393189782,-3.98037797590203,-4.88214686903093,1.11714615630443,-0.570067558037148,0.0385446269170687
"Bcell","cg05272661","LM23","CpG ~ as.numeric(LM) +Age + Gender",47,31.285332287516,0.0851063829787234,0.560905262886838,"116769,117072","10-129-09,10-245-02",1.5576894503162,0.00781758193843559,0.0090644005172595,-0.284599285481816,0.13945281349398,2.96017659933713e-07,0.592416777376399,0.594204512101584,1.03452140767594,0.00128937710158964,0.0168056746520373,0.53022363168681,1.50571021417098,6.06306869324536,0.539365464638496,-0.536753302708171,0.00278598865184611
"Bcell","cg01853974","LM23","CpG ~ as.numeric(LM) +Age + Gender",47,8.83144434714577,0.0851063829787234,0.560905262886838,"116769,117072","10-129-09,10-245-02",3.76535930413324,0.00687623763805619,-0.0120039997646672,0.266081524400348,3.45717768201135e-05,2.75545303231307e-08,0.369458277838892,0.527353631091747,0.814702521577735,0.00101540554708243,0.0132347435386458,0.417559778396257,4.62175972751542,6.77191261936053,-0.907006601950033,0.637229776829322,0.000727205333283506
"Bcell","cg09813782","LM23","CpG ~ as.numeric(LM) +Age + Gender",47,-56.4698811585826,0.0851063829787234,0.560905262886838,"116769,117072","10-129-09,10-245-02",3.70115179957776,0.00269087355334967,-0.00560166917699643,0.254026370862197,1.39428479770471e-11,3.66715053803334e-06,0.401232412696951,0.229638456611667,0.40672126173762,0.000506917573404538,0.00660713751123231,0.208456995556263,9.09997127704972,5.30830591505704,-0.847820885742644,1.21860324324608,0.01501983612133
"Bcell","cg02967236","LM23","CpG ~ as.numeric(LM) +Age + Gender",47,-102.354673180975,0.0851063829787234,0.560905262886838,"116769,117072","10-129-09,10-245-02",2.40099086389335,-0.00153128754996704,-0.00344148787685108,0.0947873538207548,2.7768632024391e-12,1.30767744103207e-05,0.400776848185182,0.462812651494015,0.249633041335173,0.000311130465652556,0.00405525844506416,0.127944513070165,9.6180812085273,-4.92168951296802,-0.848648223898006,0.740847352858138,0.0352143634361705
"Bcell","cg20255451","LM23","CpG ~ as.numeric(LM) +Age + Gender",47,-80.9070543766775,0.0851063829787234,0.560905262886838,"116769,117072","10-129-09,10-245-02",3.13793906995284,0.00189652937583038,0.00282216945024905,-0.0469056313135797,8.48228004804416e-13,1.64087328623426e-05,0.582480218141271,0.771829082001315,0.313612504702648,0.000390871353009675,0.00509459705883069,0.160735930597507,10.0057842812361,4.85205518702578,0.553953417249605,-0.291817959675951,0.0414527042195023
"Bcell","cg11915510","LM23","CpG ~ as.numeric(LM) +Age + Gender",47,8.65066325037098,0.0851063829787234,0.560905262886838,"116769,117072","10-129-09,10-245-02",3.98023598662832,0.0062691991297375,-0.0135666165885182,0.0200323681451442,1.42705690128105e-05,1.96096184936598e-07,0.310140308044926,0.96188524819575,0.813137188824998,0.00101345459257074,0.0132093148981464,0.416757497833673,4.89491323398927,6.18596943138321,-1.02704922194125,0.0480672051475343,0.00204879958081447
"Bcell","cg01822710","LM23","CpG ~ as.numeric(LM) +Age + Gender",47,35.6233039542035,0.0851063829787234,0.560905262886838,"116769,117072","10-129-09,10-245-02",2.67209291304281,0.00702885330210343,-0.0103310386995769,0.14398777278743,0.0177093668032309,5.1507642999344e-06,0.560266246292779,0.796631148674736,1.0833819097995,0.00135027445194203,0.0175994075762003,0.555266122533081,2.46643670978162,5.20549973525321,-0.587010594239979,0.259313087804761,0.0186407250123472
"Bcell","cg23237621","LM23","CpG ~ as.numeric(LM) +Age + Gender",47,-77.341757539715,0.0851063829787234,0.560905262886838,"116769,117072","10-129-09,10-245-02",3.29735049090815,-0.00214811541281002,-0.00551817063463431,0.305497628001595,5.95268930466145e-13,3.88110635100422e-06,0.302855215419969,0.0742059568901859,0.325735874522624,0.00040598133074817,0.00529153972948896,0.166949525721334,10.1227735377337,-5.29116796787509,-1.04282891497202,1.82988017894415,0.015524311921375
"Bcell","cg22840583","LM23","CpG ~ as.numeric(LM) +Age + Gender",47,16.850940193162,0.0851063829787234,0.560905262886838,"116769,117072","10-129-09,10-245-02",4.08245112838447,0.00615815541187478,-0.0251562656447012,0.38872412352355,3.69342922951853e-05,1.54425729307254e-06,0.0880692276939022,0.397391978636661,0.887258904912303,0.00110583628979264,0.0144134131758344,0.454747127820122,4.60119487759661,5.56877674273965,-1.74533716183745,0.854813806932523,0.00831704147382009
"Bcell","cg08251925","LM23","CpG ~ as.numeric(LM) +Age + Gender",47,18.6433495573002,0.0851063829787234,0.560905262886838,"116769,117072","10-129-09,10-245-02",3.11241778914359,0.00626577206394293,-0.00156728807463585,-0.0405382133900666,0.00129907367597407,1.59495665112828e-06,0.915535572189052,0.930711282732981,0.904339653507304,0.00112712490301321,0.0146908878627485,0.46350153008263,3.44164692665271,5.55907517187518,-0.106684367158639,-0.0874607973415744,0.0084569176324689
"Bcell","cg12811804","LM23","CpG ~ as.numeric(LM) +Age + Gender",47,40.3933647656664,0.0851063829787234,0.560905262886838,"116769,117072","10-129-09,10-245-02",3.91288016775284,0.00688087517179625,-0.0293975924034515,0.0442910309959284,0.00133185799447784,1.68572857448952e-05,0.119675551649607,0.939915017806383,1.13977727927767,0.00142056289401902,0.0185155435056255,0.584170461673059,3.43302173055478,4.84376665106959,-1.58772505892251,0.0758186760574632,0.0420813838068598
"Bcell","cg14119788","LM23","CpG ~ as.numeric(LM) +Age + Gender",47,28.0277105784305,0.0851063829787234,0.560905262886838,"116769,117072","10-129-09,10-245-02",1.05695369668962,0.00896757651767059,-0.00761605759856195,0.455949725549443,0.296093069842787,6.60841325763099e-09,0.641322391376523,0.378289370368794,0.999283618358482,0.00124545843705602,0.0162332410432862,0.512163194767974,1.05771142173417,7.20022142117236,-0.469164326350703,0.8902430518382,0.000476681381618029
"Bcell","cg14333935","LM23","CpG ~ as.numeric(LM) +Age + Gender",47,21.9509345420796,0.0851063829787234,0.560905262886838,"116769,117072","10-129-09,10-245-02",3.98633569872137,0.00604350200516562,-0.00934211660970352,-0.370880553218633,0.000110751780067228,5.66794309191121e-06,0.542499065819785,0.44404083775077,0.936727189820083,0.00116749115100842,0.0152170194575275,0.480101125796873,4.25559943390458,5.17648634847945,-0.613925521734296,-0.772505068808252,0.0198812550520606
"Bcell","cg13232348","LM23","CpG ~ as.numeric(LM) +Age + Gender",47,22.2905536195925,0.0851063829787234,0.560905262886838,"116769,117072","10-129-09,10-245-02",2.28779923436332,0.00775064757552744,-0.0182903920761272,0.331758804344917,0.0191829670127333,4.66107845263038e-08,0.237619588131601,0.494819494214519,0.94011767720839,0.0011717168893733,0.0152720975134643,0.481838853525732,2.43352432341957,6.61477840408438,-1.19763457900933,0.688526468792122,0.000881077021412045
"Bcell","cg25757320","LM23","CpG ~ as.numeric(LM) +Age + Gender",47,-77.2643633632116,0.0851063829787234,0.560905262886838,"116769,117072","10-129-09,10-245-02",3.43256908265584,0.00204893653697122,-0.00845399910184913,0.507732094235299,1.76312923264726e-13,8.79984898493405e-06,0.117739365372424,0.00403118355460358,0.326004177085066,0.000406315729995729,0.00529589827203747,0.167087038930817,10.52921810189,5.04272019444769,-1.59632958708564,3.0387281831329,0.02628407295393
"Bcell","cg22365990","LM23","CpG ~ as.numeric(LM) +Age + Gender",47,48.1152849976294,0.0851063829787234,0.560905262886838,"116769,117072","10-129-09,10-245-02",2.83021011317616,0.00831314739429707,0.00594351837337461,-0.528897381537867,0.0271601884394687,2.79296861422059e-06,0.768893151152083,0.408901684268296,1.23736109393937,0.00154218660830563,0.0201007807257942,0.634185129537706,2.28729521805609,5.39049382838989,0.295685946454191,-0.833979475241577,0.0121680036132727
"Bcell","cg00941139","LM23","CpG ~ as.numeric(LM) +Age + Gender",47,-44.9564569647552,0.0851063829787234,0.560905262886838,"116769,117072","10-129-09,10-245-02",2.7703803105979,0.00330863503963406,-0.00415610980330776,0.446836280404752,3.34846720833101e-07,7.77333221794143e-07,0.580741142062654,0.0646337212388548,0.459717111968457,0.000572969020247406,0.0074680486632677,0.235618977865408,6.02627189302447,5.77454438671989,-0.556518843235447,1.89643586629935,0.00516205861204937
"Bcell","cg11482422","LM23","CpG ~ as.numeric(LM) +Age + Gender",47,-104.37555596041,0.0851063829787234,0.560905262886838,"116769,117072","10-129-09,10-245-02",-4.53769785896905,-0.00172155186698954,0.00156278845805841,0.0210493590367871,3.69987351266894e-22,1.16453602028627e-06,0.695712817585371,0.867296929102689,0.244323520782915,0.000304512937808564,0.00396900592839559,0.125223222578885,-18.572497009,-5.65346050443288,0.39374807854977,0.168094692049048,0.00675031199318396
"Bcell","cg22052791","LM23","CpG ~ as.numeric(LM) +Age + Gender",47,-48.9144172113216,0.0851063829787234,0.560905262886838,"116769,117072","10-129-09,10-245-02",1.65317927599336,0.00277211858425739,0.00254023177642479,0.401875456094956,0.00052253237285652,8.69909563557209e-06,0.724492570547816,0.0823151158966146,0.440762140616978,0.000549344467057356,0.00716012745525008,0.225903979534847,3.75072884817022,5.04623009876962,0.354774659012835,1.77896581070616,0.0260970961370751
"Bcell","cg10964717","LM23","CpG ~ as.numeric(LM) +Age + Gender",47,54.3492491757349,0.0851063829787234,0.560905262886838,"116769,117072","10-129-09,10-245-02",3.21114621970004,0.00883003107591875,-0.026154880037033,1.42711474540769,0.0194112342518663,3.10803122368111e-06,0.229980637601804,0.0410877299672948,1.32220358815636,0.00164793016128913,0.0214790367424399,0.677669483821066,2.42863220797756,5.35825563688407,-1.21769334214854,2.10591561148784,0.0130915291585692
"Bcell","cg07409443","LM23","CpG ~ as.numeric(LM) +Age + Gender",47,32.5749776093366,0.0851063829787234,0.560905262886838,"116769,117072","10-129-09,10-245-02",-3.20061519790783,-0.00682936277233264,0.0209533156971026,-0.194801488803221,0.00389150290486805,4.83824028211132e-06,0.225454264835169,0.718836553415204,1.0488124696213,0.00130718878522714,0.0170378312180628,0.537548234840604,-3.05165631665639,-5.22446554737382,1.22981120243102,-0.362388854017881,0.0180278725096229
"Bcell","cg05263725","LM23","CpG ~ as.numeric(LM) +Age + Gender",47,59.5490409655332,0.0851063829787234,0.560905262886838,"116769,117072","10-129-09,10-245-02",2.977073492546,0.00845704721446251,-0.0175925200644595,1.63849127072047,0.0388968880328511,1.62127121591786e-05,0.442593621104388,0.0271334186558374,1.39740460652101,0.00174165704830777,0.0227006681545702,0.716212288994551,2.13043057011078,4.8557477045665,-0.774978073097712,2.28771733730045,0.0413757913183748
"Bcell","cg16930098","LM23","CpG ~ as.numeric(LM) +Age + Gender",47,-143.777116674012,0.0851063829787234,0.560905262886838,"116769,117072","10-129-09,10-245-02",3.29917528621809,0.0010178523059905,-0.0024360775807422,-0.00614087033515483,7.56735698070953e-24,7.70973486326559e-06,0.355844221766237,0.940899667113277,0.160666005848711,0.000200246285294936,0.00260999975631395,0.082346206156425,20.5343704711544,5.08300218648921,-0.933363144900298,-0.0745738100367323,0.0240300961534008
"Bcell","cg10254035","LM23","CpG ~ as.numeric(LM) +Age + Gender",47,-33.3869903172478,0.0851063829787234,0.560905262886838,"116769,117072","10-129-09,10-245-02",3.63969452678775,0.00355666426192172,-0.0054211744812412,0.000261388627787317,1.28515014384923e-08,2.01662571689676e-06,0.524377692658923,0.999221893662414,0.519928217484591,0.000648013209896712,0.00844617076130803,0.266478997578642,7.00037890691251,5.48856752856724,-0.641849973727223,0.000980897669844235,0.00964588746313846
"Bcell","cg06235693","LM23","CpG ~ as.numeric(LM) +Age + Gender",47,-121.299937112792,0.0851063829787234,0.560905262886838,"116769,117072","10-129-09,10-245-02",-2.93959047575173,0.00146064062987173,-0.00208738365778573,-0.0205985810132219,4.64084601363073e-18,8.64016518870187e-07,0.532241433413741,0.844798276837053,0.204066647496306,0.000254338731443944,0.00331503791000251,0.104590352735878,-14.4050510547293,5.74289500297227,-0.629671127285585,-0.196945325017113,0.00552320540957583
"Bcell","cg25839050","LM23","CpG ~ as.numeric(LM) +Age + Gender",47,-85.0147926576513,0.0851063829787234,0.560905262886838,"116769,117072","10-129-09,10-245-02",3.32391991153587,-0.00211103635571351,0.00211884513125196,0.00862969626185283,3.58695960627455e-14,1.20952840155424e-06,0.666113968914879,0.955532438942224,0.300202971921723,0.000374158364392472,0.00487676082704277,0.153863137905572,11.0722418577607,-5.64209317929119,0.434477967322586,0.0560868339182645,0.00695219646236212
"Bcell","cg01635501","LM23","CpG ~ as.numeric(LM) +Age + Gender",47,30.4363178664401,0.0851063829787234,0.560905262886838,"116769,117072","10-129-09,10-245-02",3.00376730026102,0.0062581402837282,-0.00584209363216203,-0.353485908145132,0.00540841993460808,1.41436896295992e-05,0.72746597621762,0.504723523247415,1.02521961012508,0.0012777837941175,0.0166545680802845,0.525456178019794,2.92987694596921,4.8976519443576,-0.350780254642439,-0.672721956524063,0.0370659501463514
"Bcell","cg14332674","LM23","CpG ~ as.numeric(LM) +Age + Gender",47,29.8422176784198,0.0851063829787234,0.560905262886838,"116769,117072","10-129-09,10-245-02",2.89593257585707,0.00615465169617484,0.000922038023294206,0.408954555715605,0.00681811299543125,1.66700347462774e-05,0.955828131919848,0.437791009664987,1.01876043519401,0.00126973339304364,0.0165496395678277,0.52214565475344,2.84260408611724,4.84719999481284,0.0557134806178279,0.783219302875776,0.0417701929699147
"Bcell","cg27215477","LM23","CpG ~ as.numeric(LM) +Age + Gender",47,22.6276721557534,0.0851063829787234,0.560905262886838,"116769,117072","10-129-09,10-245-02",3.28359485606947,0.00682631132779441,-0.0165932383289636,0.0323246326695713,0.00116157497468839,7.01997657208186e-07,0.285012152625173,0.947014294467031,0.943495337749243,0.00117592664098018,0.0153269671988216,0.483570007105821,3.48024491981344,5.8050486228498,-1.08261720102326,0.0668458179675681,0.00480162887542113
"Bcell","cg12480142","LM23","CpG ~ as.numeric(LM) +Age + Gender",47,11.499910292643,0.0851063829787234,0.560905262886838,"116769,117072","10-129-09,10-245-02",3.38947165782148,0.006596124337332,-0.0132678588200925,0.243481235474997,0.00021406377274158,1.27575414235579e-07,0.335286658683813,0.573807328122148,0.838161646950149,0.00104464385849298,0.0136158341818213,0.429583292418166,4.04393552264636,6.31423262933616,-0.974443331412376,0.566784695243657,0.00154111478185492
"Bcell","cg00028308","LM23","CpG ~ as.numeric(LM) +Age + Gender",47,36.1227981652577,0.0851063829787234,0.560905262886838,"116769,117072","10-129-09,10-245-02",-2.02386736248381,-0.00698251973490104,0.00853425104624158,0.153177576579913,0.0699951371949877,6.31278248844847e-06,0.632005801225214,0.78509021185685,1.08915407252861,0.00135746859446469,0.0176931756588559,0.558224531186789,-1.85820116137026,-5.14377994700831,0.482347047855706,0.274401370814458,0.0211662336185603
"Bcell","cg04505865","LM23","CpG ~ as.numeric(LM) +Age + Gender",47,21.7860267013709,0.0851063829787234,0.560905262886838,"116769,117072","10-129-09,10-245-02",3.76554730014191,0.00645081649044738,-0.00616690765421247,0.0281726860298005,0.000225570062148848,1.72763892059997e-06,0.686773913355619,0.953396677328493,0.935085293672762,0.00116544477161033,0.0151903470539798,0.479259604169939,4.02695596393336,5.53506836839131,-0.405975428494031,0.0587837693489618,0.00895224532951346
