"cellType","CpG","LM","formula","nObs","AIC","meanLeverage","maxLeverage","OutlierLabIDs","OutlierIDs","Intercept.betaEstimate","LM.betaEstimate","Age.betaEstimate","Gender.betaEstimate","Intercept.pval","LM.pval","Age.pval","Gender.pval","Intercept.stdError","LM.stdError","Age.stdError","Gender.stdError","Intercept.tStat","LM.tStat","Age.tStat","Gender.tStat","FDR"
"Bcell","cg19928764","LM27","CpG ~ as.numeric(LM) +Age + Gender",47,-2.10679095564199,0.0851063829787234,0.607010126790334,"116769,116815","10-129-09,10-061-09",-4.83527440843407,-0.000150878990521393,0.0194730837699093,-0.902359796947642,1.30476499094428e-08,3.86855212066169e-06,0.107005125586714,0.0274728514166906,0.691164739940776,2.85099751007537e-05,0.0118288270968063,0.395357008130451,-6.99583489870793,-5.29214739711942,1.64623961535179,-2.28239231477061,0.0106267883846265
"Bcell","cg07505719","LM27","CpG ~ as.numeric(LM) +Age + Gender",47,35.1681802001885,0.0851063829787234,0.607010126790334,"116769,116815","10-129-09,10-061-09",4.70026060850946,0.000221341183255472,0.0133488325162437,1.04893526193265,4.02651022072038e-05,4.87537828128464e-06,0.451948046022448,0.0813810853945036,1.02753750786614,4.23850741675049e-05,0.0175856244013161,0.587767476226557,4.57429589920312,5.22214924953855,0.759076403067307,1.78460922789871,0.0127767600287636
"Bcell","cg14341579","LM27","CpG ~ as.numeric(LM) +Age + Gender",47,31.2647615443972,0.0851063829787234,0.607010126790334,"116769,116815","10-129-09,10-061-09",-5.79354296463346,-0.000224107104597999,0.046818550163377,-1.69876853853197,5.51253024709138e-07,1.86798591448815e-06,0.00813312597661894,0.00432622245625971,0.985742061364932,4.06610464933266e-05,0.0168703229955486,0.56385982913853,-5.87734174253585,-5.51159214839146,2.77520176559338,-3.01274971321749,0.00586097718156111
"Bcell","cg07095230","LM27","CpG ~ as.numeric(LM) +Age + Gender",47,4.99195711293575,0.0851063829787234,0.607010126790334,"116769,116815","10-129-09,10-061-09",-6.89984687806913,-0.000217822510313442,0.049290703511219,-1.67340143737975,8.52621912771387e-12,9.71102034290599e-09,0.000371395625759653,0.000308600420049498,0.745381971079571,3.07463911394702e-05,0.0127567191256493,0.426370109716026,-9.25679335666755,-7.08449031710314,3.86390129199541,-3.92476254607594,0.000179521334039081
"Bcell","cg15661389","LM27","CpG ~ as.numeric(LM) +Age + Gender",47,48.6269729251284,0.0851063829787234,0.607010126790334,"116769,116815","10-129-09,10-061-09",-3.63561010028803,-0.000231593797382853,0.0137386396588028,-1.50568725422686,0.00373999430296326,2.39810395980549e-05,0.50201676261092,0.0317435305267469,1.18571244903329,4.89096599480601e-05,0.0202926838359077,0.678246008893622,-3.06618194255458,-4.73513407430752,0.677024279779714,-2.21997215535847,0.0437410964796575
"Bcell","cg00800993","LM27","CpG ~ as.numeric(LM) +Age + Gender",47,-25.9169318005317,0.0851063829787234,0.607010126790334,"116769,116815","10-129-09,10-061-09",-6.17268066281254,-0.000130392236117721,0.0342972683770706,-1.07568578427164,1.03534221335191e-14,5.24904517054303e-07,0.000547273372193334,0.00108046803432709,0.536506583222877,2.213045377631e-05,0.00918195510058216,0.306890131003301,-11.5053213806479,-5.8919820368664,3.73529036042618,-3.50511689885547,0.00231633590414554
"Bcell","cg14232643","LM27","CpG ~ as.numeric(LM) +Age + Gender",47,16.0361490595845,0.0851063829787234,0.607010126790334,"116769,116815","10-129-09,10-061-09",-5.17745047212853,-0.000170619245183806,0.0132252221514029,-0.821490324467156,2.02720933569936e-07,1.25574020596691e-05,0.361774641582047,0.0938914592051689,0.838310203757198,3.45796040432755e-05,0.014347124326079,0.479526507777399,-6.17605565210094,-4.93410060364717,0.921802993465612,-1.71312807768387,0.0262666673449644
"Bcell","cg13401339","LM27","CpG ~ as.numeric(LM) +Age + Gender",47,-36.3047066292562,0.0851063829787234,0.607010126790334,"116769,116815","10-129-09,10-061-09",-4.56283594023455,-0.000100960320172887,0.0120228241685951,-0.685855856952486,4.0189236218783e-12,7.40900081293214e-06,0.150904140966892,0.0164744258902361,0.480376700980809,1.98151424581043e-05,0.00822132931393915,0.274782963163923,-9.4984538819605,-5.09510947934644,1.46239418340907,-2.49599119630766,0.0175761132396256
"Bcell","cg11167100","LM27","CpG ~ as.numeric(LM) +Age + Gender",47,25.0943108260287,0.0851063829787234,0.607010126790334,"116769,116815","10-129-09,10-061-09",-5.3798551759087,-0.000224671393333497,0.0254813984374294,-1.56550420119708,6.50263087642466e-07,5.10415079968711e-07,0.1140817196995,0.00492503711422991,0.923112974801365,3.80776483606857e-05,0.0157984676282525,0.52803501508937,-5.82794882399561,-5.90034844603129,1.61290316485257,-2.96477346475238,0.00228183897139345
"Bcell","cg21959334","LM27","CpG ~ as.numeric(LM) +Age + Gender",47,9.67278405441872,0.0851063829787234,0.607010126790334,"116769,116815","10-129-09,10-061-09",5.03897286267176,0.000172322570869782,-0.0191792373702065,0.598542278054175,8.60109670448972e-08,3.38610955997102e-06,0.159821009855237,0.188701398607518,0.783438708676928,3.23162001569405e-05,0.0134080350028832,0.448139157015785,6.43186608839073,5.33238963841399,-1.43042864715689,1.33561700352173,0.00957058681186933
"Bcell","cg19533957","LM27","CpG ~ as.numeric(LM) +Age + Gender",47,-9.29400823736508,0.0851063829787234,0.607010126790334,"116769,116815","10-129-09,10-061-09",-5.73867389781026,-0.000199566895174841,0.0246537236960059,-0.758264692756448,2.14992900789848e-11,2.03388912874449e-09,0.0296331458185673,0.0444612544454003,0.640288236856148,2.64113613371516e-05,0.0109581094176467,0.366254855081669,-8.96264145970802,-7.55610029438804,2.24981543406603,-2.07031983941173,9.44519233910719e-05
"Bcell","cg08635685","LM27","CpG ~ as.numeric(LM) +Age + Gender",47,26.9283972960955,0.0851063829787234,0.607010126790334,"116769,116815","10-129-09,10-061-09",-6.89216129486701,-0.00018418895231783,0.033158054068087,-1.73275928032428,4.41198541486634e-09,2.33232496829434e-05,0.0456578146213521,0.00245516471693854,0.941301210719449,3.88278980814623e-05,0.0161097472486356,0.538438969631901,-7.3219509508537,-4.74372709878333,2.05826035358161,-3.21811640325525,0.0428843714163572
"Bcell","cg16252642","LM27","CpG ~ as.numeric(LM) +Age + Gender",47,-1.75025842450759,0.0851063829787234,0.607010126790334,"116769,116815","10-129-09,10-061-09",-6.82466867407252,-0.000145835707833686,0.0142514731216596,-0.449937579181427,1.41914365836812e-12,7.39008603301279e-06,0.236614097321956,0.263182783692467,0.693791236045368,2.86183158974074e-05,0.0118737778393664,0.396859404855531,-9.83677555942239,-5.09588713593372,1.20024758037919,-1.13374553727716,0.0175761132396256
"Bcell","cg22946219","LM27","CpG ~ as.numeric(LM) +Age + Gender",47,36.1783206149501,0.0851063829787234,0.607010126790334,"116769,116815","10-129-09,10-061-09",5.2611345181585,0.000204892979662136,-0.0216410418691639,1.87621081170492,8.16830311654754e-06,2.05751904146124e-05,0.230069856546443,0.00290367458064408,1.03863914860972,4.2843007685937e-05,0.0177756216353446,0.594117787832587,5.06541133674849,4.78241353091069,-1.21745626190273,3.15797784568876,0.0392014689906485
"Bcell","cg07818503","LM27","CpG ~ as.numeric(LM) +Age + Gender",47,26.6219554331604,0.0851063829787234,0.607010126790334,"116769,116815","10-129-09,10-061-09",-4.82771589294264,-0.000200645797825072,0.0276676064372455,-1.26674822905534,6.27680828705079e-06,5.52122541345998e-06,0.0920642220713429,0.0228657902114412,0.9382375466335,3.87015244663745e-05,0.0160573146654015,0.536686506005007,-5.14551555761653,-5.18444171364365,1.72305313894487,-2.36031317143554,0.0140389984263181
"Bcell","cg26995744","LM27","CpG ~ as.numeric(LM) +Age + Gender",47,-16.0226681543321,0.0851063829787234,0.607010126790334,"116769,116815","10-129-09,10-061-09",-6.91998748338572,-0.000215534812415955,0.0421544696323803,-1.86270315537019,7.70411045878236e-15,4.00868802946018e-11,0.000162787947805456,2.19396707661797e-06,0.596057391311935,2.45868754623965e-05,0.0102011277690561,0.340954121767439,-11.6095993175333,-8.76625469330569,4.13233424643996,-5.46320761782934,9.6475494855281e-06
"Bcell","cg27118059","LM27","CpG ~ as.numeric(LM) +Age + Gender",47,0.612621492309128,0.0851063829787234,0.607010126790334,"116769,116815","10-129-09,10-061-09",-7.5127377418645,-0.000139411517350571,0.0261465839747238,-1.09287286656897,1.61062800169872e-13,2.28186350869481e-05,0.0374427379172588,0.0102500297356393,0.711452121574695,2.93468128498728e-05,0.0121760322068574,0.40696170675306,-10.5597235766704,-4.75048237993503,2.14738130866625,-2.68544398264997,0.0420696288579436
"Bcell","cg17880199","LM27","CpG ~ as.numeric(LM) +Age + Gender",47,5.41829786012445,0.0851063829787234,0.607010126790334,"116769,116815","10-129-09,10-061-09",-6.51335425941614,-0.000182449352691984,0.0356949458029579,-1.1185740710679,4.97123097756004e-11,4.9892064436448e-07,0.00791873202928155,0.0123601444959818,0.748770358998757,3.08861593446827e-05,0.0128147091423802,0.428308320438739,-8.69873410604246,-5.90715571515028,2.78546671690809,-2.61160948244499,0.00224512648777686
"Bcell","cg20979233","LM27","CpG ~ as.numeric(LM) +Age + Gender",47,30.2078682582712,0.0851063829787234,0.607010126790334,"116769,116815","10-129-09,10-061-09",-4.21778435777578,-0.000198658018565089,-0.00522870796851452,-0.275798297871377,8.84098146344071e-05,1.22795011456845e-05,0.755462047384327,0.62336083373523,0.974720900120728,4.0206432687824e-05,0.016681703114889,0.557555553061013,-4.32717135464456,-4.94095111863157,-0.313439696924453,-0.494656176155412,0.0260034593998219
"Bcell","cg25245322","LM27","CpG ~ as.numeric(LM) +Age + Gender",47,3.23327001183624,0.0851063829787234,0.607010126790334,"116769,116815","10-129-09,10-061-09",-5.76943011586493,-0.000198099009997379,0.0264738523545514,-1.1279461702789,6.87051980730118e-10,5.51229778451897e-08,0.0403103606355984,0.00999177370067658,0.731565941947291,3.01764913402033e-05,0.0125202669307874,0.418467125627964,-7.88641157966949,-6.56468002737804,2.11447986699486,-2.6954236096474,0.000516490975770144
"Bcell","cg08664237","LM27","CpG ~ as.numeric(LM) +Age + Gender",47,-30.1968340907211,0.0851063829787234,0.607010126790334,"116769,116815","10-129-09,10-061-09",-6.15120672456757,-0.000128755325848903,0.0249713329775541,-0.844025580926176,2.58403869125348e-15,2.71352314470179e-07,0.00675209657643249,0.00620342339591338,0.512626729364576,2.11454295128209e-05,0.00877326720598405,0.293230482253252,-11.9993874142932,-6.08903809548233,2.84629800862805,-2.87836917376558,0.0014387878010545
"Bcell","cg01364222","LM27","CpG ~ as.numeric(LM) +Age + Gender",47,-32.0866319825902,0.0851063829787234,0.607010126790334,"116769,116815","10-129-09,10-061-09",-4.52246284858565,-9.79393599908946e-05,0.0345870600053357,-1.21595594928744,1.90280650869027e-11,2.47192344544444e-05,0.000228770055337338,0.000119647352676827,0.502423668223293,2.07245616613816e-05,0.00859864856715023,0.287394172190711,-9.00129339960898,-4.72576267672748,4.02238325420928,-4.23096940351507,0.0447297163245177
"Bcell","cg09973986","LM27","CpG ~ as.numeric(LM) +Age + Gender",47,13.2718965903205,0.0851063829787234,0.607010126790334,"116769,116815","10-129-09,10-061-09",-6.62047310032775,-0.000175184140080452,0.035299353528119,-0.738308441777628,3.07373168409399e-10,4.95399917392961e-06,0.0150086664714878,0.120155321605339,0.814017009821717,3.35775298427344e-05,0.0139313623896171,0.465630422058258,-8.13308938320312,-5.21730278853014,2.53380484556394,-1.58561040430742,0.0128840709694752
"Bcell","cg10558887","LM27","CpG ~ as.numeric(LM) +Age + Gender",47,10.6244103124311,0.0851063829787234,0.607010126790334,"116769,116815","10-129-09,10-061-09",-4.86823794760859,-0.000180601523064699,0.0162568269671226,-0.917468290915426,2.20223012899223e-07,1.74372136997835e-06,0.236610753499494,0.0489270199462428,0.791410277015109,3.26450207719143e-05,0.0135444631192405,0.452699018400729,-6.15134537546024,-5.53228390713958,1.20025628361962,-2.02666286787325,0.00565259098795423
"Bcell","cg15979017","LM27","CpG ~ as.numeric(LM) +Age + Gender",47,-83.8091908995304,0.0851063829787234,0.607010126790334,"116769,116815","10-129-09,10-061-09",-5.30610821073375,-6.02964845030425e-05,0.0137828452764861,-0.85293858723625,6.38920945502468e-22,8.76372964415071e-06,0.00805501043316483,6.28241830452418e-06,0.289803682221245,1.19541627151617e-05,0.00495979822307869,0.165772224951749,-18.3093195023068,-5.04397388087812,2.77891249937396,-5.14524424996115,0.020182987400508
"Bcell","cg03738134","LM27","CpG ~ as.numeric(LM) +Age + Gender",47,27.3472678433007,0.0851063829787234,0.607010126790334,"116769,116815","10-129-09,10-061-09",-6.23354785112926,-0.000202372101095794,0.0379874122838847,-2.00899704181056,5.01657743856652e-08,5.44146568789201e-06,0.0235690818214873,0.000582273732755468,0.945505073874425,3.90013039671352e-05,0.0161816935843284,0.540843644904664,-6.59282326808239,-5.18885474358305,2.34755478998037,-3.71456161265368,0.0138878183701108
"Bcell","cg26046204","LM27","CpG ~ as.numeric(LM) +Age + Gender",47,-3.16225159562165,0.0851063829787234,0.607010126790334,"116769,116815","10-129-09,10-061-09",-5.26038161283651,-0.000204969993728277,0.0176263988990136,-0.872569788393391,1.27949289744094e-09,5.23134813229334e-09,0.139136014524025,0.0308800113877352,0.683447538280539,2.8191646901315e-05,0.0116967522977968,0.390942648451466,-7.69683306793512,-7.2705931102846,1.50694812117495,-2.23196366999012,0.000149092331906166
"Bcell","cg04170192","LM27","CpG ~ as.numeric(LM) +Age + Gender",47,16.2960397261365,0.0851063829787234,0.607010126790334,"116769,116815","10-129-09,10-061-09",-6.57662633980289,-0.000177174367517618,0.0272448449045531,-1.21907848301456,8.44395645771655e-10,7.06613891804082e-06,0.0650008627687916,0.0149556183768518,0.840631166064392,3.46753418229451e-05,0.0143868460599052,0.480854134406376,-7.82343863194232,-5.10952043161631,1.8937329829699,-2.53523552317906,0.0171390201746288
"Bcell","cg07085824","LM27","CpG ~ as.numeric(LM) +Age + Gender",47,25.6105815803677,0.0851063829787234,0.607010126790334,"116769,116815","10-129-09,10-061-09",-6.13901380618224,-0.000189545195287902,0.015385526182383,-0.251714533791957,4.67459469456837e-08,1.18985388760016e-05,0.338197129871952,0.637834696547268,0.92819688296215,3.82873553765426e-05,0.0158854753517875,0.530943089827427,-6.61391340443941,-4.95059513575153,0.968527906258196,-0.474089480802494,0.0255978988376221
"Bcell","cg16643618","LM27","CpG ~ as.numeric(LM) +Age + Gender",47,17.785017763372,0.0851063829787234,0.607010126790334,"116769,116815","10-129-09,10-061-09",-5.0683960181375,-0.00019856259259791,0.0114273915196683,-1.103543920168,4.55258148997272e-07,1.2329443867501e-06,0.438609053047305,0.0290160131904888,0.854052946187122,3.52289791759438e-05,0.014616550943891,0.488531601913706,-5.93452202321309,-5.63634250104809,0.781811766916493,-2.25889976379241,0.00421663897907567
"Bcell","cg16246366","LM27","CpG ~ as.numeric(LM) +Age + Gender",47,4.69284067148658,0.0851063829787234,0.607010126790334,"116769,116815","10-129-09,10-061-09",-6.57535374820628,-0.000175275862790556,0.0301222894630552,-0.801648337745311,3.07595586944196e-11,9.36198615923783e-07,0.0224077284314039,0.0660386757627161,0.743013868466131,3.0648708861073e-05,0.0127161906166801,0.425015518096847,-8.84957068403092,-5.7188661220628,2.36881392950677,-1.88616251315944,0.00345519653374154
"Bcell","cg02284150","LM27","CpG ~ as.numeric(LM) +Age + Gender",47,-18.8352309134806,0.0851063829787234,0.607010126790334,"116769,116815","10-129-09,10-061-09",-5.99109575028799,-0.000121365289314304,0.00649896073159597,-0.376790817275847,2.94934634200995e-13,7.63144283031948e-06,0.515043497530662,0.261144015783909,0.578487000977245,2.38621113620237e-05,0.00990042216692971,0.330903584532276,-10.356491572269,-5.08610857911992,0.656432687618554,-1.1386725163719,0.0179376932602212
"Bcell","cg03993837","LM27","CpG ~ as.numeric(LM) +Age + Gender",47,24.0956375380029,0.0851063829787234,0.607010126790334,"116769,116815","10-129-09,10-061-09",5.71361495794763,0.000184678355042943,-0.0217842385837191,0.403344606116353,1.55271208759409e-07,1.3951417405705e-05,0.170596776151099,0.444326067929489,0.913357566170573,3.76752458058542e-05,0.0156315102658699,0.522454769242785,6.25561682474811,4.90184870975007,-1.39361061171953,0.772018229828654,0.0284856708907916
"Bcell","cg22580625","LM27","CpG ~ as.numeric(LM) +Age + Gender",47,21.0850932684157,0.0851063829787234,0.607010126790334,"116769,116815","10-129-09,10-061-09",-7.32941120820342,-0.000194247821997391,0.0466835633635408,-1.33077035828882,1.87319256821609e-10,3.48557193606567e-06,0.00356464588530518,0.0117987858350296,0.88456887194573,3.64877359285364e-05,0.0151388108171717,0.505987187262704,-8.28585703234321,-5.32364689269398,3.08370082216686,-2.63004754228667,0.00977095810003786
"Bcell","cg18621091","LM27","CpG ~ as.numeric(LM) +Age + Gender",47,-19.3373908021713,0.0851063829787234,0.607010126790334,"116769,116815","10-129-09,10-061-09",-5.61576513556372,-0.000132885817133911,0.0227903086028973,-1.35785707669846,1.79683518037832e-12,1.39760025092963e-06,0.0254953688563236,0.0001663024123522,0.57540489009655,2.37349768318769e-05,0.00984767387901205,0.329140569051158,-9.75967572090225,-5.59873380434232,2.31428344225222,-4.1254625056184,0.00468603717467947
"Bcell","cg25219173","LM27","CpG ~ as.numeric(LM) +Age + Gender",47,26.5308622908458,0.0851063829787234,0.607010126790334,"116769,116815","10-129-09,10-061-09",-6.02802665400633,-0.000189902977911877,0.0245445089271566,-1.44556156651509,8.62407873365783e-08,1.35137820874989e-05,0.133331413006798,0.00997436428999775,0.93732876357262,3.86640379151366e-05,0.0160417614447662,0.536166667924118,-6.43106974657489,-4.91161782762301,1.53003826990362,-2.6961048737175,0.0280671341024631
"Bcell","cg25405984","LM27","CpG ~ as.numeric(LM) +Age + Gender",47,-0.138876783395796,0.0851063829787234,0.607010126790334,"116769,116815","10-129-09,10-061-09",-5.53568873832378,-0.000198711477554134,0.00942285408846501,-0.940313513599968,7.91234022192001e-10,2.30370845172082e-08,0.439606770274534,0.0246198222500825,0.70578697760328,2.91131303365243e-05,0.0120790770170974,0.403721156068488,-7.84328545862654,-6.82549335152866,0.780097194109069,-2.32911627113356,0.000272146767902096
"Bcell","cg21467930","LM27","CpG ~ as.numeric(LM) +Age + Gender",47,21.3067619538685,0.0851063829787234,0.607010126790334,"116769,116815","10-129-09,10-061-09",4.75918592504558,0.000191624426771597,-0.00969899436334079,0.700162596380857,3.01364923893628e-06,4.60574983422713e-06,0.526108110711971,0.174568349378314,0.886657303839755,3.65738820205714e-05,0.01517455294687,0.507181802869653,5.36755960215459,5.2393789279414,-0.639161786004468,1.38049628835126,0.0121633585245644
"Bcell","cg07671858","LM27","CpG ~ as.numeric(LM) +Age + Gender",47,2.13863593631038,0.0851063829787234,0.607010126790334,"116769,116815","10-129-09,10-061-09",-6.07341735402429,-0.000205136861661193,0.0343925082715073,-1.55470837343243,1.29921634410705e-10,1.93620693216913e-08,0.00805061720339074,0.000510087120106651,0.723096235596328,2.98271229433182e-05,0.0123753135120195,0.413622321532566,-8.39918264685145,-6.87752761307295,2.7791221804687,-3.75876323035923,0.00026010198618619
"Bcell","cg14778137","LM27","CpG ~ as.numeric(LM) +Age + Gender",47,35.1536713390948,0.0851063829787234,0.607010126790334,"116769,116815","10-129-09,10-061-09",-5.6640409868617,-0.000211821355086251,0.0293910656903132,-1.76289093624619,1.85865103457654e-06,1.01785122445772e-05,0.101872156638233,0.00448119940566517,1.02737892011638,4.23785325537109e-05,0.0175829102769357,0.587676761560942,-5.51309830867473,-4.99831736310801,1.67157002040025,-2.99976288251339,0.0229014851405578
"Bcell","cg14260522","LM27","CpG ~ as.numeric(LM) +Age + Gender",47,36.0512274141884,0.0851063829787234,0.607010126790334,"116769,116815","10-129-09,10-061-09",-3.38064625802742,-0.000203874755998999,0.0113922385200968,-0.515252922509341,0.00218685852582227,2.17642394828629e-05,0.524436685034986,0.389979927225709,1.03723579993206,4.27851207111744e-05,0.0177516042514919,0.593315050507458,-3.259284203504,-4.76508544583239,0.641758252307778,-0.868430561585532,0.0411232900140354
"Bcell","cg06548655","LM27","CpG ~ as.numeric(LM) +Age + Gender",47,10.2419082668675,0.0851063829787234,0.607010126790334,"116769,116815","10-129-09,10-061-09",-6.89086916944798,-0.000161980371857568,0.0376767776028158,-0.854963542133993,4.32264849448944e-11,1.07334430974114e-05,0.00776366430373091,0.0646531897102647,0.788196436773063,3.25124525143287e-05,0.0134894603704846,0.450860651670949,-8.74257843344197,-4.98210252782934,2.79305298863206,-1.89629221127501,0.0238364331539413
"Bcell","cg19049165","LM27","CpG ~ as.numeric(LM) +Age + Gender",47,-87.0550762231337,0.0851063829787234,0.607010126790334,"116769,116815","10-129-09,10-061-09",-5.33829599684826,-5.41385368083831e-05,0.0204768795401965,-0.45782582661434,1.34566030194178e-22,2.79308486777806e-05,0.000104654450616675,0.00653291067934513,0.279967364481062,1.15484227263426e-05,0.00479145615483627,0.16014569783303,-19.0675652740566,-4.68795939422014,4.27362348281704,-2.85880815288386,0.049493680936162
"Bcell","cg25336332","LM27","CpG ~ as.numeric(LM) +Age + Gender",47,18.3389095124201,0.0851063829787234,0.607010126790334,"116769,116815","10-129-09,10-061-09",-5.74534795387148,-0.00019034665361477,0.0326455656856877,-0.9320842310391,3.65257224371441e-08,2.97569289210844e-06,0.0317164485790065,0.0645951056579166,0.859100279650298,3.54371775157096e-05,0.0147029327156824,0.491418755354446,-6.68763366741094,-5.37138302085112,2.22034381282772,-1.89672091446086,0.0086611023818626
"Bcell","cg13782728","LM27","CpG ~ as.numeric(LM) +Age + Gender",47,-26.1651817043651,0.0851063829787234,0.607010126790334,"116769,116815","10-129-09,10-061-09",-5.90315848481405,-0.000112420907865445,0.0181250706612002,-0.572189211020464,4.03032040464304e-14,7.45191534951488e-06,0.0542184108155212,0.0683860857807743,0.535091562042604,2.2072085320448e-05,0.00915773794957239,0.306080716824676,-11.0320530233741,-5.09335236038146,1.97920826747904,-1.86940626955019,0.0175761132396256
"Bcell","cg17618876","LM27","CpG ~ as.numeric(LM) +Age + Gender",47,17.3200299889461,0.0851063829787234,0.607010126790334,"116769,116815","10-129-09,10-061-09",-5.02005291819401,-0.000201214238220772,0.0278360814796798,-1.07364630588382,4.99070625532141e-07,8.72600339057415e-07,0.0623084353730902,0.0325822475027948,0.84983865285244,3.50551430539661e-05,0.0145444261025754,0.48612096041552,-5.90706588991271,-5.73993487663166,1.91386592247534,-2.20859907987942,0.00327941905996471
"Bcell","cg07158797","LM27","CpG ~ as.numeric(LM) +Age + Gender",47,6.43963922584159,0.0851063829787234,0.607010126790334,"116769,116815","10-129-09,10-061-09",-5.56253799182451,-0.000176449134037502,0.00813096287618429,-0.786361871159228,4.03879592225723e-09,1.17354247073739e-06,0.533555281918784,0.0763262956368423,0.756950357529808,3.12235775330938e-05,0.012954704403545,0.432987407143922,-7.34861663845038,-5.65115044393883,0.627645573600218,-1.81613104257752,0.00405402617309102
"Bcell","cg04104114","LM27","CpG ~ as.numeric(LM) +Age + Gender",47,28.8979182164679,0.0851063829787234,0.607010126790334,"116769,116815","10-129-09,10-061-09",-6.77503799686209,-0.000188682067098961,0.0299589035331701,-1.33674794779174,1.09552477302795e-08,2.22201022459047e-05,0.0755516399597325,0.019292979409889,0.961231750043985,3.96500163798231e-05,0.0164508452387272,0.549839548889532,-7.04828777924998,-4.75868825100856,1.82111636809052,-2.43116005476772,0.0412958800706808
"Bcell","cg08581937","LM27","CpG ~ as.numeric(LM) +Age + Gender",47,-33.5638339192496,0.0851063829787234,0.607010126790334,"116769,116815","10-129-09,10-061-09",-4.7535257340277,-0.000125734040784671,0.0239259507231089,-0.694622077209285,2.83775804783725e-12,2.11785046775606e-07,0.00711117893590481,0.0181983546686939,0.49458983857424,2.0401422653658e-05,0.008464577757299,0.282913099483619,-9.61104608968665,-6.16300357672003,2.82659707419872,-2.45524890320431,0.00122762638194306
"Bcell","cg03207439","LM27","CpG ~ as.numeric(LM) +Age + Gender",47,-0.308470838224373,0.0851063829787234,0.607010126790334,"116769,116815","10-129-09,10-061-09",-5.39182233004755,-0.000213390151521611,0.0366095986444032,-1.16991157726218,1.47677076064014e-09,4.11570730336189e-09,0.00405793170339526,0.005809725583864,0.704514750349579,2.90606520122848e-05,0.0120573036896369,0.402993422242355,-7.65324264307048,-7.34292373864856,3.03630061801203,-2.9030537787751,0.000131691120249557
"Bcell","cg26274580","LM27","CpG ~ as.numeric(LM) +Age + Gender",47,11.7594449090332,0.0851063829787234,0.607010126790334,"116769,116815","10-129-09,10-061-09",-4.60912187852536,-0.00024711735876452,0.0359090147109317,-1.76140376535337,8.32460549469267e-07,2.62368371761543e-09,0.0121208016248525,0.000394257744531402,0.801024353813757,3.30415935053117e-05,0.0137090016808523,0.458198420235632,-5.75403463899802,-7.47897823768077,2.61937488570642,-3.84419432185637,9.44519233910719e-05
"Bcell","cg24018765","LM27","CpG ~ as.numeric(LM) +Age + Gender",47,6.35250564166832,0.0851063829787234,0.607010126790334,"116769,116815","10-129-09,10-061-09",-5.18422318224014,-0.000180352473739736,0.0169701572931028,-0.512751454937622,2.0862258380667e-08,7.5942564304819e-07,0.196757242605374,0.242401839928016,0.756249025208819,3.11946481536662e-05,0.0129427015650277,0.432586234120896,-6.85517998626002,-5.78151972900324,1.31117581656658,-1.18531616240549,0.00293470815094207
"Bcell","cg02454885","LM27","CpG ~ as.numeric(LM) +Age + Gender",47,-54.036693570554,0.0851063829787234,0.607010126790334,"116769,116815","10-129-09,10-061-09",3.68659378393429,7.80596049245865e-05,-0.00156856611022317,0.374667256826716,8.24265998154276e-12,2.23257115881878e-05,0.818872454749772,0.106936638551984,0.39779326309627,1.64086438019017e-05,0.00680796842999162,0.227543949023885,9.26761241565343,4.75722465957482,-0.230401495887239,1.6465709522664,0.0412958800706808
"Bcell","cg13939958","LM27","CpG ~ as.numeric(LM) +Age + Gender",47,0.499618576382405,0.0851063829787234,0.607010126790334,"116769,116815","10-129-09,10-061-09",-5.07128881051117,-0.000223490079526726,0.0240440437306046,-1.06095445845881,8.16346046948607e-09,1.62259523869464e-09,0.0544671173199481,0.0124056426008845,0.710597357115486,2.93115545213719e-05,0.012161403478839,0.406472768154604,-7.13665588498239,-7.62464097097862,1.97707803810979,-2.61014892406094,9.44519233910719e-05
"Bcell","cg10730421","LM27","CpG ~ as.numeric(LM) +Age + Gender",47,13.1381205227608,0.0851063829787234,0.607010126790334,"116769,116815","10-129-09,10-061-09",-2.96097419963398,-0.000238023394627737,0.0145208252847116,-1.13931537748031,0.000721157277177713,9.25726709341811e-09,0.302412434691361,0.0184181774358761,0.812859365740887,3.35297779798098e-05,0.0139115500773267,0.464968231593629,-3.64266480086032,-7.09886581327991,1.04379635655252,-2.45030799970017,0.000176957121562346
"Bcell","cg01521060","LM27","CpG ~ as.numeric(LM) +Age + Gender",47,-75.7353303759819,0.0851063829787234,0.607010126790334,"116769,116815","10-129-09,10-061-09",1.65406071791773,-7.18230519829988e-05,0.00893984649815291,-0.302595122227077,4.63053955965615e-06,1.8550068538546e-06,0.105388649206672,0.101167927890451,0.315795821138149,1.30263169940385e-05,0.00540463647850037,0.180640133690813,5.23775365980583,-5.5136883292391,1.65410690130883,-1.67512676194652,0.00584707563595519
"Bcell","cg10332700","LM27","CpG ~ as.numeric(LM) +Age + Gender",47,20.7525180033238,0.0851063829787234,0.607010126790334,"116769,116815","10-129-09,10-061-09",-5.93763223066256,-0.000191740072327762,0.0327044916530084,-0.974403221359019,3.10439535180744e-08,4.11404501105493e-06,0.0357415038916707,0.0598929427749283,0.881444766407105,3.63588691534085e-05,0.0150853438184765,0.504200150182456,-6.73624991258976,-5.27354334148172,2.16796461827751,-1.93257225529665,0.0112422450996023
"Bcell","cg09513309","LM27","CpG ~ as.numeric(LM) +Age + Gender",47,8.13556138033044,0.0851063829787234,0.607010126790334,"116769,116815","10-129-09,10-061-09",-5.0054453245053,-0.00015729091086722,0.0238203813489554,-0.131661222756331,6.97498649403971e-08,1.20196312450693e-05,0.0779423099469144,0.766653638519287,0.770730987118206,3.1792017130391e-05,0.0131905507586416,0.440870142140921,-6.49441297698547,-4.94749704688794,1.80586707748725,-0.298639463577567,0.0256917739795974
"Bcell","cg04786254","LM27","CpG ~ as.numeric(LM) +Age + Gender",47,25.4231988115911,0.0851063829787234,0.607010126790334,"116769,116815","10-129-09,10-061-09",-6.54744395384609,-0.000187045586680286,0.0325991611464729,-0.419616384564105,1.02586295245241e-08,1.42638387381772e-05,0.0458618859546266,0.432766157392411,0.926348427005095,3.82111080938542e-05,0.0158538402514294,0.529885744198215,-7.06801432697858,-4.89505790360395,2.05623121145893,-0.791899742838031,0.0289507251564377
"Bcell","cg26942943","LM27","CpG ~ as.numeric(LM) +Age + Gender",47,-41.8213251014591,0.0851063829787234,0.607010126790334,"116769,116815","10-129-09,10-061-09",-5.17727421322242,-0.000112168283911983,0.0125690808196276,-0.0143975546633372,1.28665983108587e-14,3.62118885732235e-07,0.112275718029114,0.955947224608092,0.452995938322367,1.86857085959273e-05,0.00775272568220127,0.259120739992788,-11.4289638719412,-6.00289163967968,1.62124668598603,-0.055563111867224,0.00174427822004521
"Bcell","cg20907105","LM27","CpG ~ as.numeric(LM) +Age + Gender",47,14.3408044453228,0.0851063829787234,0.607010126790334,"116769,116815","10-129-09,10-061-09",-5.48217616808581,-0.000215266875107222,0.0309069478739095,-1.06828852697957,4.02561235930753e-08,1.17589854102084e-07,0.0337313613066054,0.0283866704788379,0.823326319861413,3.39615311988505e-05,0.0140906850698504,0.470955492555009,-6.6585702847549,-6.33855033940601,2.19343117248717,-2.26834285589056,0.000804308722565549
"Bcell","cg02848533","LM27","CpG ~ as.numeric(LM) +Age + Gender",47,-6.76611962074367,0.0851063829787234,0.607010126790334,"116769,116815","10-129-09,10-061-09",-6.13157390758322,-0.000140313470723345,0.0345920765582765,-1.48649849089587,6.95154365798131e-12,5.75896794847987e-06,0.00367086496631622,0.000284862680958629,0.657740763430647,2.71312636546901e-05,0.0112567978595222,0.37623797240823,-9.32217409728741,-5.17165261851302,3.07299437992617,-3.95095285407018,0.0145345707199875
"Bcell","cg04264908","LM27","CpG ~ as.numeric(LM) +Age + Gender",47,-28.1812420365064,0.0851063829787234,0.607010126790334,"116769,116815","10-129-09,10-061-09",-3.78344747952383,-0.000105325470053567,0.00622217597389859,-0.670924498379143,6.10770835260928e-09,1.52108307172408e-05,0.491306422975382,0.0303476484638086,0.523737406414604,2.16037357714359e-05,0.00896341909041684,0.299585962767462,-7.22393977055126,-4.87533596818134,0.69417438938574,-2.23950579052969,0.030714208115661
"Bcell","cg18384214","LM27","CpG ~ as.numeric(LM) +Age + Gender",47,30.4835307451871,0.0851063829787234,0.607010126790334,"116769,116815","10-129-09,10-061-09",-6.01903859508709,-0.000211841940679151,0.0262135689642403,-1.17949815483872,2.16047153610711e-07,4.39686894286169e-06,0.124493106004844,0.0407802270334068,0.977583542206337,4.03245143113022e-05,0.0167306953396278,0.559193028969306,-6.1570580264706,-5.25342820111229,1.56679494976826,-2.10928622807181,0.011702087052812
"Bcell","cg08689015","LM27","CpG ~ as.numeric(LM) +Age + Gender",47,7.1290912210233,0.0851063829787234,0.607010126790334,"116769,116815","10-129-09,10-061-09",-6.02140497533284,-0.00020522523614548,0.037387173274005,-1.54003302743591,6.643349596719e-10,6.30137389519411e-08,0.00642856045875612,0.00100250610701411,0.762522692794505,3.14534317638857e-05,0.0130500712337123,0.436174869801145,-7.89668954410458,-6.52473274414259,2.86490185413107,-3.53076973035613,0.000559754316551077
"Bcell","cg01246716","LM27","CpG ~ as.numeric(LM) +Age + Gender",47,17.9663405902132,0.0851063829787234,0.607010126790334,"116769,116815","10-129-09,10-061-09",-4.65957974971588,-0.000184275684044533,0.00645044222553316,-0.572939100503189,2.32820928063125e-06,4.89846727950782e-06,0.661810077237952,0.248238993649971,0.855701975439601,3.52970002716563e-05,0.0146447729881851,0.48947487235837,-5.44533013064754,-5.22071798244306,0.440460376595605,-1.17051790164973,0.0127882714765151
"Bcell","cg09853043","LM27","CpG ~ as.numeric(LM) +Age + Gender",47,-4.13676707435508,0.0851063829787234,0.607010126790334,"116769,116815","10-129-09,10-061-09",-4.76948957495237,-0.000198755721741166,0.00919096322625636,-0.128030942804183,1.08459132511155e-08,8.52486645678087e-09,0.431579128756403,0.742322824311037,0.676398711947892,2.79008886325259e-05,0.0115761163001743,0.386910609881406,-7.05129902039168,-7.12363410208604,0.793959129981961,-0.330905742914175,0.000176957121562346
"Bcell","cg17976824","LM27","CpG ~ as.numeric(LM) +Age + Gender",47,12.7818872797225,0.0851063829787234,0.607010126790334,"116769,116815","10-129-09,10-061-09",4.40039300171977,0.000176123877656309,-0.00915934277281663,0.833905232041246,2.41724968942503e-06,4.12547389966327e-06,0.512203080822956,0.0788345501911082,0.809784689876972,3.3402950137969e-05,0.0138589290348006,0.463209469058039,5.43402839881834,5.2727042650077,-0.660898309661372,1.80027673816132,0.0112422450996023
"Bcell","cg07294785","LM27","CpG ~ as.numeric(LM) +Age + Gender",47,24.1921235628899,0.0851063829787234,0.607010126790334,"116769,116815","10-129-09,10-061-09",4.54356551417382,0.000198724617374026,-0.0153325643281338,0.416016747841376,1.11863416409737e-05,4.17269030686115e-06,0.332631816987238,0.430717378003987,0.914295560689723,3.77139373056375e-05,0.0156475634212808,0.52299131673328,4.96947126238507,5.26926201747493,-0.979869128204424,0.795456319313117,0.0112851104765271
"Bcell","cg11995490","LM27","CpG ~ as.numeric(LM) +Age + Gender",47,28.3535651620995,0.0851063829787234,0.607010126790334,"116769,116815","10-129-09,10-061-09",3.53857994187137,0.000193541833265553,-0.0115773181003495,0.839143588681219,0.00060330210573741,1.36028695127154e-05,0.482864266547954,0.132103762931006,0.95568135330652,3.94210670951735e-05,0.0163558538719342,0.546664635411959,3.70267760234977,4.90960411594868,-0.707839418901607,1.53502446348821,0.0280671341024631
"Bcell","cg11996362","LM27","CpG ~ as.numeric(LM) +Age + Gender",47,20.4757067406054,0.0851063829787234,0.607010126790334,"116769,116815","10-129-09,10-061-09",3.95662449074671,0.000197774844580054,-0.00842799153499307,0.350941602134199,5.07424463867484e-05,2.25040124944445e-06,0.578158841056373,0.48887964911045,0.878852905400904,3.62519570259788e-05,0.0150409858327032,0.502717565273697,4.50203266830167,5.45556325244249,-0.560335049094212,0.698088999422834,0.0069336180297917
"Bcell","cg03051946","LM27","CpG ~ as.numeric(LM) +Age + Gender",47,-54.2897776098096,0.0851063829787234,0.607010126790334,"116769,116815","10-129-09,10-061-09",3.70616720313139,-8.90243904971654e-05,0.0128104168215572,-0.126528732848548,6.53615951502423e-12,2.36912805122239e-06,0.0659572430210341,0.580034727829594,0.39672369161389,1.63645248609764e-05,0.00678966342193545,0.226932137458828,9.34193566321823,-5.44008403870358,1.88675285142566,-0.557561984236383,0.00713864203258088
"Bcell","cg03958163","LM27","CpG ~ as.numeric(LM) +Age + Gender",47,-36.6220160157032,0.0851063829787234,0.607010126790334,"116769,116815","10-129-09,10-061-09",-3.64811870107399,-0.000107242158713478,0.0122874328548312,-0.972401818430118,1.64777251193673e-09,2.4462881092971e-06,0.14101628108565,0.000945503895980956,0.478757859969852,1.97483666024401e-05,0.00819362392141945,0.273856960864116,-7.61996617936198,-5.4304318363336,1.49963349217309,-3.55076538993877,0.00733881068122224
"Bcell","cg03246739","LM27","CpG ~ as.numeric(LM) +Age + Gender",47,14.5546112764709,0.0851063829787234,0.607010126790334,"116769,116815","10-129-09,10-061-09",-5.38190500143191,-0.000183799627357306,0.017465205203194,-1.02015831617302,6.36078408283782e-08,2.70897369226183e-06,0.222921727100477,0.0362909136942487,0.825201140501853,3.40388660029696e-05,0.014122771384316,0.472027919194205,-6.52193112355474,-5.39969890128744,1.23666982406796,-2.1612245265376,0.00802131801142264
"Bcell","cg19033035","LM27","CpG ~ as.numeric(LM) +Age + Gender",47,-23.2806237530526,0.0851063829787234,0.607010126790334,"116769,116815","10-129-09,10-061-09",-5.11641716147318,-0.000128886738417381,0.0150588352834013,-0.8566201428175,8.11018354510605e-12,1.128497869967e-06,0.118106495811605,0.00952460780233929,0.551766341883377,2.27599062270986e-05,0.00944311577082919,0.315618950892645,-9.27279678569919,-5.66288530063997,1.59468925817045,-2.71409603382426,0.00393819847228611
"Bcell","cg13440645","LM27","CpG ~ as.numeric(LM) +Age + Gender",47,5.14467962024337,0.0851063829787234,0.607010126790334,"116769,116815","10-129-09,10-061-09",-5.72259896494359,-0.000186113488488085,0.0284798631742786,-1.20643645371234,1.42099837973224e-09,3.16225378534694e-07,0.0310976218599552,0.00714182714106419,0.746593983092556,3.07963856347261e-05,0.0127774619091167,0.427063399485572,-7.66494117892476,-6.04335491494244,2.22891395621836,-2.8249586716295,0.00158330466425151
"Bcell","cg15015122","LM27","CpG ~ as.numeric(LM) +Age + Gender",47,5.85350940187351,0.0851063829787234,0.607010126790334,"116769,116815","10-129-09,10-061-09",4.43645946187839,0.000197720722730636,-0.00720637844153029,0.0974159397118839,5.1508797270982e-07,1.05110096090302e-07,0.578551341580341,0.821968628207831,0.752245136131122,3.10294910336414e-05,0.0128741776533205,0.430295947138403,5.8976246555685,6.37202597091495,-0.559754466311225,0.226392882293522,0.00074890396015923
"Bcell","cg24660030","LM27","CpG ~ as.numeric(LM) +Age + Gender",47,10.3199150067896,0.0851063829787234,0.607010126790334,"116769,116815","10-129-09,10-061-09",-5.7123631719901,-0.000209917510751015,0.0221523422900592,-0.477020348163266,5.76415747729281e-09,8.06235054852037e-08,0.108127529211111,0.296348935580782,0.788850800105999,3.25394444617629e-05,0.0135006593658565,0.451234957700452,-7.24137336391435,-6.45117070138334,1.64083410222786,-1.05714404441141,0.000661684482385926
"Bcell","cg20127965","LM27","CpG ~ as.numeric(LM) +Age + Gender",47,-39.3338857311003,0.0851063829787234,0.607010126790334,"116769,116815","10-129-09,10-061-09",-7.12372320762185,-9.89208546866755e-05,0.0308487380856754,-0.626132973816948,5.07130641674878e-19,6.07017010643732e-06,0.000358905865073333,0.0232515826700834,0.465143183748235,1.91867724445605e-05,0.00796061774836394,0.266069153780519,-15.3151189924298,-5.15567977743541,3.87516887015652,-2.35327156463032,0.0151017999657361
"Bcell","cg22599769","LM27","CpG ~ as.numeric(LM) +Age + Gender",47,-0.122845825788879,0.0851063829787234,0.607010126790334,"116769,116815","10-129-09,10-061-09",-5.31208328547074,-0.000136668132872196,0.0110607606179319,-1.00528459953307,2.25233903568961e-09,2.74285255291036e-05,0.36501438198542,0.016733739464402,0.705907354262499,2.91180957743696e-05,0.0120811371839521,0.403790013394517,-7.52518479003604,-4.69358071802533,0.915539692126361,-2.48962224469596,0.0487320122001607
"Bcell","cg26757305","LM27","CpG ~ as.numeric(LM) +Age + Gender",47,10.0754278266533,0.0851063829787234,0.607010126790334,"116769,116815","10-129-09,10-061-09",-5.41478956053868,-0.000164575524340853,0.0185060495995704,-0.728337394169917,1.90734702372497e-08,8.02251209806144e-06,0.176462940005734,0.112910535298132,0.786801722313897,3.24549216939531e-05,0.0134655907555672,0.450062853253426,-6.88202555608849,-5.07089574557551,1.37432140449682,-1.61830150812246,0.0187665259632334
"Bcell","cg13118906","LM27","CpG ~ as.numeric(LM) +Age + Gender",47,-8.70236933871784,0.0851063829787234,0.607010126790334,"116769,116815","10-129-09,10-061-09",-5.70809485416119,-0.000187406398132104,0.0115051129717393,-0.684185732050807,2.98575518862351e-11,1.08511746191213e-08,0.302625715722886,0.0702657164206176,0.644330939866078,2.65781194998477e-05,0.0110272976041163,0.368567344238599,-8.85894887392431,-7.05115341712486,1.04333023237214,-1.85633844871478,0.000185553729590147
"Bcell","cg02804087","LM27","CpG ~ as.numeric(LM) +Age + Gender",47,29.2268818313254,0.0851063829787234,0.607010126790334,"116769,116815","10-129-09,10-061-09",-6.59136530657897,-0.000186752414658138,0.0151100755771098,-0.688603967302393,2.24476687888656e-08,2.7429768780564e-05,0.365144100098852,0.21878527943749,0.964601582214246,3.97890191757066e-05,0.0165085176860958,0.551767145434533,-6.83325160160786,-4.69356668063234,0.915289662247276,-1.24799740796473,0.0487320122001607
"Bcell","cg22718431","LM27","CpG ~ as.numeric(LM) +Age + Gender",47,2.50340484715258,0.0851063829787234,0.607010126790334,"116769,116815","10-129-09,10-061-09",-5.6748563768593,-0.00017636654297245,0.0230033587697291,-1.02411457012314,8.6070796539008e-10,5.28294788296501e-07,0.070956419025503,0.0177119870954618,0.725907676636801,2.9943092565941e-05,0.0124234294647567,0.415230509644696,-7.81760072183207,-5.89005770142324,1.85161100926165,-2.4663760160578,0.0023163525238517
"Bcell","cg08919494","LM27","CpG ~ as.numeric(LM) +Age + Gender",47,-12.7437165722042,0.0851063829787234,0.607010126790334,"116769,116815","10-129-09,10-061-09",-7.01636574229325,-0.000193502090589605,0.034022745052674,-1.27300305292057,1.53232324836793e-14,1.75783699905142e-09,0.00243635232346634,0.000804555697492125,0.617216232405303,2.54596601949979e-05,0.0105632473310056,0.353057308788957,-11.3677595855675,-7.60034066077689,3.22086040272951,-3.60565557270907,9.44519233910719e-05
"Bcell","cg09327788","LM27","CpG ~ as.numeric(LM) +Age + Gender",47,26.285461544502,0.0851063829787234,0.607010126790334,"116769,116815","10-129-09,10-061-09",-6.82035460664861,-0.0002193412092818,0.0516292006943946,-1.80565760053433,4.81812852227748e-09,1.03837287757426e-06,0.0023958437489154,0.00156696656464034,0.934884921154513,3.85632314323054e-05,0.0159999366991663,0.534768751955709,-7.29539481525275,-5.68783271357421,3.22683780974489,-3.37652040051114,0.00371854375076652
"Bcell","cg01330280","LM27","CpG ~ as.numeric(LM) +Age + Gender",47,54.9190717629409,0.0851063829787234,0.607010126790334,"116769,116815","10-129-09,10-061-09",-2.98430829178655,-0.00025602475436877,0.0042883058516013,-0.309870965149855,0.0232151738249797,1.42329316545434e-05,0.84425774304098,0.67129993567974,1.26779736747802,5.22955950888014e-05,0.0216975128895736,0.725199862141003,-2.35393160479826,-4.89572312800002,0.197640433418614,-0.427290435818652,0.0289507251564377
"Bcell","cg05269938","LM27","CpG ~ as.numeric(LM) +Age + Gender",47,17.8620130502479,0.0851063829787234,0.607010126790334,"116769,116815","10-129-09,10-061-09",-4.54798641462842,-0.000192132149022427,-0.00476953898090433,-0.920942679595852,3.5183385292544e-06,2.29737364082828e-06,0.745972822637013,0.0663958404313711,0.85475278650759,3.52578470115813e-05,0.0146285282478068,0.488931921489171,-5.32082081090476,-5.44934433912871,-0.326043666191738,-1.8835805950057,0.00701514322972473
"Bcell","cg09996156","LM27","CpG ~ as.numeric(LM) +Age + Gender",47,39.0376204244269,0.0851063829787234,0.607010126790334,"116769,116815","10-129-09,10-061-09",-6.16106275218953,-0.000216790060574777,0.0221117075970676,-0.947952546030361,8.32163423405333e-07,1.3651854028831e-05,0.234157492389117,0.129009257188981,1.07071797533075,4.41662328133589e-05,0.0183246295242364,0.612467376901388,-5.75414151451634,-4.90850241837255,1.20666601023624,-1.54776006328087,0.0280671341024631
"Bcell","cg09322259","LM27","CpG ~ as.numeric(LM) +Age + Gender",47,-14.1622767162358,0.0851063829787234,0.607010126790334,"116769,116815","10-129-09,10-061-09",-4.85364043578569,-0.000120639577633959,0.0276050733369724,-1.08957560656501,5.00553214888345e-10,1.87817677410184e-05,0.011131292645906,0.00311147413298767,0.607971712174205,2.5078331365015e-05,0.0104050334854671,0.347769299072949,-7.98333267583831,-4.81051055104309,2.65304992776129,-3.13304138539399,0.0364961228011872
"Bcell","cg22902177","LM27","CpG ~ as.numeric(LM) +Age + Gender",47,15.0402292802048,0.0851063829787234,0.607010126790334,"116769,116815","10-129-09,10-061-09",-6.65840521910321,-0.000176020195039646,0.0364540388222321,-1.34943914188174,4.33759987365991e-10,6.29768256717371e-06,0.0137892253498786,0.00679164346818857,0.829475283452296,3.42151708722033e-05,0.0141959205121956,0.474472795605802,-8.02724969861762,-5.14450726249759,2.56792356585222,-2.84408116625271,0.015494904271705
"Bcell","cg13912930","LM27","CpG ~ as.numeric(LM) +Age + Gender",47,8.69613001505034,0.0851063829787234,0.607010126790334,"116769,116815","10-129-09,10-061-09",-4.55596017305728,-0.000189500527443241,-0.00669834951766407,0.0197826878598607,5.53597498182362e-07,4.69698275002806e-07,0.616280241460042,0.964628565065059,0.775340970511712,3.19821751407302e-05,0.013269447573438,0.443507124522493,-5.87607303925965,-5.92519197363493,-0.504794904278639,0.0446051185336874,0.00212762431530162
"Bcell","cg25358865","LM27","CpG ~ as.numeric(LM) +Age + Gender",47,-8.98763324372165,0.0851063829787234,0.607010126790334,"116769,116815","10-129-09,10-061-09",-6.00279067605387,-0.000191759151495484,0.027476208163235,-1.28939036064908,6.48147669779108e-12,5.85130565989799e-09,0.0163440924055047,0.00106825058991829,0.642378538330664,2.64975845478389e-05,0.0109938835439778,0.367450540117809,-9.34463142503671,-7.23685402906372,2.49922677944737,-3.50901745915434,0.000153933223647766
"Bcell","cg04508687","LM27","CpG ~ as.numeric(LM) +Age + Gender",47,-7.42501833584145,0.0851063829787234,0.607010126790334,"116769,116815","10-129-09,10-061-09",-5.39996047831492,-0.000152724695812102,0.0227096916736809,-1.1376429104579,1.98709570998815e-10,1.1068203048168e-06,0.0484019862500346,0.003962822816776,0.653146410568855,2.69417503908841e-05,0.0111781685509314,0.373609930934515,-8.26761104544975,-5.66869982819592,2.03161113291575,-3.04500179535459,0.00388235668919573
"Bcell","cg21217589","LM27","CpG ~ as.numeric(LM) +Age + Gender",47,-74.1680283287652,0.0851063829787234,0.607010126790334,"116769,116815","10-129-09,10-061-09",1.87731564777441,-7.08806963838651e-05,0.00552121545986505,-0.195587171882629,6.11323909229745e-07,3.179740755381e-06,0.320672166357637,0.292890746377804,0.321105360504617,1.32453311109152e-05,0.00549550573079327,0.183677272996642,5.84641640620452,-5.35137217713295,1.00467831903581,-1.06484144005233,0.00913834780662532
"Bcell","cg10209083","LM27","CpG ~ as.numeric(LM) +Age + Gender",47,-2.72701606664022,0.0851063829787234,0.607010126790334,"116769,116815","10-129-09,10-061-09",-5.08320864843923,-0.000180763493490907,0.0160945565390342,-0.644123719887975,3.37046785467613e-09,1.01541478028703e-07,0.177913326667296,0.108300365715959,0.686619350630661,2.83224815430446e-05,0.0117510357669974,0.392756974571752,-7.40324117543483,-6.38233246674316,1.36962875938438,-1.64000580916559,0.00074890396015923
"Bcell","cg06529459","LM27","CpG ~ as.numeric(LM) +Age + Gender",47,25.6388077218699,0.0851063829787234,0.607010126790334,"116769,116815","10-129-09,10-061-09",-5.50041080634072,-0.000189489259400981,0.0277943968802955,-1.56173177826678,4.71369899747572e-07,1.20136914767944e-05,0.087400682248445,0.00525611076773044,0.928475642010125,3.82988539572103e-05,0.0158902461284051,0.531102544349378,-5.92413043214841,-4.94764829288859,1.74914829233582,-2.9405465947823,0.0256917739795974
"Bcell","cg13912912","LM27","CpG ~ as.numeric(LM) +Age + Gender",47,34.8179436211944,0.0851063829787234,0.607010126790334,"116769,116815","10-129-09,10-061-09",-5.72597999220529,-0.000227624620317566,0.0122651091836708,-2.39093671904216,1.42300007993763e-06,2.79344229527256e-06,0.487663786078002,0.00018970764804413,1.02371610777111,4.22274445674062e-05,0.0175202236677722,0.585581575787584,-5.59332802203554,-5.39044270022583,0.700054372378361,-4.08301220171834,0.00823577828773687
"Bcell","cg20758982","LM27","CpG ~ as.numeric(LM) +Age + Gender",47,-30.1741843972641,0.0851063829787234,0.607010126790334,"116769,116815","10-129-09,10-061-09",-5.08665074308816,-0.000106120593957219,0.0232140678895043,-0.711100514354231,1.09984933751328e-12,9.5617271950064e-06,0.0113503980441067,0.0196072640709527,0.512750263803197,2.11505252064604e-05,0.00877538141614337,0.293301145878335,-9.9203278909292,-5.01739757860975,2.64536283822368,-2.42447233618789,0.0217281514709249
"Bcell","cg14093526","LM27","CpG ~ as.numeric(LM) +Age + Gender",47,11.2101465163751,0.0851063829787234,0.607010126790334,"116769,116815","10-129-09,10-061-09",-5.83916735697966,-0.000161428185218585,0.0182065633196284,-0.674353235059076,4.2625245106594e-09,1.3398707232104e-05,0.188623543601116,0.146063579525464,0.796357137914808,3.28490747013572e-05,0.0136291253696029,0.455528699968557,-7.33234761010494,-4.91423842790664,1.33585705802036,-1.48037485915953,0.0279410022964115
"Bcell","cg22696167","LM27","CpG ~ as.numeric(LM) +Age + Gender",47,23.9841729334341,0.0851063829787234,0.607010126790334,"116769,116815","10-129-09,10-061-09",-4.08009374544283,-0.000244451780997641,0.0370260577591141,-1.63040513470812,5.57670827793675e-05,6.93588969479483e-08,0.0222651832724126,0.00318700629636667,0.912275154439477,3.76305972152665e-05,0.0156129855054549,0.521835612855253,-4.4724376473343,-6.49609092301275,2.37149120174215,-3.12436540271229,0.000585693070591505
"Bcell","cg15271066","LM27","CpG ~ as.numeric(LM) +Age + Gender",47,27.2406227139202,0.0851063829787234,0.607010126790334,"116769,116815","10-129-09,10-061-09",3.94463258642511,0.000201573580215726,-0.0104300225383011,0.468652075069462,0.000141768069432898,5.70992469563256e-06,0.522168618727718,0.390481462570642,0.94443298521903,3.89570811949004e-05,0.016163345496522,0.540230393477394,4.17672047478338,5.17424750605065,-0.645288597001496,0.867504088492336,0.0144650368229229
"Bcell","cg16575590","LM27","CpG ~ as.numeric(LM) +Age + Gender",47,13.843507946864,0.0851063829787234,0.607010126790334,"116769,116815","10-129-09,10-061-09",-6.97430908729212,-0.000180716773254966,0.0468818486969626,-0.97528015349514,8.92745764742769e-11,3.20010195636294e-06,0.00171577710927369,0.0433439870296061,0.818982105369932,3.37823359363795e-05,0.0140163367139207,0.468470534129358,-8.51582597661501,-5.34944574570867,3.34480040354629,-2.08183884031827,0.00915838383950824
"Bcell","cg17999527","LM27","CpG ~ as.numeric(LM) +Age + Gender",47,105.07141723316,0.0851063829787234,0.607010126790334,"116769,116815","10-129-09,10-061-09",-8.53470397851244,0.00046980478838314,-0.0240391027875919,1.13450799605802,0.000287049110493849,4.17420149352166e-06,0.51926158435738,0.363963147324223,2.16153070086711,8.91613574883994e-05,0.0369931673991161,1.23642926424482,-3.94845373932865,5.26915248508038,-0.649825480695828,0.917568055743926,0.0112851104765271
"Bcell","cg05866411","LM27","CpG ~ as.numeric(LM) +Age + Gender",47,10.3726594025508,0.0851063829787234,0.607010126790334,"116769,116815","10-129-09,10-061-09",-5.21386546810795,-0.000167854666499455,0.0180103157953503,-1.01884515131591,4.8043171222868e-08,6.07167448676881e-06,0.189459328151751,0.029168632213089,0.78929355685253,3.25577078121479e-05,0.0135082368545477,0.451488221463087,-6.60573676655782,-5.15560454894262,1.33328397993606,-2.25663727840839,0.0151017999657361
"Bcell","cg02435495","LM27","CpG ~ as.numeric(LM) +Age + Gender",47,0.821739289009642,0.0851063829787234,0.607010126790334,"116769,116815","10-129-09,10-061-09",-6.34022855928877,-0.000190387431750523,0.0320699125079028,-1.13054360945581,2.68976352371325e-11,7.49164817598064e-08,0.0118598639198853,0.00820457414151222,0.713036620640339,2.94121721286354e-05,0.0122031498597113,0.407868064924676,-8.89186947171797,-6.47308301195353,2.62800284160909,-2.77183654882271,0.000624908523674375
"Bcell","cg07416383","LM27","CpG ~ as.numeric(LM) +Age + Gender",47,9.58418867599169,0.0851063829787234,0.607010126790334,"116769,116815","10-129-09,10-061-09",-6.55677920789258,-0.000192124954239703,0.0342615463508235,-1.19445180298319,1.39498373440728e-10,4.31167205941389e-07,0.0141444550479635,0.0107197461980166,0.782700662400445,3.2285756357149e-05,0.0133954038293157,0.447716983037759,-8.37712234429924,-5.95076516450144,2.55770910585335,-2.6678724467382,0.00197930344314014
"Bcell","cg19387310","LM27","CpG ~ as.numeric(LM) +Age + Gender",47,-5.86758652747922,0.0851063829787234,0.607010126790334,"116769,116815","10-129-09,10-061-09",-4.76307449945745,-0.000191820906205841,0.0139594690799879,-0.57702164056476,7.241932605806e-09,1.27462632473336e-08,0.226016992475998,0.13606378352235,0.664058162549474,2.73918511545598e-05,0.011364915964454,0.379851623207313,-7.17267668417914,-7.00284566835161,1.22829496704145,-1.51907114597174,0.000212643422679511
"Bcell","cg05940691","LM27","CpG ~ as.numeric(LM) +Age + Gender",47,14.1617187757867,0.0851063829787234,0.607010126790334,"116769,116815","10-129-09,10-061-09",5.43056190719791,0.000172982910193472,-0.0140253695992793,1.13753567302681,4.76073958175569e-08,7.21432756537422e-06,0.324216084269676,0.0198207600506864,0.821759239224808,3.38968904159103e-05,0.0140638655218816,0.470059097996397,6.60845859466178,5.1032088215466,-0.997262777965102,2.4199843761678,0.0174366218483326
"Bcell","cg17388683","LM27","CpG ~ as.numeric(LM) +Age + Gender",47,53.1621576933254,0.0851063829787234,0.607010126790334,"116769,116815","10-129-09,10-061-09",-5.90829707030641,-0.000244413399589731,0.0291202201053662,-1.78472598654587,2.29873534693057e-05,2.19925358014479e-05,0.178599189532043,0.0160173400738961,1.24432157685762,5.13272381004002e-05,0.0212957402698746,0.711771343863328,-4.74820752142471,-4.76186540782964,1.36741995048467,-2.50744287745386,0.0412958800706808
"Bcell","cg20523393","LM27","CpG ~ as.numeric(LM) +Age + Gender",47,8.03569038833331,0.0851063829787234,0.607010126790334,"116769,116815","10-129-09,10-061-09",-5.47906000344783,-0.000168476816419272,0.00955151926613053,-1.09558102086536,8.73049567109754e-09,3.70777726135574e-06,0.47244706162828,0.0168133839958353,0.769912553159655,3.17582574050585e-05,0.0131765438030977,0.440401985155319,-7.11647054066367,-5.30497672685394,0.724888059331997,-2.48768411086743,0.0102676158213806
"Bcell","cg16942681","LM27","CpG ~ as.numeric(LM) +Age + Gender",47,40.4528352713188,0.0851063829787234,0.607010126790334,"116769,116815","10-129-09,10-061-09",-4.67636364396749,-0.000238469298601937,0.0103365971195682,-1.27088710506104,9.56408562661477e-05,3.5433996970832e-06,0.581327622861948,0.0471066657390208,1.08696010499305,4.48362072572163e-05,0.0186026028240257,0.621758128321241,-4.30224036971198,-5.31867687277577,0.555653271606605,-2.04402169778216,0.0098925211257405
"Bcell","cg20690856","LM27","CpG ~ as.numeric(LM) +Age + Gender",47,-18.3297184188146,0.0851063829787234,0.607010126790334,"116769,116815","10-129-09,10-061-09",4.37624912384367,0.000130543522723433,-0.0134380777811093,0.585485550887752,2.25805100626344e-09,2.35877142874971e-06,0.184065861782726,0.0855435816792438,0.581606364156511,2.3990782518742e-05,0.00995380800328306,0.332687908909026,7.52441753313761,5.44140328150824,-1.35004390045268,1.7598642307372,0.00713864203258088
"Bcell","cg04578828","LM27","CpG ~ as.numeric(LM) +Age + Gender",47,30.7064479582748,0.0851063829787234,0.607010126790334,"116769,116815","10-129-09,10-061-09",3.06953723055628,0.00020053004834324,-0.00742299679816805,0.81755264407873,0.00311625988067041,1.14958011894799e-05,0.660256046573238,0.151952746424252,0.979904593245205,4.04202557510802e-05,0.016770418592038,0.560520706354185,3.1324858070016,4.96112764793383,-0.442624419744195,1.45855921968765,0.0252021491493535
"Bcell","cg04773990","LM27","CpG ~ as.numeric(LM) +Age + Gender",47,17.0298833916063,0.0851063829787234,0.607010126790334,"116769,116815","10-129-09,10-061-09",-4.06785525208087,-0.000196064380356846,0.00652854916261584,-0.688658109770828,1.93445915626702e-05,1.34467849418834e-06,0.654787016170521,0.162523037509798,0.847219529096915,3.49471063606269e-05,0.0144996015328904,0.484622780789059,-4.80141818309708,-5.61031801413296,0.450257143122636,-1.42101885645895,0.00453080476173573
"Bcell","cg00501035","LM27","CpG ~ as.numeric(LM) +Age + Gender",47,27.2651247227984,0.0851063829787234,0.607010126790334,"116769,116815","10-129-09,10-061-09",3.50117423362393,0.000226564806394518,-0.0209874587452477,1.40933230074266,0.000596986312516735,6.80761524898195e-07,0.201165392176213,0.0124703020947359,0.944679192895083,3.89672370583412e-05,0.0161675591779523,0.540371228107053,3.70620445539206,5.81423840893077,-1.29812165919691,2.60808168058765,0.00273904399542789
"Bcell","cg10734259","LM27","CpG ~ as.numeric(LM) +Age + Gender",47,43.7217728871076,0.0851063829787234,0.607010126790334,"116769,116815","10-129-09,10-061-09",6.51965559310268,0.000219471063044841,-0.0507848359290326,0.550856403687346,7.30695693259491e-07,2.45687167977606e-05,0.0116026611155096,0.396915123636369,1.12542510749608,4.64228568651024e-05,0.0192609058849219,0.643760709512854,5.79306037307808,4.7276509432108,-2.63667951198436,0.855685032570859,0.0445752770453164
"Bcell","cg05417884","LM27","CpG ~ as.numeric(LM) +Age + Gender",47,-75.7509037949271,0.0851063829787234,0.607010126790334,"116769,116815","10-129-09,10-061-09",3.60416575133557,-7.58376869316338e-05,0.00137755468277762,-0.252644966566305,1.33949419400489e-14,6.61449285086522e-07,0.799995509889818,0.169032473249144,0.315743506103569,1.30241590420379e-05,0.00540374114130672,0.180610208675318,11.4148531376393,-5.82284711718074,0.254926105221337,-1.39884100915073,0.0026770887796021
"Bcell","cg09352282","LM27","CpG ~ as.numeric(LM) +Age + Gender",47,14.3560930286927,0.0851063829787234,0.607010126790334,"116769,116815","10-129-09,10-061-09",4.47976273847847,0.000196931531274836,-0.0224091030178035,1.20262570152883,2.36846098345572e-06,7.19401042667844e-07,0.119140819434917,0.0143049267576976,0.823460240252696,3.39670553044658e-05,0.0140929770287159,0.471032097106957,5.44016883815029,5.79772163084578,-1.59009008331899,2.55317144822034,0.00286085300104414
"Bcell","cg13325346","LM27","CpG ~ as.numeric(LM) +Age + Gender",47,8.36261187698419,0.0851063829787234,0.607010126790334,"116769,116815","10-129-09,10-061-09",-3.8712455440661,-0.000209577842905121,0.00899877975305971,-0.722427346041187,9.77372673272089e-06,5.30283247796676e-08,0.499793097281208,0.10941572019224,0.772594884646477,3.1868901365148e-05,0.0132224501312716,0.44193632058964,-5.01070563758327,-6.57624938192306,0.680568250492189,-1.63468652016949,0.000506782400939737
"Bcell","cg24127639","LM27","CpG ~ as.numeric(LM) +Age + Gender",47,11.7190663459798,0.0851063829787234,0.607010126790334,"116769,116815","10-129-09,10-061-09",-6.68450816610063,-0.000192552137592021,0.0418199350820341,-1.48465947014159,1.5297737928825e-10,6.45663551180782e-07,0.00388937842311411,0.00229849826342962,0.800680340340399,3.30274032334517e-05,0.0137031141179311,0.458001639164891,-8.34853540085522,-5.83007196269656,3.05185629500896,-3.24160296205202,0.00265091107196573
"Bcell","cg08785078","LM27","CpG ~ as.numeric(LM) +Age + Gender",47,-75.5620990786137,0.0851063829787234,0.607010126790334,"116769,116815","10-129-09,10-061-09",-4.23669295046088,-6.20874869114481e-05,0.0115651083210932,-0.21076913298986,6.1150250353772e-17,2.23032043432267e-05,0.0384215205376132,0.250584798119226,0.316378333467782,1.30503451468854e-05,0.00541460579150319,0.1809733398261,-13.3912234255205,-4.75753600480566,2.13590956875229,-1.16464189251517,0.0412958800706808
"Bcell","cg04552585","LM27","CpG ~ as.numeric(LM) +Age + Gender",47,-93.2825992304748,0.0851063829787234,0.607010126790334,"116769,116815","10-129-09,10-061-09",2.36638835412576,-5.9181826659737e-05,0.00106966713630054,-0.0813289200973288,1.73087176455169e-11,2.10491463510716e-06,0.812598842766685,0.590187830719379,0.262020513420017,1.08081299317026e-05,0.00448430767652785,0.149879819192482,9.03130950794094,-5.4756768315806,0.238535625443251,-0.542627556768552,0.00651471079565666
"Bcell","cg15903064","LM27","CpG ~ as.numeric(LM) +Age + Gender",47,3.33449298291507,0.0851063829787234,0.607010126790334,"116769,116815","10-129-09,10-061-09",3.64615248603387,0.000215178431938799,-0.0135344293682052,1.06779866638872,1.08545549893574e-05,8.54315652065767e-09,0.286233976051701,0.0144559074673504,0.732354145811045,3.02090040990745e-05,0.0125337565182657,0.418917990527984,4.97867392010998,7.12298992820461,-1.07983822316008,2.54894440089078,0.000176957121562346
"Bcell","cg14101207","LM27","CpG ~ as.numeric(LM) +Age + Gender",47,-153.202601354565,0.0851063829787234,0.607010126790334,"116769,116815","10-129-09,10-061-09",-2.90194581766585,-2.83581070366655e-05,0.00746061590172302,-0.260017962282135,3.44832219042424e-24,1.1416219320245e-05,0.00299215282590372,0.00205266604511969,0.138514631837724,5.71361424647031e-06,0.00237058625202236,0.0792325291801571,-20.950464071302,-4.96325194760641,3.14716070565174,-3.28170721006409,0.0251081573438938
"Bcell","cg26802972","LM27","CpG ~ as.numeric(LM) +Age + Gender",47,-12.3971423164057,0.0851063829787234,0.607010126790334,"116769,116815","10-129-09,10-061-09",5.06619186838336,0.00013105664725446,-0.0234991740002654,0.414187222549129,2.65729867403612e-10,6.63459200696243e-06,0.0320027087023456,0.248912364370646,0.619496084348289,2.55537022060725e-05,0.0106022654881561,0.3543614196486,8.17792395526276,5.12867553192807,-2.21642950051728,1.16882707761995,0.0162072419992938
"Bcell","cg07108913","LM27","CpG ~ as.numeric(LM) +Age + Gender",47,19.6325672320424,0.0851063829787234,0.607010126790334,"116769,116815","10-129-09,10-061-09",4.99229607056666,0.000224935875249595,-0.0403856195443642,1.16076824528719,8.97082488781624e-07,1.52649570205376e-07,0.00964436883483981,0.0245806652221044,0.871005221201694,3.59282465294954e-05,0.0149066779113952,0.49822856754789,5.73164884554765,6.26069727797412,-2.70923003665974,2.32979062401036,0.000949195843387511
"Bcell","cg14081264","LM27","CpG ~ as.numeric(LM) +Age + Gender",47,-91.8822267043923,0.0851063829787234,0.607010126790334,"116769,116815","10-129-09,10-061-09",2.91183616460384,-7.27134450075794e-05,0.000754183379635736,-0.146170095379237,5.13605904979982e-14,4.45661878322046e-08,0.869172919933847,0.342010915371181,0.26595320606487,1.09703502576314e-05,0.00455161310840627,0.152129380705268,10.948678557737,-6.62817898243466,0.165695844895703,-0.960827518665993,0.000454970890243116
"Bcell","cg13357523","LM27","CpG ~ as.numeric(LM) +Age + Gender",47,10.0418406414191,0.0851063829787234,0.607010126790334,"116769,116815","10-129-09,10-061-09",3.8885211631761,0.000204357977113764,-0.0139838699266874,0.393045802848786,1.21596423827549e-05,1.34293258439949e-07,0.304676256606234,0.387175365697618,0.786520640031689,3.24433272817907e-05,0.0134607802183333,0.449902069805269,4.94395310848985,6.29892166542558,-1.0388602814896,0.873625238085497,0.000874818260063171
"Bcell","cg18323912","LM27","CpG ~ as.numeric(LM) +Age + Gender",47,-4.34219410710301,0.0851063829787234,0.607010126790334,"116769,116815","10-129-09,10-061-09",-4.43331541643551,-0.000197666305388041,0.0136131023040578,-1.02313849647144,5.43982163871176e-08,9.2196952689099e-09,0.245063235887123,0.0112130660218577,0.674922128330732,2.783998077695e-05,0.0115508455488005,0.386065981028978,-6.56863248416573,-7.10008771096916,1.17853729811767,-2.65016485975915,0.000176957121562346
"Bcell","cg11011677","LM27","CpG ~ as.numeric(LM) +Age + Gender",47,7.39122767012774,0.0851063829787234,0.607010126790334,"116769,116815","10-129-09,10-061-09",-5.10242250465814,-0.000180365323057557,0.0202718533501205,-0.716956527092262,3.83755035431827e-08,9.37682774044581e-07,0.128695655014639,0.108477308165023,0.764652096608429,3.15412679138022e-05,0.0130865145707036,0.437392921985125,-6.67286799747185,-5.71839164964673,1.54906436244701,-1.63915895995373,0.00345519653374154
"Bcell","cg01520986","LM27","CpG ~ as.numeric(LM) +Age + Gender",47,-76.8494119589756,0.0851063829787234,0.607010126790334,"116769,116815","10-129-09,10-061-09",-2.94404298841437,-8.8081300743824e-05,0.0101236180335736,-0.392249286858876,4.91189473496132e-12,2.17710805675666e-08,0.0647649653353784,0.0334326663366193,0.312075122908097,1.28728412627602e-05,0.00534095919072894,0.178511836288784,-9.4337637712999,-6.84241333718877,1.8954681494565,-2.19732929207183,0.00027177896413438
"Bcell","cg08885381","LM27","CpG ~ as.numeric(LM) +Age + Gender",47,15.7948712735799,0.0851063829787234,0.607010126790334,"116769,116815","10-129-09,10-061-09",3.42352009644615,0.000211303633273474,-0.0174172254068175,1.13858531346912,0.000183171524120642,2.39464636368544e-07,0.230201242564286,0.0217916438667701,0.836161200930414,3.44909594502537e-05,0.0143103455649536,0.478297244652469,4.09433024713025,6.12634837190416,-1.2171072548711,2.38049732922132,0.00136493844960752
"Bcell","cg20911986","LM27","CpG ~ as.numeric(LM) +Age + Gender",47,18.2119351102709,0.0851063829787234,0.607010126790334,"116769,116815","10-129-09,10-061-09",4.08646927579533,0.000213840296714973,-0.0229037791438207,1.33384889168422,2.19037003990511e-05,3.1712620560451e-07,0.126119902474139,0.00943071773662037,0.857940597704993,3.53893415925572e-05,0.0146830855266902,0.490755399199561,4.76311447054343,6.04250565543006,-1.55987507545245,2.71795051844518,0.00158330466425151
"Bcell","cg03667488","LM27","CpG ~ as.numeric(LM) +Age + Gender",47,-35.0139542360901,0.0851063829787234,0.607010126790334,"116769,116815","10-129-09,10-061-09",3.0715507958867,9.95331557897377e-05,-0.00892966127898477,0.566165364122598,1.30772926067454e-07,1.17444435146767e-05,0.289990714745696,0.0483281968781386,0.487018445560874,2.00891089405661e-05,0.00833499837678147,0.278582144624143,6.30684694570316,4.95458290779386,-1.07134529310286,2.03231030792176,0.0255020337835596
"Bcell","cg21826610","LM27","CpG ~ as.numeric(LM) +Age + Gender",47,13.3502852097437,0.0851063829787234,0.607010126790334,"116769,116815","10-129-09,10-061-09",3.88816639542224,0.000210229663111211,-0.0180604900144516,1.14690523834419,2.12449267690228e-05,1.55174204754098e-07,0.202124472125747,0.0179424104544601,0.814696119216519,3.36055425447975e-05,0.0139429848974603,0.466018883220998,4.77253580041774,6.25580327503913,-1.29531016115074,2.46107031203776,0.000956201623250264
"Bcell","cg16528345","LM27","CpG ~ as.numeric(LM) +Age + Gender",47,-13.7557646242062,0.0851063829787234,0.607010126790334,"116769,116815","10-129-09,10-061-09",3.70217211665087,0.00013737464419614,-0.0121754690548507,0.740974573107237,2.95981729641163e-07,2.26073495493285e-06,0.250400407220309,0.0396867626956978,0.610606638038105,2.51870198822831e-05,0.0104501284977788,0.349276517751794,6.0631049288066,5.45418413286644,-1.16510232935783,2.12145545276478,0.00693422154932419
"Bcell","cg03850491","LM27","CpG ~ as.numeric(LM) +Age + Gender",47,-62.6187864714833,0.0851063829787234,0.607010126790334,"116769,116815","10-129-09,10-061-09",3.89756514839262,-8.67484618638906e-05,0.00288063948441432,-0.18606045781176,9.61064675612799e-14,7.32925846337307e-07,0.64528887152966,0.37531628975236,0.363083766816894,1.49769057263027e-05,0.00621393837264065,0.207689575949377,10.7346169247996,-5.79214848842519,0.463577092604827,-0.895858431802621,0.00288165610413512
"Bcell","cg01063813","LM27","CpG ~ as.numeric(LM) +Age + Gender",47,-88.751489747818,0.0851063829787234,0.607010126790334,"116769,116815","10-129-09,10-061-09",-4.69863822526921,-5.32691999863324e-05,0.0123154970521149,-0.129322901900315,8.74584233082515e-21,2.71551728569307e-05,0.0121901403073732,0.415477394977064,0.274960125387156,1.13418782462191e-05,0.00470576057163963,0.157281478996678,-17.0884349818117,-4.69668240391226,2.61711085054712,-0.822238592396798,0.048623043084493
"Bcell","cg21935094","LM27","CpG ~ as.numeric(LM) +Age + Gender",47,18.9001477293646,0.0851063829787234,0.607010126790334,"116769,116815","10-129-09,10-061-09",3.21827236899549,0.000227325890128005,-0.0185922667924205,0.612855408544321,0.000566422350947615,1.03472433219979e-07,0.215538659648497,0.22181303849868,0.86424498363691,3.56493923092068e-05,0.0147909809195406,0.494361606252827,3.72379641181413,6.3767115062238,-1.25700025532844,1.23969054391108,0.00074890396015923
"Bcell","ch.10.1464434F","LM27","CpG ~ as.numeric(LM) +Age + Gender",47,6.69201895269112,0.0851063829787234,0.607010126790334,"116769,116815","10-129-09,10-061-09",-5.52725435389865,-0.000205076711644304,0.0257576238609483,-0.99693075630681,5.02995079712886e-09,5.78235674807485e-08,0.0537836737123303,0.026595837743081,0.758985417247518,3.13075220669042e-05,0.0129895331037686,0.434151493033821,-7.28242496930098,-6.55039741586879,1.98295224741184,-2.2962739327241,0.000527347080519927
"Bcell","cg13451953","LM27","CpG ~ as.numeric(LM) +Age + Gender",47,-78.1175112124285,0.0851063829787234,0.607010126790334,"116769,116815","10-129-09,10-061-09",-4.50204340801442,-8.09632615296371e-05,0.00632697653429128,-0.31630395511715,2.71415919491812e-18,1.04107558733445e-07,0.236438976044432,0.0795295508247706,0.307893369401234,1.27003473818246e-05,0.0052693912470309,0.176119808079483,-14.6220862656758,-6.37488559135815,1.20070350400652,-1.79595900407978,0.00074890396015923
"Bcell","cg12188560","LM27","CpG ~ as.numeric(LM) +Age + Gender",47,-131.541501820532,0.0851063829787234,0.607010126790334,"116769,116815","10-129-09,10-061-09",-3.77713259783689,-3.56156355086569e-05,0.00650267457438422,-0.154761391012844,9.35440993911006e-25,1.19008645243954e-05,0.0348970018683249,0.128171783059924,0.174410757793902,7.19429981690589e-06,0.00298492469095546,0.0997656729321438,-21.6565345258132,-4.95053534257269,2.17850540554266,-1.5512489062055,0.0255978988376221
"Bcell","cg25091705","LM27","CpG ~ as.numeric(LM) +Age + Gender",47,-58.286905470762,0.0851063829787234,0.607010126790334,"116769,116815","10-129-09,10-061-09",4.05622103008024,-7.46059524711693e-05,-0.00641084434568568,-0.291894659992644,1.16789447370504e-13,2.23385779518153e-05,0.330026209148103,0.1865948812683,0.380207596701196,1.56832495766456e-05,0.00650700138820174,0.217484673643992,10.6684376253218,-4.75704681651355,-0.985222526202252,-1.3421389889315,0.0412958800706808
"Bcell","cg06947286","LM27","CpG ~ as.numeric(LM) +Age + Gender",47,-132.470410504232,0.0851063829787234,0.607010126790334,"116769,116815","10-129-09,10-061-09",0.511528935618726,-4.18225222489202e-05,-0.000673841929838133,-0.200244473129107,0.00496159793394662,5.63038548130053e-07,0.820734473901975,0.0488824635405267,0.172695717394374,7.12355581585698e-06,0.00295557290956714,0.0987846430820991,2.96202444007677,-5.87101769537954,-0.227990291715328,-2.02708100046163,0.00242211038822777
"Bcell","cg23953279","LM27","CpG ~ as.numeric(LM) +Age + Gender",47,-43.4715837633274,0.0851063829787234,0.607010126790334,"116769,116815","10-129-09,10-061-09",3.82427922318579,0.000104817145495601,-0.0103122834267024,0.532199366862636,6.99917327634986e-11,9.68092009100383e-07,0.182902674858494,0.0425444719422673,0.445112569816562,1.83605261512473e-05,0.00761780704760258,0.254611330287207,8.59171248469087,5.70883125201074,-1.35370761720038,2.09024227736568,0.00352218134981179
"Bcell","cg06922858","LM27","CpG ~ as.numeric(LM) +Age + Gender",47,17.4761360113349,0.0851063829787234,0.607010126790334,"116769,116815","10-129-09,10-061-09",3.80557303616475,0.00020909828615665,-0.00749266606492059,0.559320853683035,5.61010512480406e-05,4.25181452944591e-07,0.609673875060148,0.25704172649109,0.851251154461564,3.51134075795976e-05,0.0145686001327924,0.486928933360162,4.47056431726294,5.95494144744145,-0.5143024035683,1.14867040211251,0.00197523444249221
"Bcell","cg14021550","LM27","CpG ~ as.numeric(LM) +Age + Gender",47,13.6843203929757,0.0851063829787234,0.607010126790334,"116769,116815","10-129-09,10-061-09",4.02737459374776,0.00020982448519853,-0.0174293821165815,0.802447172386128,1.28994406779369e-05,1.74024075055225e-07,0.219651408621239,0.0933944372536507,0.817596345486552,3.37251744848647e-05,0.0139926203506415,0.467677857868807,4.92587156973049,6.22159820974968,-1.24561244997849,1.71581176847425,0.00105337696652565
"Bcell","cg02902915","LM27","CpG ~ as.numeric(LM) +Age + Gender",47,-62.3373842608481,0.0851063829787234,0.607010126790334,"116769,116815","10-129-09,10-061-09",3.30534297454695,8.39887836710677e-05,-0.0054624963796876,0.57527891820066,1.50203624653015e-11,1.43349031568867e-06,0.385658962460009,0.00842510113959874,0.364172337682136,1.50218083760908e-05,0.0062325685425603,0.208312255457676,9.07631533900849,5.59112335667568,-0.876443851742003,2.76161821078041,0.00475970974990035
"Bcell","cg16843934","LM27","CpG ~ as.numeric(LM) +Age + Gender",47,-42.6311441099423,0.0851063829787234,0.607010126790334,"116769,116815","10-129-09,10-061-09",-5.40347008684757,-9.72450035901688e-05,0.0118958095889325,-0.592332771497633,2.3636663217421e-15,4.45764058362013e-06,0.129028609107635,0.0260139335568934,0.449110097380798,1.85254208640921e-05,0.00768622208621713,0.256897978384809,-12.0315043423885,-5.24927364962916,1.54767966050108,-2.30571207769636,0.0118178444612141
"Bcell","cg07439679","LM27","CpG ~ as.numeric(LM) +Age + Gender",47,-68.1256984593013,0.0851063829787234,0.607010126790334,"116769,116815","10-129-09,10-061-09",3.89622275917024,6.67025250022095e-05,-0.00826469655521045,0.358433194953687,1.48658608908821e-14,2.49893636401388e-05,0.165652621522073,0.0741971912223406,0.342423885244137,1.41247026621327e-05,0.00586035817266463,0.195871801553602,11.3783615193559,4.72240206379949,-1.41027157585022,1.82993770471651,0.0450992078708093
"Bcell","cg01810632","LM27","CpG ~ as.numeric(LM) +Age + Gender",47,-47.3962226283118,0.0851063829787234,0.607010126790334,"116769,116815","10-129-09,10-061-09",4.34770399532247,0.000103854461486949,-0.0193485204579965,0.659655041689664,4.94761615840455e-13,5.15196979314169e-07,0.011269169196406,0.00984271372255126,0.426911076066189,1.76097295558305e-05,0.00730630052819417,0.244199792057885,10.1840974363673,5.8975614110191,-2.64819663293794,2.70129239722407,0.0022882607653636
"Bcell","cg04371579","LM27","CpG ~ as.numeric(LM) +Age + Gender",47,2.42141198064668,0.0851063829787234,0.607010126790334,"116769,116815","10-129-09,10-061-09",2.91169088565726,0.000141154741168023,-0.000714485311261666,0.760568058075785,0.0002343156533198,2.53300706120553e-05,0.954364731953516,0.0736901391079241,0.725274769184611,2.99169856558799e-05,0.0124125976725838,0.414868476713527,4.01460385686755,4.71821402034467,-0.0575613042578328,1.83327512396409,0.0454870426258798
"Bcell","cg06990529","LM27","CpG ~ as.numeric(LM) +Age + Gender",47,-25.4536963534722,0.0851063829787234,0.607010126790334,"116769,116815","10-129-09,10-061-09",2.50569166525959,0.000126639713643415,0.00620019554442709,0.526680634561262,3.18307778742908e-05,1.01624529870293e-06,0.505216816878014,0.0948941565498038,0.53915703273137,2.22397826311058e-05,0.0092273157897971,0.308406229448903,4.64742461498786,5.69428738328987,0.671939238416747,1.70774966349544,0.00365845633203321
"Bcell","cg19095118","LM27","CpG ~ as.numeric(LM) +Age + Gender",47,19.3543262890939,0.0851063829787234,0.607010126790334,"116769,116815","10-129-09,10-061-09",3.81290831212739,0.000226124828363889,-0.0281284012805891,0.779617178938191,7.23436836432742e-05,1.28341235836269e-07,0.0651607220559776,0.123881182108209,0.868430848973021,3.58220557997053e-05,0.0148626192344749,0.49675598649257,4.39057216430809,6.31244699154731,-1.89256017642861,1.56941677631871,0.000852581405168741
"Bcell","cg01925424","LM27","CpG ~ as.numeric(LM) +Age + Gender",47,-82.0577679016402,0.0851063829787234,0.607010126790334,"116769,116815","10-129-09,10-061-09",2.9578080360014,6.20593540048542e-05,-0.00276724128043713,-0.0195755557113927,8.17756878823951e-13,7.39680350320428e-06,0.586774126645835,0.908265693975263,0.295253968292326,1.21789825174447e-05,0.00505307626207194,0.168889873567189,10.017843462388,5.09561073069632,-0.547634972622095,-0.115907219881984,0.0175761132396256
"Bcell","cg26671261","LM27","CpG ~ as.numeric(LM) +Age + Gender",47,-12.4095120593208,0.0851063829787234,0.607010126790334,"116769,116815","10-129-09,10-061-09",4.00083809188526,0.000129011798904178,-0.0223606687215164,0.787438849064482,7.85193138903691e-08,8.61138996752807e-06,0.0407768064932294,0.031565011566502,0.619414568357616,2.55503397387328e-05,0.0106008703959247,0.354314791230909,6.45906360015639,5.04931833484015,-2.10932384666381,2.22242725551727,0.01996660230793
"Bcell","cg14034135","LM27","CpG ~ as.numeric(LM) +Age + Gender",47,21.078192336028,0.0851063829787234,0.607010126790334,"116769,116815","10-129-09,10-061-09",3.454108836245,0.000228123734125787,-0.0215165783361277,0.606309094493148,0.000327633196988708,1.56888635093201e-07,0.162415720957675,0.23734104281261,0.884503934436047,3.64850573098553e-05,0.0151376994546704,0.505950041994637,3.90513676849534,6.2525250320538,-1.42139024496812,1.19835763251024,0.000958134303219411
"Bcell","cg08195484","LM27","CpG ~ as.numeric(LM) +Age + Gender",47,-124.671262724253,0.0851063829787234,0.607010126790334,"116769,116815","10-129-09,10-061-09",-3.95795365699362,-4.47617728757953e-05,0.00301300927427948,-0.0884887850394652,2.63801372399238e-24,7.54872300776871e-07,0.353348799176859,0.414232641921617,0.187635423642054,7.73980636875766e-06,0.00321125609458615,0.10733038800094,-21.0938509379981,-5.78331947120534,0.938265023259622,-0.824452298063902,0.00293368681460157
"Bcell","cg04764169","LM27","CpG ~ as.numeric(LM) +Age + Gender",47,-122.537735376424,0.0851063829787234,0.607010126790334,"116769,116815","10-129-09,10-061-09",3.85256928264675,4.82562257376279e-05,-0.00513661614458941,0.258323073226113,1.84259988100288e-23,2.66081965591202e-07,0.12522577593762,0.0232781463375101,0.191942902228917,7.91748630548158e-06,0.00328497573982089,0.10979433291635,20.0714339416003,6.09489222661721,-1.56366943059052,2.35279058913654,0.0014387878010545
"Bcell","cg13887911","LM27","CpG ~ as.numeric(LM) +Age + Gender",47,3.0642744601767,0.0851063829787234,0.607010126790334,"116769,116815","10-129-09,10-061-09",4.85638561687547,0.000212979026648416,-0.0308549491510804,0.939358263919086,4.13874573190626e-08,1.01747551091771e-08,0.0176061160500444,0.0297028961788437,0.730251895961103,3.0122288027762e-05,0.0124977779033969,0.417715470834796,6.65028826865811,7.07047972093373,-2.46883481124224,2.24879931318272,0.000183144253181621
"Bcell","cg18927375","LM27","CpG ~ as.numeric(LM) +Age + Gender",47,12.5873094359275,0.0851063829787234,0.607010126790334,"116769,116815","10-129-09,10-061-09",-4.79447486746101,-0.000189074722548318,0.0208604053520674,-0.950822323633258,4.57664459779779e-07,1.0941577490299e-06,0.138786874752406,0.0457908478756685,0.808110187832373,3.33338783106044e-05,0.0138302710405278,0.462251627779102,-5.93294694170534,-5.67214894068201,1.50831500633203,-2.05693666932338,0.00385772386364797
"Bcell","cg08766923","LM27","CpG ~ as.numeric(LM) +Age + Gender",47,-24.4512087964734,0.0851063829787234,0.607010126790334,"116769,116815","10-129-09,10-061-09",4.11912752861213,0.000152138693819819,-0.0124358898179487,0.553009436801322,2.01522470709906e-09,2.78923705228028e-08,0.189412209230773,0.0831278879355516,0.544937784135199,2.247823385563e-05,0.00932624952425145,0.311712909387407,7.55889506753339,6.7682672400756,-1.33342881140068,1.77409860210193,0.000317970699595742
"Bcell","cg01015483","LM27","CpG ~ as.numeric(LM) +Age + Gender",47,21.5763581548024,0.0851063829787234,0.607010126790334,"116769,116815","10-129-09,10-061-09",2.9303069635987,0.000239607736283076,-0.00824191980622587,1.4378556982512,0.00197445144447244,6.13807562292318e-08,0.590899526953695,0.00710605788964933,0.889203926781141,3.66789281151626e-05,0.0152181367131035,0.508638510899968,3.29542737649193,6.53257193151252,-0.541585343961933,2.82687147637938,0.00055242276785544
"Bcell","cg06006921","LM27","CpG ~ as.numeric(LM) +Age + Gender",47,-72.4653783729952,0.0851063829787234,0.607010126790334,"116769,116815","10-129-09,10-061-09",3.4693135997041,6.4208614761455e-05,0.000992115020457357,0.475175929868147,1.3864805198622e-13,2.20811042513684e-05,0.860111950107981,0.0147590383519897,0.326974632863966,1.34874337517978e-05,0.00559595444281633,0.187034588301954,10.610344812735,4.76062503386876,0.177291475582143,2.54057783740519,0.0412958800706808
"Bcell","cg00246280","LM27","CpG ~ as.numeric(LM) +Age + Gender",47,28.5175541331322,0.0851063829787234,0.607010126790334,"116769,116815","10-129-09,10-061-09",2.86640010683413,0.000195601347880198,-0.000198270170152335,0.832874268977592,0.00455041551006124,1.17976799868811e-05,0.990400889781969,0.135604922030535,0.957350055288874,3.94898996747573e-05,0.0163844126019803,0.547619158964855,2.9940982308391,4.95319941279137,-0.0121011460690615,1.52090052976222,0.0255365636791985
"Bcell","cg16688681","LM27","CpG ~ as.numeric(LM) +Age + Gender",47,27.6727362137702,0.0851063829787234,0.607010126790334,"116769,116815","10-129-09,10-061-09",2.79173902166839,0.000228832192200783,0.00399268839093891,1.15780942364022,0.00522954067305561,6.10099456578382e-07,0.806938684722261,0.0386431566603458,0.948784492610946,3.91365772834956e-05,0.016237818665616,0.542719523555807,2.94243744855678,5.84701596522302,0.245888223853215,2.13334765636299,0.00254454254757519
"Bcell","cg06026687","LM27","CpG ~ as.numeric(LM) +Age + Gender",47,-69.916606150619,0.0851063829787234,0.607010126790334,"116769,116815","10-129-09,10-061-09",3.62709048934202,-7.20670906036064e-05,-0.00160759369402521,-0.0593456036695715,8.02186003104311e-14,5.23915096496516e-06,0.78113025015127,0.758957580893944,0.335961708495844,1.38581432045332e-05,0.00574976229442132,0.19217533569304,10.7961425294004,-5.2003424657953,-0.279593070410054,-0.308809678700723,0.0135228417520051
"Bcell","cg07076509","LM27","CpG ~ as.numeric(LM) +Age + Gender",47,17.6295266578576,0.0851063829787234,0.607010126790334,"116769,116815","10-129-09,10-061-09",-4.89247926559609,-0.000224134804459691,0.0363527819790254,-0.892394448873018,8.78177624167981e-07,1.04851470962099e-07,0.016668560924006,0.0742316823465281,0.85264137317658,3.51707529542374e-05,0.0145923928060241,0.487724160141932,-5.73802705276755,-6.37276104811645,2.49121459806223,-1.82971138565972,0.00074890396015923
"Bcell","cg18305855","LM27","CpG ~ as.numeric(LM) +Age + Gender",47,-84.9692643292934,0.0851063829787234,0.607010126790334,"116769,116815","10-129-09,10-061-09",3.03664196904243,5.8566677242756e-05,-0.00655045596787857,0.170910062820368,1.39452555104677e-13,1.1534191008384e-05,0.188217480870666,0.302412645025681,0.286249133899052,1.18075405304582e-05,0.00489896448101878,0.163738967887683,10.6083883213192,4.96010808446351,-1.33711032061134,1.04379589675687,0.0252055238938646
"Bcell","ch.6.2893423F","LM27","CpG ~ as.numeric(LM) +Age + Gender",47,50.7950681425364,0.0851063829787234,0.607010126790334,"116769,116815","10-129-09,10-061-09",-3.40054478542838,-0.000257806807564189,0.010035120063165,-1.28550268741273,0.00757366040438797,6.16656619861977e-06,0.631374321413769,0.070881973047465,1.21337855085746,5.00508638153316e-05,0.0207661708586236,0.694071450516665,-2.80254235829809,-5.1508962665539,0.483243643302573,-1.85211866365604,0.0152270774260828
"Bcell","cg12613770","LM27","CpG ~ as.numeric(LM) +Age + Gender",47,11.5361397071669,0.0851063829787234,0.607010126790334,"116769,116815","10-129-09,10-061-09",4.33208471291583,0.000196604099428613,-0.0208014086235668,0.714375421055706,2.52372771605226e-06,4.11995241995804e-07,0.135589300108543,0.125429169942658,0.799123709036374,3.29631934768565e-05,0.0136764734033739,0.457111221787445,5.42104390587996,5.96435231818935,-1.52096289811344,1.56280438327959,0.00193279738843618
"Bcell","cg17750401","LM27","CpG ~ as.numeric(LM) +Age + Gender",47,24.6422567079757,0.0851063829787234,0.607010126790334,"116769,116815","10-129-09,10-061-09",3.4398634553511,0.000227848357818708,-0.0253225034858639,0.777703182187285,0.000532642262543152,3.50502160948781e-07,0.114590450380386,0.146183161705776,0.918684302253066,3.78949692730745e-05,0.0157226738285764,0.525501745338318,3.74433681615639,6.0126281189678,-1.61057233406696,1.47992502229769,0.00170029592608625
"Bcell","cg20634552","LM27","CpG ~ as.numeric(LM) +Age + Gender",47,3.56757382647538,0.0851063829787234,0.607010126790334,"116769,116815","10-129-09,10-061-09",3.57413095094757,0.000226937584350044,-0.0171596230989248,1.18408609110973,1.55662456391921e-05,2.49957182113009e-09,0.179140239597762,0.00724417206021255,0.734172332265719,3.02840027897712e-05,0.0125648735761237,0.419958021529862,4.86824522509244,7.49364560310683,-1.36568211331089,2.81953440678721,9.44519233910719e-05
"Bcell","cg14071023","LM27","CpG ~ as.numeric(LM) +Age + Gender",47,-103.047475584148,0.0851063829787234,0.607010126790334,"116769,116815","10-129-09,10-061-09",2.83978215020099,-6.42415513711071e-05,0.00110349820571562,-0.115639384205201,2.4104209821037e-15,4.98879289090091e-08,0.786146266339269,0.396738421069333,0.23616746075311,9.74171284584967e-06,0.0040418497902247,0.135091469957099,12.0244429149776,-6.59448213960406,0.273018113732098,-0.856008038419631,0.000487472770487395
"Bcell","cg09197075","LM27","CpG ~ as.numeric(LM) +Age + Gender",47,-78.2483381190593,0.0851063829787234,0.607010126790334,"116769,116815","10-129-09,10-061-09",2.92758356267006,-7.34593014931251e-05,-0.0066845015238001,-0.208409982009941,3.74009724537657e-12,7.33058227208549e-07,0.210801486838045,0.242529336007487,0.307465148984031,1.26826836430275e-05,0.0052620625379957,0.17587485932388,9.52167610652389,-5.79209444631305,-1.27031966563176,-1.18499018456155,0.00288165610413512
"Bcell","cg16739709","LM27","CpG ~ as.numeric(LM) +Age + Gender",47,16.1156303028234,0.0851063829787234,0.607010126790334,"116769,116815","10-129-09,10-061-09",3.75489241176026,0.000208663177327338,-0.01816993819963,0.7804619946829,5.52544259498354e-05,3.31595996011101e-07,0.212548729891057,0.111216253994197,0.83901933263449,3.46088550242161e-05,0.0143592605974975,0.479932140552197,4.47533479350236,6.02918464599116,-1.26538118562989,1.62619239000106,0.00164355074848995
"Bcell","cg12526997","LM27","CpG ~ as.numeric(LM) +Age + Gender",47,2.40251848475268,0.0851063829787234,0.607010126790334,"116769,116815","10-129-09,10-061-09",-3.7943052883374,-0.000212279463920968,0.00667585514178682,-0.981929709873977,4.71012623882355e-06,9.31360079568486e-09,0.593394001794185,0.0224875417717553,0.72512900749468,2.99109731064681e-05,0.0124101030577288,0.414785098754119,-5.23259344078197,-7.09704305391065,0.537937123546224,-2.36732156681466,0.000176957121562346
"Bcell","cg17304496","LM27","CpG ~ as.numeric(LM) +Age + Gender",47,-42.0425195824909,0.0851063829787234,0.607010126790334,"116769,116815","10-129-09,10-061-09",-4.13480960125501,-0.000109557020515064,0.00963498722609604,-0.572189780314288,1.19443938684128e-11,5.51960942302304e-07,0.219614130123164,0.0322258440994904,0.451931231921141,1.86417903355844e-05,0.00773450393678926,0.25851171133001,-9.14920082791823,-5.87695808947791,1.24571495532727,-2.2133998392972,0.00238948433373458
"Bcell","cg13239696","LM27","CpG ~ as.numeric(LM) +Age + Gender",47,-2.61745296300008,0.0851063829787234,0.607010126790334,"116769,116815","10-129-09,10-061-09",4.45759388135201,0.000163790557686068,-0.0207787438576794,0.583961211857736,7.20987076037032e-08,7.72731234816144e-07,0.0844632176281506,0.144813777172952,0.687420116649363,2.83555124804397e-05,0.0117647403474438,0.393215025220275,6.48452638115875,5.77632154590944,-1.76618805379705,1.4850938402738,0.00296935000538241
"Bcell","cg06305609","LM27","CpG ~ as.numeric(LM) +Age + Gender",47,-30.2475894407791,0.0851063829787234,0.607010126790334,"116769,116815","10-129-09,10-061-09",-5.35956343776594,-0.000112579293980983,0.0168796155095156,-0.424679301926018,2.161030353385e-13,3.44795384182986e-06,0.0608580422242347,0.154574776199267,0.512350011002902,2.11340151087789e-05,0.00876853135436199,0.293072195035684,-10.4607462138526,-5.3269240795715,1.92502197088212,-1.44906036505548,0.00970528060922805
"Bcell","cg12109728","LM27","CpG ~ as.numeric(LM) +Age + Gender",47,-92.9358380329753,0.0851063829787234,0.607010126790334,"116769,116815","10-129-09,10-061-09",3.40354265056567,5.53157525973375e-05,-0.00386533776448811,0.210858051017815,1.99514378065409e-16,7.31169743416714e-06,0.395215351290325,0.168191840526313,0.262988878734213,1.08480742017164e-05,0.00450088060799591,0.150433739251296,12.9417740664442,5.09913110555468,-0.858795889324692,1.40166728599082,0.0175479455666076
"Bcell","cg01160557","LM27","CpG ~ as.numeric(LM) +Age + Gender",47,-88.1563211955895,0.0851063829787234,0.607010126790334,"116769,116815","10-129-09,10-061-09",-4.33463764804487,-6.3002532719481e-05,0.0127218648035489,-0.0296995229886944,2.21761039854381e-19,1.81768063360184e-06,0.0102249450149716,0.852042627980052,0.276706580588385,1.14139180819113e-05,0.00473564999656808,0.158280478603126,-15.6651050322972,-5.51979892157514,2.68640309414091,-0.187638572051347,0.0057559465971319
"Bcell","cg20033041","LM27","CpG ~ as.numeric(LM) +Age + Gender",47,-45.2869784751008,0.0851063829787234,0.607010126790334,"116769,116815","10-129-09,10-061-09",3.10798048568735,0.000109089140895821,-0.00214377737575382,0.351500524115711,8.66826944756039e-09,3.01727112719198e-07,0.775563560558384,0.166479432078055,0.436598717375921,1.8009336764597e-05,0.00747209809772661,0.249741273940171,7.11862028447352,6.05736581650638,-0.286904340349341,1.40745868141891,0.00155172809371705
"Bcell","cg15895233","LM27","CpG ~ as.numeric(LM) +Age + Gender",47,7.82024911448409,0.0851063829787234,0.607010126790334,"116769,116815","10-129-09,10-061-09",-4.56059664792904,-0.000193452365725952,0.0178414870683387,-0.942131128057034,4.51320630897048e-07,2.56893734521571e-07,0.181817801891211,0.0377152296932392,0.768149989285441,3.16855530999002e-05,0.0131463786888922,0.439393771136751,-5.93711737491719,-6.10538074295322,1.35714081349365,-2.14416131940072,0.00140571223955266
"Bcell","cg27004170","LM27","CpG ~ as.numeric(LM) +Age + Gender",47,11.6752568430375,0.0851063829787234,0.607010126790334,"116769,116815","10-129-09,10-061-09",-4.70969595981668,-0.000182271404555268,0.00533054220871652,-0.434069021554726,5.37562102757379e-07,1.80823049287527e-06,0.699061061084632,0.348332730125271,0.800307263373027,3.301201411645e-05,0.0136967291525447,0.457788233322407,-5.8848596974703,-5.52136576436401,0.389183588968478,-0.948187371275276,0.0057559465971319
"Bcell","cg09449346","LM27","CpG ~ as.numeric(LM) +Age + Gender",47,-97.0503386372978,0.0851063829787234,0.607010126790334,"116769,116815","10-129-09,10-061-09",3.26680949841331,-6.68467041958408e-05,-0.00178672515527057,-0.148316092158747,1.81377643582417e-16,8.43197633972882e-08,0.680398386152035,0.308752000265574,0.251725815659695,1.03834821453562e-05,0.00430812073760624,0.143991091555021,12.977649868179,-6.43779256901177,-0.414734234273884,-1.03003658460408,0.000665132414214136
"Bcell","cg00794641","LM27","CpG ~ as.numeric(LM) +Age + Gender",47,-126.423447006847,0.0851063829787234,0.607010126790334,"116769,116815","10-129-09,10-061-09",3.24428481858265,3.79460342012275e-05,-0.00443440947602404,0.35068180157053,2.7777392678589e-21,1.02911747575637e-05,0.16665072925737,0.001795923681559,0.184170247100679,7.59687069625387e-06,0.00315195189140681,0.105348252989019,17.6156836929753,4.99495591256269,-1.4068772712279,3.32878611292287,0.0230790559944255
"Bcell","cg13407349","LM27","CpG ~ as.numeric(LM) +Age + Gender",47,41.5051268416345,0.0851063829787234,0.607010126790334,"116769,116815","10-129-09,10-061-09",2.98118840056483,0.000218272798653139,-0.00852395629660838,0.2362011600665,0.00957228171157178,1.85681309738994e-05,0.652746199242199,0.709014123982358,1.0991965421584,4.53409501914926e-05,0.0188120213477806,0.628757561174664,2.71215227325125,4.81403229820476,-0.453112195602202,0.375663331388368,0.0361837855996932
"Bcell","cg26106370","LM27","CpG ~ as.numeric(LM) +Age + Gender",47,-47.1107488689247,0.0851063829787234,0.607010126790334,"116769,116815","10-129-09,10-061-09",4.25664616309464,9.49202497726206e-05,-0.00897933415663589,0.505650267607229,1.03413188191314e-12,2.95124705440937e-06,0.227147107361813,0.0450488575900387,0.428209556460192,1.76632908004407e-05,0.00732852316077606,0.244942543089619,9.94056788055442,5.37387120242919,-1.22525834464102,2.06436277352694,0.00862665909820828
"Bcell","cg08860414","LM27","CpG ~ as.numeric(LM) +Age + Gender",47,0.732931891954316,0.0851063829787234,0.607010126790334,"116769,116815","10-129-09,10-061-09",-5.24887183147431,-0.000178983524331918,0.0197318351759271,-0.779766121826939,3.78445113103818e-09,2.69477516252757e-07,0.1128731855211,0.0623411650783931,0.71236329060595,2.93843978204196e-05,0.0121916262617966,0.407482909646207,-7.36825142549038,-6.09110744503804,1.61847441450517,-1.913616751446,0.0014387878010545
"Bcell","cg12337988","LM27","CpG ~ as.numeric(LM) +Age + Gender",47,11.2100517528906,0.0851063829787234,0.607010126790334,"116769,116815","10-129-09,10-061-09",3.99200341656024,0.000215381389236878,-0.0180751203516427,0.991744944139352,9.70574973890842e-06,5.66154414944971e-08,0.191770294996551,0.0350060562319691,0.796356335089922,3.28490415854932e-05,0.0136291116297863,0.455528240740204,5.01283563734001,6.5567023828176,-1.32621412478123,2.17713163629072,0.000523306471689575
"Bcell","cg27632348","LM27","CpG ~ as.numeric(LM) +Age + Gender",47,-81.8265297711239,0.0851063829787234,0.607010126790334,"116769,116815","10-129-09,10-061-09",3.4174155269419,5.99526407189971e-05,-0.0110361094921971,0.249058487847741,9.22290766168223e-15,1.35615432679782e-05,0.034883821296381,0.148556566247926,0.295981181280294,1.22089794530258e-05,0.00506552203107624,0.169305850735268,11.5460567869875,4.91053662180903,-2.17867169947978,1.47105659235118,0.0280671341024631
"Bcell","cg21816240","LM27","CpG ~ as.numeric(LM) +Age + Gender",47,-69.430145498039,0.0851063829787234,0.607010126790334,"116769,116815","10-129-09,10-061-09",2.60787765687529,-6.69558868330451e-05,0.00580502833677149,0.144002508213381,1.17653055425704e-09,1.90230477756706e-05,0.320804451837146,0.460048770017419,0.337704855010274,1.39300465596256e-05,0.00577959509336497,0.193172442679049,7.72235760956398,-4.8065802613401,1.00440052339233,0.745460927119079,0.0368602537204527
"Bcell","ch.12.1183517F","LM27","CpG ~ as.numeric(LM) +Age + Gender",47,19.6222534336797,0.0851063829787234,0.607010126790334,"116769,116815","10-129-09,10-061-09",-5.70080878205998,-0.000197226349889975,0.0299829451761799,-1.11471404997485,5.87188696825245e-08,2.00668857021497e-06,0.0505561064392998,0.0304813759545386,0.87090965865479,3.59243046533039e-05,0.0149050424216502,0.498173904281016,-6.54580957440002,-5.49005337175918,2.01159743984548,-2.23760024440391,0.00623893158447358
"Bcell","cg00385421","LM27","CpG ~ as.numeric(LM) +Age + Gender",47,12.4449279129043,0.0851063829787234,0.607010126790334,"116769,116815","10-129-09,10-061-09",2.97042953419944,0.000227158580407262,-0.00889295595547676,0.535192162741193,0.000642897935209486,2.30769414079366e-08,0.523007864104712,0.252630877968716,0.806887072270628,3.3283425803126e-05,0.013809338227172,0.461551986606535,3.68134480806648,6.82497594300907,-0.643981326924017,1.15954903948325,0.000272146767902096
"Bcell","cg23802616","LM27","CpG ~ as.numeric(LM) +Age + Gender",47,-54.7552136110034,0.0851063829787234,0.607010126790334,"116769,116815","10-129-09,10-061-09",3.459575156812,9.17506205478648e-05,-0.00380551196267823,0.422191172108047,4.04206922640759e-11,1.24050889201669e-06,0.576177882838899,0.0683494707883664,0.394764190538229,1.62836970587917e-05,0.00675612785786431,0.225811272290318,8.76364989462481,5.63450795090345,-0.56326819781075,1.86966384727353,0.00422140238604456
"Bcell","cg11975774","LM27","CpG ~ as.numeric(LM) +Age + Gender",47,-2.77695789734276,0.0851063829787234,0.607010126790334,"116769,116815","10-129-09,10-061-09",-2.50039745026867,-0.000158425062936055,0.0156007718389708,-0.27074874840363,0.000719285653458852,1.40762892996895e-06,0.191081740011853,0.49407548182912,0.686254649357945,2.83074379165349e-05,0.0117447941460818,0.392548359757208,-3.64354172697849,-5.59658784391489,1.32831377416482,-0.689720748218355,0.00469663975587372
"Bcell","cg19493916","LM27","CpG ~ as.numeric(LM) +Age + Gender",47,22.1722254000184,0.0851063829787234,0.607010126790334,"116769,116815","10-129-09,10-061-09",3.25726891286685,0.000212245791212177,-0.00195465659490526,0.335148584334075,0.00072691214799758,8.43694911928836e-07,0.899036061954048,0.516116327552118,0.894858505542251,3.69121748223055e-05,0.0153149110862814,0.511873018119509,3.63998206721303,5.75002129335169,-0.127630946330219,0.65474946416462,0.0032060172293598
"Bcell","cg11563839","LM27","CpG ~ as.numeric(LM) +Age + Gender",47,-113.001762692536,0.0851063829787234,0.607010126790334,"116769,116815","10-129-09,10-061-09",3.79948397791277,6.18606115610021e-05,-0.00274500346078476,0.117282219629031,1.56097491970181e-21,1.05563668521495e-08,0.454358256043442,0.33986686667834,0.212436784943652,8.76284205375794e-06,0.00363571497920339,0.121517153377024,17.8852451514956,7.05942332196587,-0.75501063105508,0.96514949840165,0.000185141080641949
"Bcell","cg12488586","LM27","CpG ~ as.numeric(LM) +Age + Gender",47,1.70079507571404,0.0851063829787234,0.607010126790334,"116769,116815","10-129-09,10-061-09",2.67816001550389,0.000265299935269063,-0.0176210228989171,1.31643602225044,0.00057112462933368,2.33809973407851e-11,0.159791321101275,0.00260053484041694,0.719735970953497,2.9688514800045e-05,0.0123178048065508,0.411700197762435,3.72103121642774,8.9361134113944,-1.43053272686591,3.19755984914555,9.6475494855281e-06
"Bcell","cg13396858","LM27","CpG ~ as.numeric(LM) +Age + Gender",47,18.4999719986354,0.0851063829787234,0.607010126790334,"116769,116815","10-129-09,10-061-09",-3.73711556505957,-0.000217061256557591,0.0125836484092955,-0.820748673515889,8.42089163970366e-05,2.48950213769845e-07,0.397621578368899,0.102722500019406,0.860573550260733,3.54979487124923e-05,0.0147281467671387,0.49226148911537,-4.34258706176516,-6.11475492050625,0.854394555421732,-1.6673022197833,0.00138439594689029
"Bcell","cg15748836","LM27","CpG ~ as.numeric(LM) +Age + Gender",47,-140.827224231943,0.0851063829787234,0.607010126790334,"116769,116815","10-129-09,10-061-09",-4.07605892553022,-3.1379678410902e-05,0.0106202304875721,-0.430924385109594,8.57310089450755e-28,1.85331085400395e-05,0.000306151993598324,2.15710058470129e-05,0.158005353157716,6.51759041512779e-06,0.00270415704804704,0.0903815256813922,-25.7969672803529,-4.81461344027811,3.92737193102082,-4.76783703152637,0.0361837855996932
"Bcell","cg25639195","LM27","CpG ~ as.numeric(LM) +Age + Gender",47,8.14018490489497,0.0851063829787234,0.607010126790334,"116769,116815","10-129-09,10-061-09",-3.95182515131305,-0.000218460785103914,0.0181183323846112,-0.72642060138496,6.66862681885649e-06,1.97739797537729e-08,0.176711017367423,0.10672078309989,0.77076889755747,3.1793580904723e-05,0.0131911995707197,0.440891827503293,-5.12712067629635,-6.87122302324433,1.37351666067036,-1.64761639039348,0.00026010198618619
"Bcell","cg17443976","LM27","CpG ~ as.numeric(LM) +Age + Gender",47,-87.4707215049135,0.0851063829787234,0.607010126790334,"116769,116815","10-129-09,10-061-09",3.78226431981992,7.61148713647509e-05,-0.00947823496914774,0.547300242922219,3.85132859015497e-17,4.57816520643938e-08,0.0533262876883432,0.00133325246209452,0.278732149382622,1.14974711229613e-05,0.00477031626591764,0.159439135536812,13.5695302038084,6.62014025090649,-1.98691961723097,3.43265937236504,0.000460506192702721
"Bcell","cg06362482","LM27","CpG ~ as.numeric(LM) +Age + Gender",47,20.7974361768611,0.0851063829787234,0.607010126790334,"116769,116815","10-129-09,10-061-09",-2.08535641391825,-0.000288932212475532,0.0124770818816248,-0.924253823515058,0.0226278940170727,5.71228731965933e-10,0.412968608423586,0.0738481170765895,0.881866068005793,3.63762474966519e-05,0.0150925541165118,0.504441141265988,-2.36470875745788,-7.94288120296425,0.826704465347878,-1.83223323378318,4.88396995651298e-05
"Bcell","cg00482453","LM27","CpG ~ as.numeric(LM) +Age + Gender",47,12.8558704059804,0.0851063829787234,0.607010126790334,"116769,116815","10-129-09,10-061-09",4.32504653595266,0.000192267110007139,-0.0164270581735167,0.775070018998171,3.33721437257124e-06,8.39640846993581e-07,0.242771062445331,0.101797943741104,0.810422285467574,3.34292504298704e-05,0.0138698410613597,0.463574183677478,5.33678134660046,5.75146339013752,-1.18437248854143,1.67194387929378,0.0032060172293598
"Bcell","cg26723698","LM27","CpG ~ as.numeric(LM) +Age + Gender",47,-107.995172948211,0.0851063829787234,0.607010126790334,"116769,116815","10-129-09,10-061-09",3.59770775915767,4.4579455759301e-05,-0.00409086230540675,0.071554325234142,8.91891980646821e-20,1.80080173265022e-05,0.292003466522598,0.579535666372127,0.224058248167701,9.24221782049678e-06,0.00383460863095557,0.128164811547132,16.057019942711,4.82345867898024,-1.06682655235857,0.558299305171045,0.0354024103757659
"Bcell","cg14250381","LM27","CpG ~ as.numeric(LM) +Age + Gender",47,24.8102642001372,0.0851063829787234,0.607010126790334,"116769,116815","10-129-09,10-061-09",4.33688812382568,0.000229679927931169,-0.0221189177391544,0.985860669217346,2.58164763085799e-05,3.09121751045354e-07,0.167410412884048,0.0679209945739004,0.920327747573793,3.79627600362106e-05,0.0157508003075742,0.526441821686953,4.71233007508333,6.05013775900619,-1.40430437230024,1.87268683566631,0.0015778935231811
"Bcell","cg15948081","LM27","CpG ~ as.numeric(LM) +Age + Gender",47,-109.798539426947,0.0851063829787234,0.607010126790334,"116769,116815","10-129-09,10-061-09",3.47162632676164,4.25731095927245e-05,-0.00824994227058615,0.276429767317523,1.63901235915632e-19,2.72503453727397e-05,0.0337555787572954,0.0333351839011256,0.219800717158249,9.06659818011904e-06,0.00376174380545186,0.125729437424801,15.7944267500373,4.69559902699533,-2.19311646333533,2.19860816193389,0.0486660573974598
"Bcell","cg11466230","LM27","CpG ~ as.numeric(LM) +Age + Gender",47,-23.9193533493813,0.0851063829787234,0.607010126790334,"116769,116815","10-129-09,10-061-09",3.49852274712605,0.000140517889852069,-0.0124929924191976,0.389672523717318,1.01037061717114e-07,1.77310149656525e-07,0.189879476950498,0.220585726865506,0.548029801225575,2.26057770087504e-05,0.00937916735039166,0.313481591374922,6.38381843341768,6.21601680834398,-1.33199376367625,1.24304754868771,0.00106288572244481
"Bcell","cg06927522","LM27","CpG ~ as.numeric(LM) +Age + Gender",47,17.9359761516839,0.0851063829787234,0.607010126790334,"116769,116815","10-129-09,10-061-09",2.62877552044561,0.000227126336129386,-0.00851837106465156,1.04516098580359,0.0036701896004084,8.4600793919005e-08,0.563703124818888,0.0384171854320891,0.855425606142713,3.52856002662486e-05,0.0146400431105758,0.489316784811302,3.07306152816642,6.43679955606813,-0.581854233646209,2.13595980813664,0.000665132414214136
"Bcell","cg08637669","LM27","CpG ~ as.numeric(LM) +Age + Gender",47,17.0736001575243,0.0851063829787234,0.607010126790334,"116769,116815","10-129-09,10-061-09",4.77499183636511,0.000213044785526094,-0.0340630874586468,1.07110395247968,1.24487854579371e-06,2.6744047981215e-07,0.0235358057467918,0.0325409385868817,0.847613638796572,3.4963363060477e-05,0.01450634645957,0.48484821768236,5.63345328320173,6.09337222959888,-2.3481506907051,2.20915311929929,0.0014387878010545
"Bcell","cg18558423","LM27","CpG ~ as.numeric(LM) +Age + Gender",47,-100.223247932604,0.0851063829787234,0.607010126790334,"116769,116815","10-129-09,10-061-09",2.01496595186446,-5.90654955661286e-05,0.00287388452433005,-0.134412720118933,1.91267827631299e-10,5.39660482702811e-07,0.493909826269804,0.33968040191685,0.243370776063847,1.00388436574845e-05,0.00416512976446324,0.139211878631473,8.2794080063904,-5.88369513276481,0.689986791972233,-0.96552622836702,0.00235111510742872
"Bcell","cg09163767","LM27","CpG ~ as.numeric(LM) +Age + Gender",47,44.9100314627846,0.0851063829787234,0.607010126790334,"116769,116815","10-129-09,10-061-09",3.07130568022203,0.000312785868704795,-0.011810110285247,0.349841857814061,0.0100093289707326,4.09971693032972e-08,0.548054196174291,0.594303841936254,1.13974196043255,4.70134152329597e-05,0.0195059293477369,0.651950172625935,2.69473774489834,6.65311947993752,-0.605462578824384,0.536608275452957,0.000431413212578596
"Bcell","cg10443882","LM27","CpG ~ as.numeric(LM) +Age + Gender",47,11.4122391542704,0.0851063829787234,0.607010126790334,"116769,116815","10-129-09,10-061-09",-6.80777520498072,-0.000192677071751628,0.049236705468961,-0.804951595676058,8.5225373434962e-11,5.98155270925434e-07,0.000806468191309079,0.0849592682861865,0.798071085156412,3.29197736105439e-05,0.0136584584423168,0.456509104515224,-8.53028675214624,-5.85292821363497,3.60485084586231,-1.76327610493301,0.00252552601565829
"Bcell","cg20735720","LM27","CpG ~ as.numeric(LM) +Age + Gender",47,14.374843974826,0.0851063829787234,0.607010126790334,"116769,116815","10-129-09,10-061-09",3.83719340363011,0.000235580970318438,-0.0226449871189037,0.720538143148704,3.06743128418591e-05,1.60257882134996e-08,0.115482112794853,0.133490302716908,0.823624518962774,3.39738316656764e-05,0.0140957885501158,0.471126067090613,4.65891108786131,6.93418901455394,-1.60650729389082,1.52939561930484,0.000233224659767929
"Bcell","cg00155622","LM27","CpG ~ as.numeric(LM) +Age + Gender",47,3.91263624416042,0.0851063829787234,0.607010126790334,"116769,116815","10-129-09,10-061-09",-5.15763796909737,-0.000203590422349739,0.0292819081189825,-1.10257809644041,1.28950393286314e-08,3.52722179788926e-08,0.0250412543912849,0.0122295803556546,0.736872341103523,3.03953759259995e-05,0.0126110824404603,0.421502468684575,-6.99936431509075,-6.69807219510626,2.32191869787774,-2.61582832452046,0.000376969074007385
"Bcell","ch.2.4489892R","LM27","CpG ~ as.numeric(LM) +Age + Gender",47,-23.0399950630269,0.0851063829787234,0.607010126790334,"116769,116815","10-129-09,10-061-09",-5.17104663986303,-0.00012239475935074,0.0203015894945584,-0.404997393917694,6.41689236113309e-12,3.0504365932199e-06,0.0376961499149783,0.207441241547425,0.553180606732314,2.28182434849172e-05,0.00946731997772869,0.316427932437953,-9.34784512857176,-5.36389926032835,2.14438611373828,-1.27990405523731,0.00880372733155884
"Bcell","cg04718021","LM27","CpG ~ as.numeric(LM) +Age + Gender",47,27.0449029033186,0.0851063829787234,0.607010126790334,"116769,116815","10-129-09,10-061-09",3.80280739361812,0.000198346731755284,-0.00602738853641349,0.280534093451572,0.000220084469207888,7.24237541849294e-06,0.710477074433351,0.6054759837578,0.942468602835948,3.88760520428131e-05,0.0161297263921049,0.539106736124928,4.03494332031351,5.10202866116265,-0.373682007362738,0.520368369848311,0.0174427766703242
"Bcell","cg19246545","LM27","CpG ~ as.numeric(LM) +Age + Gender",47,34.2436356437893,0.0851063829787234,0.607010126790334,"116769,116815","10-129-09,10-061-09",3.99076187896062,0.000233170207922338,-0.0360846655452275,1.48721516806045,0.000311023916042244,1.6134703765611e-06,0.0442749714473373,0.0142298832810126,1.01748061885082,4.19702357956254e-05,0.0174135074016785,0.58201477889924,3.9221994060859,5.55560871894461,-2.07222271268276,2.55528763526109,0.00525526509626624
"Bcell","cg03017508","LM27","CpG ~ as.numeric(LM) +Age + Gender",47,-70.8134215482287,0.0851063829787234,0.607010126790334,"116769,116815","10-129-09,10-061-09",3.65912360598732,-7.82655612048737e-05,0.002736842523148,-0.154935573824533,4.47661345192641e-14,9.91207094418728e-07,0.633268598584812,0.420159151417695,0.332771677387864,1.3726557054078e-05,0.00569516702323754,0.190350588159186,10.9958985533568,-5.70176198565553,0.480555269403176,-0.813948490114274,0.0035871994526293
"Bcell","cg01390082","LM27","CpG ~ as.numeric(LM) +Age + Gender",47,31.3829887281835,0.0851063829787234,0.607010126790334,"116769,116815","10-129-09,10-061-09",3.20553953303308,0.000196832265685353,-0.00274159661559193,0.83181597673493,0.00225865741422923,1.7360550862461e-05,0.871825395616284,0.14793629948619,0.986982644639566,4.07122195295455e-05,0.01689155475725,0.564569462115232,3.24781752794012,4.83472205543865,-0.162305759001564,1.47336339025215,0.0345189825208401
"Bcell","cg18657579","LM27","CpG ~ as.numeric(LM) +Age + Gender",47,15.7847135561565,0.0851063829787234,0.607010126790334,"116769,116815","10-129-09,10-061-09",5.70832836783832,0.000214292710858208,-0.0429944727670866,0.843412110982542,2.28781652683691e-08,1.78702853209678e-07,0.00442098982423691,0.0849117393376834,0.836070849544146,3.44872325301376e-05,0.0143087992607741,0.478245562250732,6.82756535639377,6.21368243076457,-3.00475756096118,1.76355449491942,0.00106288572244481
"Bcell","cg26384635","LM27","CpG ~ as.numeric(LM) +Age + Gender",47,-2.81530768725662,0.0851063829787234,0.607010126790334,"116769,116815","10-129-09,10-061-09",3.56447964735065,0.000145187306731642,-0.00799660814441375,0.745987149385559,5.31077868041703e-06,6.58319842728687e-06,0.499433678930031,0.0639982249262785,0.685974730699919,2.82958915029096e-05,0.0117400035235057,0.392388241920227,5.19622587804905,5.13103843067509,-0.68114188623564,1.90114552295178,0.0161393362303659
"Bcell","cg06518610","LM27","CpG ~ as.numeric(LM) +Age + Gender",47,-55.1685196735276,0.0851063829787234,0.607010126790334,"116769,116815","10-129-09,10-061-09",3.57432596231468,0.00010202939907061,-0.00698537713226598,0.538200924392502,1.41969424918729e-11,1.36824947075512e-07,0.304847407592754,0.0211030639529637,0.39303227282659,1.62122568825471e-05,0.00672648723244897,0.224820588354589,9.0942301928771,6.29334952004412,-1.03848812773599,2.39391297892899,0.000882901695046366
"Bcell","cg03885048","LM27","CpG ~ as.numeric(LM) +Age + Gender",47,55.4830698321422,0.0851063829787234,0.607010126790334,"116769,116815","10-129-09,10-061-09",2.88803431909622,0.000252559236718214,-0.000846874649957719,0.297907269772415,0.0286501708287722,1.93982250458381e-05,0.969231433240941,0.685053386520261,1.27542699154696,5.26103107848771e-05,0.0218280888560686,0.729564126072222,2.26436663034184,4.80056538253357,-0.0387974712555869,0.408335962701822,0.0373754618034592
"Bcell","cg26902259","LM27","CpG ~ as.numeric(LM) +Age + Gender",47,39.3569694609217,0.0851063829787234,0.607010126790334,"116769,116815","10-129-09,10-061-09",-5.18708016541175,-0.000251566388803361,0.0196735957075845,-1.54555513615074,1.77408382392019e-05,1.07809905230571e-06,0.290600635504533,0.0157247222729775,1.07436174385549,4.43165352577838e-05,0.0183869902110152,0.614551669312466,-4.82805739787161,-5.67658070153793,1.06997368692776,-2.51493114953189,0.00384069979834294
"Bcell","cg09802419","LM27","CpG ~ as.numeric(LM) +Age + Gender",47,-70.493819492574,0.0851063829787234,0.607010126790334,"116769,116815","10-129-09,10-061-09",3.41053377226603,-7.9957574085698e-05,0.00330516561769264,-0.25285559102647,4.52062981552018e-13,7.01511149118526e-07,0.566027504339859,0.192544881147993,0.333905033995066,1.37733070787601e-05,0.0057145636714907,0.190998885810201,10.2140831225576,-5.80525603825396,0.578375849442667,-1.32385898458977,0.0028060240844522
"Bcell","cg18501370","LM27","CpG ~ as.numeric(LM) +Age + Gender",47,-77.9013978265011,0.0851063829787234,0.607010126790334,"116769,116815","10-129-09,10-061-09",3.09907502534627,-8.28717349482528e-05,0.0103254315682759,-0.32936899987711,7.59318199965568e-13,6.61636138487526e-08,0.0571018932834056,0.0688937441600439,0.308602054799352,1.27295800696153e-05,0.00528151992859688,0.17652518717728,10.0423019780644,-6.5101703665828,1.95501138078997,-1.86584705074598,0.000572855456385792
"Bcell","cg13810889","LM27","CpG ~ as.numeric(LM) +Age + Gender",47,-73.2588133553646,0.0851063829787234,0.607010126790334,"116769,116815","10-129-09,10-061-09",-3.61736329917988,-6.99854563034349e-05,0.00518927966932006,-0.439832627452879,2.8079992520604e-14,4.70501783361916e-06,0.3549141415365,0.0222623455890779,0.324226321427718,1.33740681732481e-05,0.00554891891147493,0.185462511307779,-11.156908184539,-5.23292205459411,0.935187511677068,-2.37154465531294,0.0123777256657936
"Bcell","cg02600653","LM27","CpG ~ as.numeric(LM) +Age + Gender",47,24.0689214500819,0.0851063829787234,0.607010126790334,"116769,116815","10-129-09,10-061-09",4.27109040258605,0.000230878857731661,-0.0242690643406509,1.05073398500842,2.88820977630295e-05,2.36652755815764e-07,0.127749621431938,0.0505426760251833,0.913098014321936,3.76645395063074e-05,0.0156270682077573,0.522306301538341,4.67758152530618,6.12987337049474,-1.55301455256999,2.01171990824868,0.00136024623289247
"Bcell","ch.5.978199R","LM27","CpG ~ as.numeric(LM) +Age + Gender",47,-2.67204733566902,0.0851063829787234,0.607010126790334,"116769,116815","10-129-09,10-061-09",-4.88704451151335,-0.000197683988696318,0.0162576716583136,-0.746028227978548,8.82060576220261e-09,1.39547943110246e-08,0.173895756004076,0.0643741392023954,0.687020985013158,2.83390486298517e-05,0.0117579094736438,0.392986715700965,-7.11338462451733,-6.9756748463349,1.38270086997661,-1.89835482516977,0.000220644229280749
"Bcell","cg23846327","LM27","CpG ~ as.numeric(LM) +Age + Gender",47,50.0660099580027,0.0851063829787234,0.607010126790334,"116769,116815","10-129-09,10-061-09",3.77881959702931,0.000250544176149123,-0.01938616812417,2.01843582769147,0.0030644485690355,8.74096069940714e-06,0.352055561398301,0.00539576943596213,1.20400406285234,4.96641739219334e-05,0.0206057327006482,0.688709097207414,3.13854389168514,5.04476680802041,-0.940814306669139,2.93075238279245,0.020182987400508
"Bcell","cg24156177","LM27","CpG ~ as.numeric(LM) +Age + Gender",47,30.3801187648442,0.0851063829787234,0.607010126790334,"116769,116815","10-129-09,10-061-09",4.75558382009172,0.000235542981243293,-0.0339177187942533,1.14331273581504,1.54782256780901e-05,6.08877688857071e-07,0.0486247073748595,0.0468181180005851,0.976508667074669,4.02801765992208e-05,0.0167122995631242,0.55857818363416,4.86998628935681,5.84761540613128,-2.02950639235148,2.04682669197094,0.00254454254757519
"Bcell","cg00927294","LM27","CpG ~ as.numeric(LM) +Age + Gender",47,-81.7234099109667,0.0851063829787234,0.607010126790334,"116769,116815","10-129-09,10-061-09",-3.71161921159595,-5.85066970311308e-05,0.0271420077997693,-0.743086522595951,6.08663795008217e-16,2.028121630979e-05,3.16986559751115e-06,7.38181683109509e-05,0.29630605665808,1.22223802942382e-05,0.00507108205815774,0.169491684516934,-12.5263022074467,-4.78684966615805,5.35231090494907,-4.38420636808121,0.0388578446773524
"Bcell","cg26152704","LM27","CpG ~ as.numeric(LM) +Age + Gender",47,-75.8444536760157,0.0851063829787234,0.607010126790334,"116769,116815","10-129-09,10-061-09",4.48751099606002,-9.09597425188782e-05,9.625165832873e-05,-0.261030575048039,7.24141085207581e-18,1.32650355998153e-08,0.985857125908103,0.155229192788844,0.315429430846524,1.30112036968927e-05,0.00539836595114396,0.180430552731116,14.226671823288,-6.99087837204492,0.0178297764915943,-1.44670939093689,0.000216029000597516
"Bcell","cg16359370","LM27","CpG ~ as.numeric(LM) +Age + Gender",47,-0.120622993403442,0.0851063829787234,0.607010126790334,"116769,116815","10-129-09,10-061-09",4.05707935763983,0.000219138397003082,-0.0224337486820237,0.823529549069071,8.51712194099017e-07,2.24872533719186e-09,0.0701870047442827,0.047580134316001,0.705924047159104,2.91187843425778e-05,0.0120814228718298,0.403799561991657,5.74718962183963,7.52567121020416,-1.8568796837939,2.03945131838971,9.44519233910719e-05
"Bcell","cg10315352","LM27","CpG ~ as.numeric(LM) +Age + Gender",47,15.4801689393358,0.0851063829787234,0.607010126790334,"116769,116815","10-129-09,10-061-09",3.83887062114345,0.000206011520369838,-0.0142652503141728,1.0471850797286,3.63145807299528e-05,3.74384690153677e-07,0.322813194514926,0.0334773294011262,0.833366500005816,3.4375680343595e-05,0.0142625161082206,0.476698632147636,4.60646140817594,5.99294379953188,-1.00019170572228,2.19674446098323,0.0017907500429487
"Bcell","cg04223606","LM27","CpG ~ as.numeric(LM) +Age + Gender",47,-0.484864183737953,0.0851063829787234,0.607010126790334,"116769,116815","10-129-09,10-061-09",-4.21134642845413,-0.000207684050173621,0.0157965605204005,-1.02228944753494,3.79509839166994e-07,7.5537808011017e-09,0.196285937338235,0.0147251805984367,0.703193950485837,2.90061701079684e-05,0.0120346990741019,0.402237904125918,-5.98888318869141,-7.15999559406045,1.31258458754436,-2.54150451026345,0.000176957121562346
"Bcell","cg23523811","LM27","CpG ~ as.numeric(LM) +Age + Gender",47,-4.78918426162011,0.0851063829787234,0.607010126790334,"116769,116815","10-129-09,10-061-09",4.30642663271561,0.000139536151065413,-0.0116986082821164,0.68303102074789,9.22275822352901e-08,8.99692472693776e-06,0.314550328320372,0.082535682856393,0.671720347511013,2.77079099605827e-05,0.0114960491890765,0.384234512476803,6.41104091706112,5.03596811393991,-1.01761988746815,1.7776409941549,0.0206505084852409
"Bcell","cg13530711","LM27","CpG ~ as.numeric(LM) +Age + Gender",47,-26.2186426835409,0.0851063829787234,0.607010126790334,"116769,116815","10-129-09,10-061-09",-4.26989522377856,-0.000104578488249643,0.00625227794116004,-0.346736335548926,4.98997629322319e-10,2.35499928784756e-05,0.498195298053366,0.263296752264806,0.53478732389739,2.20595357480472e-05,0.00915253111506822,0.305906687861825,-7.98428652470796,-4.74073840193582,0.683120096785756,-1.13347092203994,0.0431851940453429
"Bcell","cg21855281","LM27","CpG ~ as.numeric(LM) +Age + Gender",47,16.4187104806523,0.0851063829787234,0.607010126790334,"116769,116815","10-129-09,10-061-09",2.9842375703807,0.000222929845101956,-0.0111941357802844,0.833786424412466,0.000960580590749784,8.92975703619228e-08,0.441373608401127,0.0904950272540132,0.841728912611888,3.47206229620535e-05,0.014405633265554,0.481482062547995,3.54536659685433,6.42067526684639,-0.777066552641685,1.73170817620927,0.000690446113220282
"Bcell","cg21659100","LM27","CpG ~ as.numeric(LM) +Age + Gender",47,10.4573156405981,0.0851063829787234,0.607010126790334,"116769,116815","10-129-09,10-061-09",4.00263441846908,0.000250171249657878,-0.0330770235047683,1.38535175879564,8.13660150023213e-06,1.36565529968724e-09,0.0185914180337312,0.00374544776749023,0.790004713455095,3.25870424350825e-05,0.0135204078291423,0.451895014128359,5.06659561683311,7.67701610713062,-2.44645161024457,3.0656495767447,9.44519233910719e-05
"Bcell","cg04400433","LM27","CpG ~ as.numeric(LM) +Age + Gender",47,1.99908902136068,0.0851063829787234,0.607010126790334,"116769,116815","10-129-09,10-061-09",-4.91433890255954,-0.000179487677129443,0.00908377393381164,-0.432699783709081,2.45594613804258e-08,3.34546840115074e-07,0.466260541568726,0.300640783900968,0.722023565527481,2.97828761882584e-05,0.0123569554737066,0.413008737527735,-6.80634142317685,-6.02653941126762,0.73511424016541,-1.04767706925334,0.00164624723672309
"Bcell","cg01212373","LM27","CpG ~ as.numeric(LM) +Age + Gender",47,-55.1834279797065,0.0851063829787234,0.607010126790334,"116769,116815","10-129-09,10-061-09",3.44890162108728,0.000122013737633698,-0.0128112796771578,1.01729044549201,3.88004438303906e-11,2.23731891065172e-09,0.0634949292604944,4.70586306863516e-05,0.39296994324324,1.62096858386748e-05,0.00672542050288095,0.224784934861048,8.77650232641963,7.52721174537414,-1.90490388990099,4.5256166571877,9.44519233910719e-05
"Bcell","cg25278593","LM27","CpG ~ as.numeric(LM) +Age + Gender",47,34.9093162829792,0.0851063829787234,0.607010126790334,"116769,116815","10-129-09,10-061-09",4.03620752078751,0.00020306046639529,-0.0204194467686598,0.501209077699533,0.000295584321511334,1.91793704050608e-05,0.25070322343776,0.397243419447725,1.02471169439888,4.22685116941389e-05,0.0175372624740064,0.586151066862205,3.93887133605443,4.80406000250648,-1.16434630541257,0.855085158136135,0.0370581736164112
"Bcell","cg03747484","LM27","CpG ~ as.numeric(LM) +Age + Gender",47,9.44945736805656,0.0851063829787234,0.607010126790334,"116769,116815","10-129-09,10-061-09",3.79206650241741,0.000217440919910152,-0.01643851606049,1.2200138030085,1.64224654341176e-05,3.01944742909832e-08,0.225778943286144,0.00916923293335638,0.78157961191505,3.22395139498351e-05,0.0133762177921928,0.447075724680299,4.85179813368721,6.74454708741861,-1.22893603527333,2.72887507788736,0.000333110797462275
"Bcell","cg07310204","LM27","CpG ~ as.numeric(LM) +Age + Gender",47,-53.0936474498671,0.0851063829787234,0.607010126790334,"116769,116815","10-129-09,10-061-09",3.39804637038944,-9.65119325023515e-05,-0.000527706486941147,0.165564726126868,1.07862920348764e-10,6.60977486919537e-07,0.939186888002066,0.475205404419555,0.401804172325242,1.65740904973729e-05,0.00687661248694185,0.229838251642367,8.4569713418478,-5.82306054848979,-0.0767393084812065,0.720353226426772,0.0026770887796021
"Bcell","cg00958304","LM27","CpG ~ as.numeric(LM) +Age + Gender",47,-0.0964842308851992,0.0851063829787234,0.607010126790334,"116769,116815","10-129-09,10-061-09",-4.77293831851712,-0.000187781228806812,0.009258475204326,-0.845187679218125,2.8719384381639e-08,8.17184815620826e-08,0.447776764933621,0.0423272083395335,0.706105348446668,2.9126262871061e-05,0.0120845257233775,0.403903269155057,-6.75952721363308,-6.44714461440179,0.766143034179281,-2.09254973594596,0.000661684482385926
"Bcell","cg21951459","LM27","CpG ~ as.numeric(LM) +Age + Gender",47,9.76662981677401,0.0851063829787234,0.607010126790334,"116769,116815","10-129-09,10-061-09",4.24354712105895,0.000194584419152417,-0.0153283903066861,0.940924774172865,2.60788420363899e-06,3.47429819633641e-07,0.259739225578936,0.041861478389674,0.784221252463882,3.2348479442315e-05,0.0134214277218931,0.448586784263622,5.41116057200247,6.01525705402653,-1.14208343734418,2.09753119614846,0.00169743042485937
"Bcell","cg20672364","LM27","CpG ~ as.numeric(LM) +Age + Gender",47,30.2106003180555,0.0851063829787234,0.607010126790334,"116769,116815","10-129-09,10-061-09",2.58257115631087,0.000232714687309427,-0.0201998274573776,1.09315619753923,0.0112327756199256,7.43584362258269e-07,0.232561653520744,0.0564285419910933,0.974749230274683,4.02076012832936e-05,0.0166821879667245,0.557571758350809,2.64947237309754,5.78782816885225,-1.2108619982984,1.96056593822574,0.00290633134778768
"Bcell","cg07730924","LM27","CpG ~ as.numeric(LM) +Age + Gender",47,35.3907944203439,0.0851063829787234,0.607010126790334,"116769,116815","10-129-09,10-061-09",3.28314789986949,0.000213618314553527,-0.0012337763550521,0.224452404570349,0.0026738382743715,9.23449464923031e-06,0.944524305179902,0.705101694443729,1.02997384334932,4.24855709954659e-05,0.0176273206706929,0.589161098111138,3.18760318144896,5.02802032662628,-0.0699922794905165,0.38096949253769,0.0211249102595327
"Bcell","cg16746026","LM27","CpG ~ as.numeric(LM) +Age + Gender",47,9.03147183791232,0.0851063829787234,0.607010126790334,"116769,116815","10-129-09,10-061-09",4.16667269152073,0.00020909784306445,-0.0170793253616212,0.765357698395848,3.14330565330041e-06,6.51744979613901e-08,0.206526622507041,0.0927059641953763,0.778111912900885,3.20964742274106e-05,0.0133168704185611,0.445092146774611,5.3548501474382,6.51466704981195,-1.28253296944423,1.71954887081711,0.000571526035039757
"Bcell","cg10108296","LM27","CpG ~ as.numeric(LM) +Age + Gender",47,-130.285502887183,0.0851063829787234,0.607010126790334,"116769,116815","10-129-09,10-061-09",-2.27742273984456,-3.44002019337032e-05,0.00779020253923859,-0.327275419551559,2.32380049562816e-16,2.53372659748393e-05,0.0135408647863521,0.00232908724107992,0.176756819177323,7.2910729127555e-06,0.00302507597886021,0.101107656624077,-12.8844971891005,-4.71812617228407,2.57520888522403,-3.23690045323061,0.0454870426258798
"Bcell","cg01614898","LM27","CpG ~ as.numeric(LM) +Age + Gender",47,-105.847245680269,0.0851063829787234,0.607010126790334,"116769,116815","10-129-09,10-061-09",2.400770084969,-6.14359536140212e-05,-0.000680363200812966,0.032746425410868,2.08443501541745e-13,6.91141045328846e-08,0.863136100654391,0.803985079686757,0.229236986640593,9.45583650846415e-06,0.00392323931252168,0.131127130702343,10.4728740337746,-6.49714634543738,-0.173418735543731,0.249730358892715,0.000585693070591505
"Bcell","cg06107159","LM27","CpG ~ as.numeric(LM) +Age + Gender",47,-49.4095122241334,0.0851063829787234,0.607010126790334,"116769,116815","10-129-09,10-061-09",-0.782329825712609,-9.51551707858924e-05,0.010709480360299,-0.503829830737997,0.0679886649116456,1.81321604723214e-06,0.141563365631498,0.0409107443166125,0.417864728593559,1.72365751885815e-05,0.00715147827826207,0.239025140249701,-1.87220833006356,-5.5205381431532,1.4975198054998,-2.10785288196741,0.0057559465971319
"Bcell","cg21885848","LM27","CpG ~ as.numeric(LM) +Age + Gender",47,42.9057419080811,0.0851063829787234,0.607010126790334,"116769,116815","10-129-09,10-061-09",3.31460284773687,0.000249214550178245,-0.0113222886739119,0.851179335728476,0.00484472515960289,2.57345324223021e-06,0.556311795271275,0.189315375269411,1.11569737405269,4.60215958889106e-05,0.0190944221650557,0.638196294304983,2.97087985041752,5.41516532324981,-0.592963147878475,1.33372654044543,0.00768659017650329
"Bcell","cg05897853","LM27","CpG ~ as.numeric(LM) +Age + Gender",47,-31.8989539209554,0.0851063829787234,0.607010126790334,"116769,116815","10-129-09,10-061-09",4.33778391105075,9.89209593331265e-05,-0.0173213930677657,0.757318096563129,6.46531765062466e-11,2.18688151554884e-05,0.0506860388336657,0.0118042592471165,0.503427796896463,2.07659811404374e-05,0.00861583356483819,0.287968549448493,8.61649662134742,4.76360633596544,-2.01041407513436,2.6298639140056,0.0412070529539347
"Bcell","cg13596081","LM27","CpG ~ as.numeric(LM) +Age + Gender",47,52.9988179612775,0.0851063829787234,0.607010126790334,"116769,116815","10-129-09,10-061-09",-5.25818556693325,-0.000245819919556389,0.024571498957945,-1.04933218698425,0.000118853257435844,1.95860073403016e-05,0.254133045218403,0.147011077294711,1.24216125059919,5.12381264251683e-05,0.0212587677157107,0.710535603558937,-4.23309418515255,-4.79759774033506,1.15582894015941,-1.47681858829923,0.037631267108791
"Bcell","cg26333513","LM27","CpG ~ as.numeric(LM) +Age + Gender",47,-79.8594277538093,0.0851063829787234,0.607010126790334,"116769,116815","10-129-09,10-061-09",-3.97766546848404,-6.17943249578763e-05,0.00472928330145988,-0.209350343460503,1.11835146687281e-16,1.16685386592817e-05,0.365664303524482,0.232541823972426,0.302240329139383,1.24671641365064e-05,0.0051726432042496,0.172886180905508,-13.160604608294,-4.95656624724542,0.914287553716159,-1.21091426951541,0.0254179047778834
"Bcell","cg08399951","LM27","CpG ~ as.numeric(LM) +Age + Gender",47,13.8424483722754,0.0851063829787234,0.607010126790334,"116769,116815","10-129-09,10-061-09",3.52125185453357,0.000204219303037612,-0.0100498357637685,0.740303973632735,9.64411459427599e-05,3.14257489668222e-07,0.47724063001285,0.121372719060279,0.818972873798267,3.37819551416671e-05,0.0140161787216813,0.468465253526423,4.29959522127096,6.04521858433603,-0.717016810596364,1.58027509630654,0.00158330466425151
"Bcell","ch.2.225756826F","LM27","CpG ~ as.numeric(LM) +Age + Gender",47,9.00506723022873,0.0851063829787234,0.607010126790334,"116769,116815","10-129-09,10-061-09",-5.34200107951415,-0.000196243367552166,0.0172883355097221,-0.736807418320936,2.00369605286213e-08,2.48005318733926e-07,0.201004998398101,0.105029297855324,0.777893371896478,3.20874595913419e-05,0.0133131302339057,0.444967137912522,-6.86726648215362,-6.11588982273679,1.2985928332386,-1.65586928908397,0.00138439594689029
"Bcell","cg06421658","LM27","CpG ~ as.numeric(LM) +Age + Gender",47,3.72067078550211,0.0851063829787234,0.607010126790334,"116769,116815","10-129-09,10-061-09",4.07422021784375,0.000230007779536581,-0.0190570239296048,1.34271980516798,1.6973965354795e-06,1.86328725305604e-09,0.137286028187109,0.00264072613114299,0.735369046449295,3.03333662621893e-05,0.0125853545473651,0.420642560702457,5.54037491449495,7.58266581916715,-1.51422225396063,3.19206835115707,9.44519233910719e-05
"Bcell","cg16134098","LM27","CpG ~ as.numeric(LM) +Age + Gender",47,-40.3280201047452,0.0851063829787234,0.607010126790334,"116769,116815","10-129-09,10-061-09",4.41966489462078,0.000101464628709248,-0.0172897991760427,0.211457173518656,2.91128633743927e-12,3.25313960147228e-06,0.0336102045256119,0.426279710405369,0.460249798651326,1.89849243478488e-05,0.00787687070097495,0.263270061205701,9.60275247826671,5.3444842260193,-2.19500863127062,0.803194911530173,0.0092713800904543
"Bcell","cg22049175","LM27","CpG ~ as.numeric(LM) +Age + Gender",47,36.62560430713,0.0851063829787234,0.607010126790334,"116769,116815","10-129-09,10-061-09",2.92177372459666,0.000207358495191231,-0.00516656258408639,0.583232746454154,0.007629617194127,1.83908158468651e-05,0.773761386282477,0.334024830483004,1.04359312084472,4.3047354952092e-05,0.0178604055915041,0.596951537195088,2.79972497541155,4.81698574562836,-0.289274650433696,0.97701858545269,0.036043627751222
"Bcell","cg10886007","LM27","CpG ~ as.numeric(LM) +Age + Gender",47,0.212586131160036,0.0851063829787234,0.607010126790334,"116769,116815","10-129-09,10-061-09",4.37922490983954,0.000208423002506897,-0.0200052650272548,0.755378534059648,1.98999374648229e-07,8.28110066797393e-09,0.106227779082414,0.0691501916342105,0.708430831507297,2.92221871280788e-05,0.0121243248269068,0.405233481725488,6.18158430586944,7.13235465892383,-1.65001064495222,1.86405755724635,0.000176957121562346
"Bcell","cg01809606","LM27","CpG ~ as.numeric(LM) +Age + Gender",47,15.0856246312013,0.0851063829787234,0.607010126790334,"116769,116815","10-129-09,10-061-09",3.04453900468391,0.000238615019249296,-0.0186287711098145,1.05396414816042,0.000667600629323244,1.41935921875934e-08,0.196605633466463,0.0317221991092219,0.829875958082998,3.42316983700409e-05,0.0142027777933253,0.474701987742024,3.66866755812128,6.97058663785518,-1.31162870960139,2.220264872228,0.000220644229280749
"Bcell","cg00761830","LM27","CpG ~ as.numeric(LM) +Age + Gender",47,14.4741537918777,0.0851063829787234,0.607010126790334,"116769,116815","10-129-09,10-061-09",3.279702442197,0.000272455765682808,-0.0211862948850171,1.06492707633428,0.000262344839531333,4.57194411866623e-10,0.140551082331587,0.0290766327496947,0.824495127714725,3.40097435581766e-05,0.0141106884427183,0.471624068871568,3.97783119869664,8.01110908751044,-1.5014359484317,2.25799984907954,4.88396995651298e-05
"Bcell","cg08187057","LM27","CpG ~ as.numeric(LM) +Age + Gender",47,-85.1936720107118,0.0851063829787234,0.607010126790334,"116769,116815","10-129-09,10-061-09",3.21366546227306,-7.83032406452609e-05,0.00502161141714768,-0.258177908366004,2.12520316688936e-14,4.17781553967972e-08,0.309937392794549,0.121313425982119,0.285566581888231,1.17793858233255e-05,0.00488728305508078,0.163348537494902,11.2536468413901,-6.64748076170536,1.02748528385874,-1.58053394493392,0.000432970445464126
"Bcell","cg01327912","LM27","CpG ~ as.numeric(LM) +Age + Gender",47,-57.6897561038176,0.0851063829787234,0.607010126790334,"116769,116815","10-129-09,10-061-09",3.77291999712068,7.92937745781751e-05,-0.00499299970487228,0.504221856457813,1.32004379616198e-12,9.35897498971623e-06,0.449943125717926,0.026134367912458,0.382630611708055,1.57831969459518e-05,0.00654846968644211,0.218870676008419,9.86047608757295,5.0239362056819,-0.762468171030819,2.30374331387553,0.0213383069936365
"Bcell","cg23774361","LM27","CpG ~ as.numeric(LM) +Age + Gender",47,31.5707955037792,0.0851063829787234,0.607010126790334,"116769,116815","10-129-09,10-061-09",5.87524654274721,0.000247367820681182,-0.051128601471023,0.97727831128291,4.45711143351496e-07,2.95212452926921e-07,0.00423232554531575,0.0912442783345681,0.988956552330587,4.0793641592724e-05,0.0169253368810084,0.565698568092361,5.94085405359976,6.06388179684609,-3.02083213057894,1.72756016437954,0.00152972607378598
"Bcell","cg13636583","LM27","CpG ~ as.numeric(LM) +Age + Gender",47,-36.1144621602154,0.0851063829787234,0.607010126790334,"116769,116815","10-129-09,10-061-09",-3.63362301260151,-9.90096634372265e-05,0.0242025283602271,-0.893767880358902,2.08334230386966e-09,1.05778310671903e-05,0.00529325108223919,0.00226988461202541,0.48134990899051,1.98552864853109e-05,0.00823798512493576,0.275339653320075,-7.54881832266669,-4.98656433441414,2.93791843432296,-3.24605580628055,0.0235673731622242
"Bcell","cg13140773","LM27","CpG ~ as.numeric(LM) +Age + Gender",47,11.1560910199376,0.0851063829787234,0.607010126790334,"116769,116815","10-129-09,10-061-09",4.62708381000219,0.000209583536580193,-0.0311066259850621,0.921953854400948,6.82091134354492e-07,1.01020926559622e-07,0.0273906206819182,0.049095512186745,0.795899317644653,3.28301899930547e-05,0.0136212900786742,0.455266819635533,5.81365470157125,6.38386608863765,-2.2836769355469,2.025084663844,0.00074890396015923
"Bcell","cg03232443","LM27","CpG ~ as.numeric(LM) +Age + Gender",47,10.2220306460422,0.0851063829787234,0.607010126790334,"116769,116815","10-129-09,10-061-09",4.31196750443049,0.000208649079728007,-0.0206167965418593,0.666054840372064,2.13197535016268e-06,8.9839405370807e-08,0.133665788363993,0.146800100757771,0.788029779182962,3.25055780262804e-05,0.0134866081361275,0.450765320930827,5.47183319506173,6.41887000315198,-1.52868655586068,1.47760887859932,0.000690446113220282
"Bcell","cg23173777","LM27","CpG ~ as.numeric(LM) +Age + Gender",47,0.741263017425625,0.0851063829787234,0.607010126790334,"116769,116815","10-129-09,10-061-09",1.6390468962048,0.000143107326121425,-0.00490982871553339,0.708141438879474,0.0263243390907243,1.54901906826065e-05,0.689174505057236,0.0894236944044985,0.712426429445951,2.93870022454608e-05,0.0121927068412566,0.40751902604717,2.30065425489545,4.86974904504013,-0.402685702154335,1.7376892699913,0.0311623911057336
"Bcell","cg00803358","LM27","CpG ~ as.numeric(LM) +Age + Gender",47,-125.397874960125,0.0851063829787234,0.607010126790334,"116769,116815","10-129-09,10-061-09",2.1260411371831,-5.04932737279152e-05,-0.000981549334230784,-0.0829546765859122,1.32515104685425e-14,5.33459058438455e-08,0.759546058163554,0.440310982918103,0.186190608659845,7.68020894315473e-06,0.00318652904237441,0.106503931303052,11.4186271396062,-6.57446615080951,-0.308030876599007,-0.778888399432588,0.000506782400939737
"Bcell","cg12484289","LM27","CpG ~ as.numeric(LM) +Age + Gender",47,-48.6208845977356,0.0851063829787234,0.607010126790334,"116769,116815","10-129-09,10-061-09",4.08779074217769,8.28476320756342e-05,-0.018619127243591,0.473709639561281,2.152431936062e-12,2.16755239529143e-05,0.0133202322698562,0.0558621194269279,0.421385216946756,1.73817924276738e-05,0.00721172910649421,0.241038914480426,9.70084041342675,4.76634572759777,-2.58178405880836,1.96528282822046,0.0410691135905086
"Bcell","cg20198242","LM27","CpG ~ as.numeric(LM) +Age + Gender",47,30.2981600012341,0.0851063829787234,0.607010126790334,"116769,116815","10-129-09,10-061-09",-1.90664308910991,-0.000287477819286735,0.0371491997412054,-1.02849429377847,0.0571992074844235,7.98820188804253e-09,0.0313929818210077,0.0722475170457401,0.975657618537466,4.0245071549436e-05,0.0166977344306517,0.558091370601031,-1.95421329458587,-7.14318072297635,2.22480480184254,-1.8428779729578,0.000176957121562346
"Bcell","cg02211825","LM27","CpG ~ as.numeric(LM) +Age + Gender",47,11.5561143876481,0.0851063829787234,0.607010126790334,"116769,116815","10-129-09,10-061-09",3.12529824316979,0.000227034044467285,-0.0181097648575279,1.17298069188913,0.000322739145856874,1.8819662235012e-08,0.192540189205783,0.0138718098774481,0.79929353815163,3.29701987876999e-05,0.013679379916285,0.457208366689406,3.91007570309784,6.88603808333674,-1.32387322878347,2.56552761792735,0.00026010198618619
"Bcell","cg15892152","LM27","CpG ~ as.numeric(LM) +Age + Gender",47,32.8243724798696,0.0851063829787234,0.607010126790334,"116769,116815","10-129-09,10-061-09",3.29171260749772,0.000217519471301341,-0.00287958192039194,0.698273756870459,0.00203722044415481,4.28038532925381e-06,0.867464360787414,0.229863549258316,1.00223353667885,4.13413062395264e-05,0.017152563681143,0.573293210158987,3.28437683137768,5.26155293790331,-0.167880555578853,1.21800458211743,0.0114814202481685
"Bcell","cg02071806","LM27","CpG ~ as.numeric(LM) +Age + Gender",47,53.7982298917388,0.0851063829787234,0.607010126790334,"116769,116815","10-129-09,10-061-09",4.723222163419,0.000249252349818021,-0.047726845850423,2.29225278449885,0.000492830130999121,1.80118843131405e-05,0.0313045726898489,0.00259174310591606,1.25277011164142,5.1675733187613e-05,0.0214403313512824,0.716604037492196,3.77022258076581,4.82339261473252,-2.22603116847671,3.1987717966546,0.0354024103757659
"Bcell","cg01653719","LM27","CpG ~ as.numeric(LM) +Age + Gender",47,8.18080441350871,0.0851063829787234,0.607010126790334,"116769,116815","10-129-09,10-061-09",3.99737721974184,0.000202566238584076,-0.0173208654638966,0.595857115757518,5.52964428041514e-06,1.06344934812261e-07,0.196315912141216,0.183794333744169,0.771102036061166,3.18073225930595e-05,0.0131969010157324,0.44108238792182,5.18397959388187,6.36854101729005,-1.31249491401412,1.35089754674841,0.000749890759658891
"Bcell","cg04504475","LM27","CpG ~ as.numeric(LM) +Age + Gender",47,-17.1884855966133,0.0851063829787234,0.607010126790334,"116769,116815","10-129-09,10-061-09",-5.34623940292436,-0.000212465850213098,0.0197357415289429,-0.753342233571123,1.47879196248588e-11,4.23141228467815e-11,0.0566410960323429,0.0305175736156833,0.588710553911968,2.42838244830304e-05,0.0100753915092463,0.336751616220179,-9.08126984882252,-8.74927466065199,1.95880641569422,-2.23708572516119,9.6475494855281e-06
"Bcell","cg17371170","LM27","CpG ~ as.numeric(LM) +Age + Gender",47,-61.3427338720641,0.0851063829787234,0.607010126790334,"116769,116815","10-129-09,10-061-09",2.44135088533796,7.33090844985452e-05,-0.00985589138054484,0.44149125475663,4.38128974500371e-08,1.769747208848e-05,0.124981846164788,0.0419048937083421,0.36804624567835,1.51816038837785e-05,0.00629886791408218,0.21052819123485,6.63327207926894,4.82881025349869,-1.56470837537494,2.09706477867439,0.0349854983270517
"Bcell","cg24769205","LM27","CpG ~ as.numeric(LM) +Age + Gender",47,-112.612499713272,0.0851063829787234,0.607010126790334,"116769,116815","10-129-09,10-061-09",4.15372735611809,4.34223117839174e-05,-0.00904156402783157,0.270728677608973,5.98123493128444e-23,1.25287727320719e-05,0.0172756628975704,0.0318365211926296,0.213318329984268,8.79920505913971e-06,0.00365080203914859,0.122021410885618,19.4719664101272,4.9347993929082,-2.47659663024078,2.21869814194127,0.0262666673449644
"Bcell","cg04222920","LM27","CpG ~ as.numeric(LM) +Age + Gender",47,-42.4599870842167,0.0851063829787234,0.607010126790334,"116769,116815","10-129-09,10-061-09",-4.45349993418366,-9.56520581380658e-05,0.0127468667461143,-0.615904843760306,1.17642059265094e-12,6.10598521894342e-06,0.105127377458967,0.0211438593279797,0.449928590707139,1.85591830382969e-05,0.00770023005780145,0.257366169329712,-9.89823724512424,-5.1538937862021,1.65538778068065,-2.39310724235581,0.0151321136225768
"Bcell","cg10425679","LM27","CpG ~ as.numeric(LM) +Age + Gender",47,18.6924246527595,0.0851063829787234,0.607010126790334,"116769,116815","10-129-09,10-061-09",4.42419967519022,0.000188720685519266,-0.0215668186777371,1.02628017594577,6.59542010755056e-06,3.70124729958332e-06,0.151194069605106,0.0434664925774639,0.862337266450476,3.55707005497152e-05,0.0147583316024619,0.493270362276387,5.13047487023373,5.30550938279951,-1.4613317588107,2.08056322542794,0.0102676158213806
"Bcell","cg17395311","LM27","CpG ~ as.numeric(LM) +Age + Gender",47,-80.7222692996068,0.0851063829787234,0.607010126790334,"116769,116815","10-129-09,10-061-09",2.89028338783101,-6.24322133568043e-05,0.000678531444080517,-0.0752596739356129,2.50866899341868e-12,8.48259670838104e-06,0.895296100716911,0.66262412490498,0.299478709246789,1.23532495951159e-05,0.00512537990748565,0.171306491266793,9.6510479663155,-5.05391013725553,0.132386565743062,-0.439327624884941,0.0197348766515275
"Bcell","cg23262420","LM27","CpG ~ as.numeric(LM) +Age + Gender",47,28.15796666043,0.0851063829787234,0.607010126790334,"116769,116815","10-129-09,10-061-09",3.96308627188685,0.000234616319603412,-0.0173446456511013,1.70879624962266,0.000151461057568183,4.12559183490642e-07,0.293866212286152,0.00311726192989005,0.953694805535052,3.93391236391086e-05,0.0163218554215643,0.545528299111726,4.15550787200045,5.96394372573594,-1.06266384569157,3.13236958083578,0.00193279738843618
"Bcell","cg14207145","LM27","CpG ~ as.numeric(LM) +Age + Gender",47,-73.635247006671,0.0851063829787234,0.607010126790334,"116769,116815","10-129-09,10-061-09",3.59248295857109,-6.91513968214381e-05,-0.000188253687165413,0.0209123508949498,3.08236940551346e-14,5.39766131750081e-06,0.972985079826457,0.910390744416936,0.32293051671503,1.33206172982839e-05,0.00552674207140793,0.184721290807477,11.1246313761709,-5.19130572352279,-0.0340623254592114,0.1132102899646,0.0138276155537976
"Bcell","cg23731248","LM27","CpG ~ as.numeric(LM) +Age + Gender",47,18.6027703379187,0.0851063829787234,0.607010126790334,"116769,116815","10-129-09,10-061-09",4.50151076856292,0.000193548067823647,-0.0207986027322195,0.798769753646182,4.82797327406514e-06,2.31984429471643e-06,0.16554940614997,0.11235464219558,0.861515187732654,3.55367904810708e-05,0.0147442622692752,0.492800120431652,5.22510900871063,5.44641384895869,-1.41062349220148,1.62087978579739,0.00705227510384251
"Bcell","cg13823218","LM27","CpG ~ as.numeric(LM) +Age + Gender",47,16.2711714096059,0.0851063829787234,0.607010126790334,"116769,116815","10-129-09,10-061-09",3.51400021097524,0.000198704007415043,-0.013832870150399,0.741235340786779,0.000139756802543184,8.96244928628426e-07,0.341553195819073,0.130424574781052,0.840408800991213,3.46661694471955e-05,0.0143830404288436,0.480726938117323,4.18129868086897,5.73192858004442,-0.961748680248346,1.54190514825254,0.00334987458993006
"Bcell","cg04889045","LM27","CpG ~ as.numeric(LM) +Age + Gender",47,21.8778537482328,0.0851063829787234,0.607010126790334,"116769,116815","10-129-09,10-061-09",4.46079882882141,0.000219065528693768,-0.0266465704894749,0.740503501044534,1.01041530920228e-05,4.27393032827502e-07,0.0880638893693698,0.153983249904153,0.892060538092285,3.67967609741713e-05,0.0152670257251286,0.510272537111233,5.00055617117762,5.9533916272559,-1.74536749784971,1.45119215162291,0.00197523444249221
"Bcell","cg01454809","LM27","CpG ~ as.numeric(LM) +Age + Gender",47,-97.3323152653073,0.0851063829787234,0.607010126790334,"116769,116815","10-129-09,10-061-09",2.29708279150426,-5.7210584272563e-05,0.00057586881871247,0.00944827517508389,1.18119919298149e-11,1.77866173781662e-06,0.893971104887314,0.947830785963057,0.250971832248146,1.03523809518962e-05,0.00429521681051956,0.143559801287239,9.15275141009868,-5.52632138813284,0.134072118851391,0.0658142118501506,0.0057386591290466
"Bcell","cg26793147","LM27","CpG ~ as.numeric(LM) +Age + Gender",47,3.30095418751401,0.0851063829787234,0.607010126790334,"116769,116815","10-129-09,10-061-09",2.25023279089074,0.000163392343383012,-0.0146717747876005,0.532814373233194,0.00366378929293782,2.61221952136453e-06,0.248047821583374,0.210091143075004,0.732092891614008,3.01982275790611e-05,0.0125292853255869,0.418768549053711,3.07369845639365,5.41066004470755,-1.1709985371343,1.27233617337594,0.00776845691963362
"Bcell","cg10138522","LM27","CpG ~ as.numeric(LM) +Age + Gender",47,17.1058198547512,0.0851063829787234,0.607010126790334,"116769,116815","10-129-09,10-061-09",-3.98317643082531,-0.000243427734865714,0.0257306587085218,-0.532559023758612,2.70684706575507e-05,1.47046494192964e-08,0.0832880887741805,0.278303197898807,0.847904218964045,3.4975349252568e-05,0.0145113195468243,0.485014434068983,-4.69767261648006,-6.95998010220986,1.77314396705935,-1.09802716445108,0.00022350903732337
"Bcell","cg17439770","LM27","CpG ~ as.numeric(LM) +Age + Gender",47,-47.0559731410218,0.0851063829787234,0.607010126790334,"116769,116815","10-129-09,10-061-09",3.34625827147252,0.000112208085269361,-0.0160245862892148,0.61490767332382,8.82475146664626e-10,1.1357543087126e-07,0.0343595791095593,0.0159579125976519,0.428459155667377,1.76735865617415e-05,0.00733279488601705,0.245085317727967,7.80998194859512,6.34891423296395,-2.18533131477224,2.50895353105704,0.000784697240795833
"Bcell","cg12544907","LM27","CpG ~ as.numeric(LM) +Age + Gender",47,22.4823815820697,0.0851063829787234,0.607010126790334,"116769,116815","10-129-09,10-061-09",4.15354261551201,0.000215885027579086,-0.0229846035443022,1.61015873667273,3.4073416481977e-05,6.47230095275955e-07,0.141995390603879,0.00309243673742047,0.897815997963704,3.70341689438568e-05,0.0153655266117442,0.513564749898845,4.62627378542204,5.8293471606279,-1.49585524304351,3.13525945265885,0.00265091107196573
"Bcell","cg22063259","LM27","CpG ~ as.numeric(LM) +Age + Gender",47,-122.987278057223,0.0851063829787234,0.607010126790334,"116769,116815","10-129-09,10-061-09",-3.66800193846616,-3.74924889923022e-05,0.012301190877909,-0.444127624940588,1.02726141795616e-22,2.2262218834721e-05,0.000504194191268344,0.000200903568025134,0.191027151927395,7.87971236131721e-06,0.00326930327947304,0.109270509465178,-19.2014690134745,-4.75810375723345,3.76263375598845,-4.06447839507988,0.0412958800706808
"Bcell","cg20193262","LM27","CpG ~ as.numeric(LM) +Age + Gender",47,-47.6524134187428,0.0851063829787234,0.607010126790334,"116769,116815","10-129-09,10-061-09",3.77323947529633,0.00011245875670111,-0.0146968240330681,0.376425944212451,2.95147293610775e-11,9.45560517746312e-08,0.0499647052674105,0.129512103494122,0.425749142235979,1.75618007442843e-05,0.00728641479968224,0.243535147789723,8.86258855503447,6.40360053838503,-2.01701720765458,1.54567399255844,0.00071862074037321
"Bcell","cg04382220","LM27","CpG ~ as.numeric(LM) +Age + Gender",47,-52.5138810267747,0.0851063829787234,0.607010126790334,"116769,116815","10-129-09,10-061-09",3.11779443436369,0.000114048535592751,-0.0126149250830654,0.749464234068431,1.21816053421054e-09,2.20337126815803e-08,0.0752316548930063,0.00230380244943441,0.404290049357499,1.66766308733464e-05,0.00691915662714352,0.23126021206549,7.7117763331512,6.83882352850003,-1.82318825296968,3.24078330368474,0.00027177896413438
"Bcell","ch.10.54387284R","LM27","CpG ~ as.numeric(LM) +Age + Gender",47,16.9661940095508,0.0851063829787234,0.607010126790334,"116769,116815","10-129-09,10-061-09",-5.67728768223034,-0.00016891481156849,0.0236045739094651,-1.24009998953119,3.43923374169691e-08,1.72482337439359e-05,0.110607880817926,0.014041968122029,0.846645692792978,3.49234360866795e-05,0.0144897807043254,0.484294537475749,-6.70562400607234,-4.83671798929651,1.6290497690154,-2.56063179236931,0.0343956432643832
"Bcell","cg15179955","LM27","CpG ~ as.numeric(LM) +Age + Gender",47,-138.473137577082,0.0851063829787234,0.607010126790334,"116769,116815","10-129-09,10-061-09",-4.670090304665,-3.47744744831223e-05,0.00706897361917635,-0.265916571511721,9.35765494133092e-30,5.18450937159264e-06,0.0144374127734924,0.00635270879712924,0.162012321057339,6.68287453401608e-06,0.00277273365175393,0.0926735737980328,-28.8255255784662,-5.20352047702212,2.54946003006989,-2.86938941290042,0.0134324942712974
"Bcell","cg08864240","LM27","CpG ~ as.numeric(LM) +Age + Gender",47,14.8675120459855,0.0851063829787234,0.607010126790334,"116769,116815","10-129-09,10-061-09",4.49832480857678,0.00021112340759547,-0.0240566044832249,0.672456528409972,2.42494996544377e-06,1.98848898774401e-07,0.0967857076511523,0.162853190440506,0.827952590485456,3.41523610440075e-05,0.0141698606298182,0.473601791486404,5.43307051668171,6.18181001669032,-1.69773049373553,1.41987750151759,0.00116753576082571
"Bcell","cg01093203","LM27","CpG ~ as.numeric(LM) +Age + Gender",47,21.1445397586656,0.0851063829787234,0.607010126790334,"116769,116815","10-129-09,10-061-09",3.6429660802686,0.00022358398687225,-0.0240267373996003,1.18154349268883,0.00017139680191423,2.41539572456939e-07,0.120045909862596,0.0243576946377164,0.885128458603173,3.65108184163262e-05,0.0151483877724676,0.506307279556034,4.11574844855581,6.12377362574464,-1.58609204890233,2.33364903172021,0.00136538727159243
"Bcell","cg18182621","LM27","CpG ~ as.numeric(LM) +Age + Gender",47,29.5275203487014,0.0851063829787234,0.607010126790334,"116769,116815","10-129-09,10-061-09",4.97359403485545,0.000197137377163026,-0.0340925428804136,0.898924942343642,6.39925125473243e-06,1.23682613903086e-05,0.0456283216312463,0.111690840845055,0.967691588910605,3.9916479401733e-05,0.016561401105673,0.553534677445324,5.13964789179842,4.9387466058559,-2.05855426499727,1.62397222608051,0.0261105831779757
"Bcell","cg08500032","LM27","CpG ~ as.numeric(LM) +Age + Gender",47,32.1091606896863,0.0851063829787234,0.607010126790334,"116769,116815","10-129-09,10-061-09",4.07745685336889,0.000218912994379692,-0.0198449672274128,1.2133643092985,0.000180291354787318,3.34914293763371e-06,0.250119390702992,0.0387040396089684,0.99463684333136,4.10279489085326e-05,0.0170225513021513,0.568947783113903,4.0994428073991,5.3357040798636,-1.16580451867429,2.13264616773378,0.00950538184077498
"Bcell","cg17319581","LM27","CpG ~ as.numeric(LM) +Age + Gender",47,-122.608312492935,0.0851063829787234,0.607010126790334,"116769,116815","10-129-09,10-061-09",3.17443920295132,3.93453437433908e-05,0.000108004619082946,0.0972516711711493,2.89503654504388e-20,1.10523019235727e-05,0.973904153848464,0.380318064038533,0.191798841673081,7.91154392644724e-06,0.00328251023875003,0.109711928032169,16.5508778638096,4.9731562017705,0.0329030562671067,0.886427509893308,0.0244651108550618
"Bcell","cg13787154","LM27","CpG ~ as.numeric(LM) +Age + Gender",47,4.88592843442548,0.0851063829787234,0.607010126790334,"116769,116815","10-129-09,10-061-09",3.87998226990319,0.000220998372767965,-0.0198278107179928,0.957983097124334,5.05419168609136e-06,6.7041087469602e-09,0.127024689172656,0.0296636809149121,0.744541680552366,3.07117298487191e-05,0.0127423381093981,0.425889450432359,5.21123581291604,7.19589465837861,-1.55605749492464,2.24937033812835,0.000169836180088039
"Bcell","cg27443949","LM27","CpG ~ as.numeric(LM) +Age + Gender",47,-4.22495482233846,0.0851063829787234,0.607010126790334,"116769,116815","10-129-09,10-061-09",-3.65675055576884,-0.000223940930948316,0.0127340421973327,-1.0533709996018,2.60685098478504e-06,4.24550938822959e-10,0.276996170515995,0.00925946540026214,0.675764434213744,2.78747251994649e-05,0.0115652610565326,0.386547793127591,-5.41127998253341,-8.03383457041632,1.10105964189541,-2.72507311729523,4.88396995651298e-05
"Bcell","cg00643449","LM27","CpG ~ as.numeric(LM) +Age + Gender",47,-83.6902513350257,0.0851063829787234,0.607010126790334,"116769,116815","10-129-09,10-061-09",-5.19415517908953,-5.99811422597309e-05,0.0166486170625761,-0.348909937926745,1.51167090925366e-21,9.75631640750681e-06,0.00167861945137011,0.0414388703074636,0.290170607115895,1.1969298064241e-05,0.00496607789981206,0.165982111712711,-17.9003491453391,-5.01124977737235,3.35246796334108,-2.10209361916454,0.0220969259640815
"Bcell","cg08732636","LM27","CpG ~ as.numeric(LM) +Age + Gender",47,48.5270213810699,0.0851063829787234,0.607010126790334,"116769,116815","10-129-09,10-061-09",2.06288055782856,0.000242768309135373,0.00560535261786466,0.357569303332064,0.0887232004650251,1.12077321583688e-05,0.783474163331736,0.600380294700064,1.18445233410017,4.88576812470482e-05,0.0202711178027978,0.677525203503721,1.74163239704849,4.96888724431718,0.276519167437872,0.527757936506195,0.0247291379279467
"Bcell","cg08634987","LM27","CpG ~ as.numeric(LM) +Age + Gender",47,21.5494543762657,0.0851063829787234,0.607010126790334,"116769,116815","10-129-09,10-061-09",3.65246705611178,0.000218959478006299,-0.0273263698550105,0.566309594411092,0.000175163294012739,4.02476155425417e-07,0.0794972573809988,0.271593893977947,0.888949463777432,3.66684317262692e-05,0.015213781747204,0.50849295409417,4.10874544047901,5.97133467940044,-1.79615892413026,1.11370194975448,0.00191174776340422
"Bcell","cg21196958","LM27","CpG ~ as.numeric(LM) +Age + Gender",47,9.25796126929546,0.0851063829787234,0.607010126790334,"116769,116815","10-129-09,10-061-09",-4.71716368970515,-0.000195420110097531,0.0227093476378712,-0.557788151381703,3.11623901515402e-07,2.85497649649056e-07,0.0961266700874193,0.217994463714015,0.77998900449712,3.2173902706582e-05,0.0133489955989322,0.446165872435931,-6.04773100967807,-6.07387023823978,1.7012027211761,-1.25018112285538,0.00149067912115806
"Bcell","cg18638536","LM27","CpG ~ as.numeric(LM) +Age + Gender",47,-49.2671808515674,0.0851063829787234,0.607010126790334,"116769,116815","10-129-09,10-061-09",3.56050740200435,9.0736972438194e-05,0.00293077801546516,0.212415327231441,9.1597701632147e-11,4.35611357019403e-06,0.684428233127704,0.379838124618048,0.418497923388644,1.72626939512999e-05,0.00716231498811839,0.239387337545486,8.5078257334573,5.25624637117323,0.40919423682525,0.887329001648134,0.011638905865019
"Bcell","cg06293931","LM27","CpG ~ as.numeric(LM) +Age + Gender",47,-67.0305612247798,0.0851063829787234,0.607010126790334,"116769,116815","10-129-09,10-061-09",3.11929704222318,0.000105602161855541,-0.00640308312488357,0.184440449109122,1.88692774981369e-11,3.52359734018394e-09,0.28618297818575,0.357188509690531,0.346436588549417,1.42902233617708e-05,0.00592903293404352,0.198167130411707,9.00394803933427,7.38981884202369,-1.07995404918703,0.930731795560306,0.000120506148134956
"Bcell","cg15951892","LM27","CpG ~ as.numeric(LM) +Age + Gender",47,-82.5574225136791,0.0851063829787234,0.607010126790334,"116769,116815","10-129-09,10-061-09",3.45231235324002,-7.48733784284044e-05,0.0020981402600388,-0.203573871861041,5.11389724803145e-15,1.9971152423133e-07,0.678438430218115,0.232210275554146,0.293688717036514,1.21144171949524e-05,0.00502628802274474,0.167994525442915,11.7550050545891,-6.18051840410461,0.417433352514696,-1.21178872540234,0.00116753576082571
"Bcell","cg01480831","LM27","CpG ~ as.numeric(LM) +Age + Gender",47,-32.8007408483696,0.0851063829787234,0.607010126790334,"116769,116815","10-129-09,10-061-09",-5.43367906353747,-0.000102916016352229,0.0173546186765938,-0.320049486564733,5.96448324498234e-14,9.99851021707395e-06,0.0481831617718032,0.268039299058894,0.498621265965125,2.05677157063743e-05,0.00853357296901103,0.285219138810642,-10.8974073799683,-5.00376501802452,2.03368726553528,-1.12211784910134,0.0225707293594967
"Bcell","cg16243719","LM27","CpG ~ as.numeric(LM) +Age + Gender",47,-46.7107634252578,0.0851063829787234,0.607010126790334,"116769,116815","10-129-09,10-061-09",3.61469876500392,8.75505726642166e-05,-0.00462343015526545,0.236129002225821,1.27270065281132e-10,1.24963191622102e-05,0.533193699333967,0.34245997121219,0.430035540651529,1.77386111413392e-05,0.00735977367173627,0.245987034518453,8.40558145386644,4.93559343325268,-0.628202762949193,0.95992458581433,0.0262666673449644
"Bcell","cg11341604","LM27","CpG ~ as.numeric(LM) +Age + Gender",47,-16.8791021930577,0.0851063829787234,0.607010126790334,"116769,116815","10-129-09,10-061-09",3.78651118453172,0.000167739543314942,-0.0104901169374386,0.99949694705419,9.23212711655875e-08,1.8899969335996e-08,0.305191179580469,0.00501152098224012,0.590651376671144,2.43638818200754e-05,0.0101086074062925,0.33786179710042,6.41073793118396,6.88476263978295,-1.03774105728041,2.95830116228594,0.00026010198618619
"Bcell","cg06858239","LM27","CpG ~ as.numeric(LM) +Age + Gender",47,5.42893927467183,0.0851063829787234,0.607010126790334,"116769,116815","10-129-09,10-061-09",2.78869845760822,0.000246015379475878,-0.0127101379664054,0.711659262688969,0.000566163627915058,5.32585675725647e-10,0.32687857500678,0.103914120353787,0.748855129496857,3.08896560577678e-05,0.0128161599333523,0.428356810485424,3.7239491962643,7.96432886840166,-0.991727477848413,1.66137025318332,4.88396995651298e-05
"Bcell","cg11577799","LM27","CpG ~ as.numeric(LM) +Age + Gender",47,-55.9126541164962,0.0851063829787234,0.607010126790334,"116769,116815","10-129-09,10-061-09",-4.50910938261609,-9.19672976857768e-05,0.00977509227606227,-0.411471300134049,8.77049682928008e-15,9.39577855504683e-07,0.150256354299442,0.0719665896913285,0.389933184943105,1.60844220650465e-05,0.00667344839436431,0.223047861763165,-11.5638000476261,-5.71778689429156,1.46477378686517,-1.84476684457507,0.00345519653374154
"Bcell","cg05003364","LM27","CpG ~ as.numeric(LM) +Age + Gender",47,20.8961623924237,0.0851063829787234,0.607010126790334,"116769,116815","10-129-09,10-061-09",2.67130722828148,0.000228818289621856,-0.00387719389188566,1.26576112189143,0.00417359850974305,1.41313924117168e-07,0.798692316410161,0.0160505656203175,0.882792759877182,3.64144727715432e-05,0.0151084138345866,0.504971223465729,3.02597319517338,6.2837183187414,-0.25662481411582,2.50660050132011,0.000896232733805927
"Bcell","cg10647704","LM27","CpG ~ as.numeric(LM) +Age + Gender",47,49.9821439157474,0.0851063829787234,0.607010126790334,"116769,116815","10-129-09,10-061-09",2.4181370713343,0.000276859785101078,0.00698084504441422,0.0262996534951591,0.050708980483483,1.48951678738837e-06,0.736196826773077,0.969688403190948,1.2029303391881,4.96198837069332e-05,0.0205873566307476,0.688094910529591,2.01020540637988,5.57961374388295,0.339084087851678,0.0382209679111238,0.00489818286052744
"Bcell","cg22840454","LM27","CpG ~ as.numeric(LM) +Age + Gender",47,-94.0952065461872,0.0851063829787234,0.607010126790334,"116769,116815","10-129-09,10-061-09",3.75871564631691,5.43284768894625e-05,-0.00996679811694976,0.300452706947716,3.95361980248579e-18,8.0389361139005e-06,0.0301809454541506,0.049423198274464,0.259765171800359,1.07150989512368e-05,0.00444570899733967,0.148589728619956,14.4696674318051,5.07027299857009,-2.24189170341872,2.02202877505871,0.0187665259632334
"Bcell","cg23847901","LM27","CpG ~ as.numeric(LM) +Age + Gender",47,14.9529224394607,0.0851063829787234,0.607010126790334,"116769,116815","10-129-09,10-061-09",-2.84401541804684,-0.000226038294317912,0.0148521448987649,-0.72656979808551,0.0013362633397247,4.69652672891482e-08,0.300858899864851,0.132664305235466,0.828705227646976,3.41834067057648e-05,0.0141827415167266,0.474032311678177,-3.4318782157585,-6.61251513822326,1.04719844758144,-1.53274319109871,0.000465565333325231
"Bcell","cg18970775","LM27","CpG ~ as.numeric(LM) +Age + Gender",47,32.7473416296744,0.0851063829787234,0.607010126790334,"116769,116815","10-129-09,10-061-09",4.56812001105077,0.000218938369689504,-0.0313642872793674,1.84078894085453,4.19276919749156e-05,3.7666481431531e-06,0.074180517911317,0.00248687791123069,1.00141256564632,4.13074418619863e-05,0.0171385133052571,0.572823601927512,4.56167634375795,5.30021613105472,-1.83004714123872,3.21353543160653,0.0103885826478871
"Bcell","cg17778165","LM27","CpG ~ as.numeric(LM) +Age + Gender",47,5.7144742812607,0.0851063829787234,0.607010126790334,"116769,116815","10-129-09,10-061-09",-5.21207232629079,-0.000226476587632959,0.0437815279225992,-0.846792240677094,1.57735354916527e-08,4.59707226762724e-09,0.00144076092529111,0.0552007607183081,0.751133315034433,3.09836293309946e-05,0.0128551495710771,0.42965996813519,-6.93894442167281,-7.30955645039306,3.40575795563699,-1.97084276748504,0.000136711932421552
"Bcell","cg16071082","LM27","CpG ~ as.numeric(LM) +Age + Gender",47,-148.343651969286,0.0851063829787234,0.607010126790334,"116769,116815","10-129-09,10-061-09",3.50069154694535,2.87763651951392e-05,-0.00772928439173442,0.248619992580312,1.57002378700353e-26,2.05540350806912e-05,0.0034439363471189,0.0047299299497596,0.145862867407689,6.01672289919491e-06,0.00249634644058634,0.0834358345024574,23.9998815953676,4.78273067868719,-3.09623867347473,2.97977474622118,0.0392014689906485
"Bcell","cg16243076","LM27","CpG ~ as.numeric(LM) +Age + Gender",47,-74.9250627418441,0.0851063829787234,0.607010126790334,"116769,116815","10-129-09,10-061-09",2.51909864494312,-6.49297802965585e-05,0.00530961925758984,-0.0960093828578925,6.39121553492833e-10,1.2248420810293e-05,0.335510396787356,0.600947762155245,0.318529705506915,1.31390874679613e-05,0.00545142510012995,0.182203958177436,7.90852030875481,-4.94172677173244,0.973987381292879,-0.526933573882054,0.0260034593998219
"Bcell","cg22021234","LM27","CpG ~ as.numeric(LM) +Age + Gender",47,24.845515804695,0.0851063829787234,0.607010126790334,"116769,116815","10-129-09,10-061-09",4.09456650806413,0.000186399533182585,-0.0145299872481842,0.69634583645957,6.04033341338003e-05,1.36643625408376e-05,0.361597701077899,0.193077282740449,0.920672950913437,3.79769993890728e-05,0.0157567082342694,0.526639283379762,4.44736266445294,4.90822171791218,-0.922146112763756,1.32224438707022,0.0280671341024631
"Bcell","cg20827116","LM27","CpG ~ as.numeric(LM) +Age + Gender",47,21.6577476777979,0.0851063829787234,0.607010126790334,"116769,116815","10-129-09,10-061-09",-4.30437004990537,-0.000175334363719447,-0.00141325092633916,-0.229228178240295,1.72598376593038e-05,2.10001040097382e-05,0.926504651889237,0.654770612177126,0.889974173844371,3.6710700170832e-05,0.0152313189818251,0.5090791042301,-4.83651118920904,-4.77611058638311,-0.0927858531507048,-0.45028007697736,0.0398999059503913
"Bcell","cg14164492","LM27","CpG ~ as.numeric(LM) +Age + Gender",47,-56.4278146406872,0.0851063829787234,0.607010126790334,"116769,116815","10-129-09,10-061-09",3.84558269123515,-8.30720401922819e-05,0.00422142841827307,-0.232566777627079,1.11323695868179e-12,5.36521189559738e-06,0.528116873398921,0.300308549805226,0.387802028149262,1.59965136061551e-05,0.00663697505628183,0.221828806847338,9.91635528464801,-5.19313409393892,0.636047051928805,-1.04840656600173,0.0137961583102599
"Bcell","cg10747028","LM27","CpG ~ as.numeric(LM) +Age + Gender",47,12.4006260922888,0.0851063829787234,0.607010126790334,"116769,116815","10-129-09,10-061-09",3.87674635198714,0.000190978665475442,-0.00300086419462813,0.77747202095806,1.90072516767238e-05,8.70501761055081e-07,0.828917715640137,0.0991821052245888,0.806506879248823,3.32677431547518e-05,0.0138028314752235,0.461334510269959,4.80683606269784,5.74065588360067,-0.217409319241112,1.68526742233766,0.00327941905996471
"Bcell","cg06022449","LM27","CpG ~ as.numeric(LM) +Age + Gender",47,10.2806695012348,0.0851063829787234,0.607010126790334,"116769,116815","10-129-09,10-061-09",5.43613172768231,0.000190117013067407,-0.0311882984767346,0.78611987850611,1.83210388604882e-08,6.14014781926078e-07,0.0256871054685477,0.0885026088630184,0.78852151939734,3.25258619042878e-05,0.0134950239444526,0.451046604000838,6.89408163753995,5.84510300224647,-2.31109619405715,1.7428794974469,0.0025453517622032
"Bcell","cg25034709","LM27","CpG ~ as.numeric(LM) +Age + Gender",47,16.5074840794546,0.0851063829787234,0.607010126790334,"116769,116815","10-129-09,10-061-09",4.16247009145691,0.000206214047048468,-0.0255709093365785,1.37589496271006,1.22986052580141e-05,4.56616713219931e-07,0.0832471773061415,0.00660019072496597,0.842524216869789,3.47534286063232e-05,0.014419244371579,0.481936988984179,4.94047530992241,5.93363173988963,-1.7733876115575,2.85492708416125,0.00208215699172578
"Bcell","cg20225180","LM27","CpG ~ as.numeric(LM) +Age + Gender",47,14.053270631084,0.0851063829787234,0.607010126790334,"116769,116815","10-129-09,10-061-09",3.76581517671561,0.000228500576196219,-0.0239930826103327,0.49063031594435,3.85432971007911e-05,2.97651473174295e-08,0.0948513203494164,0.301876821606699,0.820811719260809,3.38578059993884e-05,0.0140476493447863,0.469517101802924,4.58791594752929,6.74882998031079,-1.7079784682437,1.04496793420378,0.000333110797462275
"Bcell","cg16414614","LM27","CpG ~ as.numeric(LM) +Age + Gender",47,-152.434546588919,0.0851063829787234,0.607010126790334,"116769,116815","10-129-09,10-061-09",3.43717881948521,3.23186245075354e-05,-0.00483949527790937,0.202253307426597,5.70620232465387e-27,1.34433453428332e-06,0.0491191514541657,0.0150802076770652,0.139651042920302,5.76049026574078e-06,0.00239003517560007,0.0798825740387143,24.6126254957278,5.61039477833044,-2.02486362013241,2.53188270233476,0.00453080476173573
"Bcell","cg03993093","LM27","CpG ~ as.numeric(LM) +Age + Gender",47,10.9288854689897,0.0851063829787234,0.607010126790334,"116769,116815","10-129-09,10-061-09",3.53614361112291,0.000199007576203229,-0.0120719808944117,0.737878654427327,5.91961055379051e-05,2.8309379844232e-07,0.379266842467864,0.111538695885268,0.793977888120138,3.27509326109341e-05,0.0135884060840044,0.454167731987903,4.45370540418356,6.07639417684213,-0.888403012081178,1.62468313457148,0.00148949802050427
"Bcell","cg13607311","LM27","CpG ~ as.numeric(LM) +Age + Gender",47,20.0066707286864,0.0851063829787234,0.607010126790334,"116769,116815","10-129-09,10-061-09",3.59850571928162,0.000227465564436684,-0.0111419833682202,0.651702758692079,0.000171779466669322,1.31162206039692e-07,0.460635426361876,0.199562108246284,0.874478576148666,3.60715195544804e-05,0.0149661220825737,0.500215380735334,4.11503016475255,6.30596013825071,-0.744480320736772,1.30284430225647,0.000862637433847299
"Bcell","cg01813761","LM27","CpG ~ as.numeric(LM) +Age + Gender",47,3.24798522681788,0.0851063829787234,0.607010126790334,"116769,116815","10-129-09,10-061-09",-4.24356127725022,-0.000206873303843006,0.0160632657135811,-1.24792334361235,7.14548918448048e-07,2.09185752592043e-08,0.206440743896826,0.004705888996498,0.731680473785241,3.0181215683995e-05,0.0125222270673943,0.418532639625092,-5.79974651407162,-6.85437279959238,1.28278026162032,-2.98166313798177,0.000269966054423008
"Bcell","cg02160773","LM27","CpG ~ as.numeric(LM) +Age + Gender",47,-22.519227926722,0.0851063829787234,0.607010126790334,"116769,116815","10-129-09,10-061-09",-2.54372149823742,-0.000112485953228515,0.00707123571960461,-0.359782525848944,4.04391041684042e-05,1.39256785184017e-05,0.461651600155327,0.264435859605162,0.556253774220402,2.29450091074999e-05,0.00951991520540079,0.31818583215905,-4.57295144073851,-4.90241484331103,0.742783477272254,-1.1307308166666,0.0284856708907916
"Bcell","cg26939227","LM27","CpG ~ as.numeric(LM) +Age + Gender",47,-87.7238508528855,0.0851063829787234,0.607010126790334,"116769,116815","10-129-09,10-061-09",3.50052994242455,-8.40985743478968e-05,0.00421375872606796,-0.22378989716173,5.08655074518895e-16,4.23571026906667e-09,0.380699851587589,0.166499105160075,0.277982570930485,1.14665516304416e-05,0.00475748772679602,0.159010364974499,12.5926238134546,-7.33425157434696,0.885710897862003,-1.4073918841556,0.000131691120249557
"Bcell","cg05339956","LM27","CpG ~ as.numeric(LM) +Age + Gender",47,43.8633941961577,0.0851063829787234,0.607010126790334,"116769,116815","10-129-09,10-061-09",2.72034711713279,0.000226657319605909,-0.0214226914354335,1.30637960092902,0.0201312923603299,1.522250389434e-05,0.272928407546988,0.0489722529468056,1.1271219617743,4.64928507036563e-05,0.0192899464228799,0.644731336617944,2.4135339469834,4.87510049772199,-1.1105625161314,2.02623872415117,0.030714208115661
"Bcell","cg01429321","LM27","CpG ~ as.numeric(LM) +Age + Gender",47,-110.027649713595,0.0851063829787234,0.607010126790334,"116769,116815","10-129-09,10-061-09",-3.46971705112315,-4.38807151264186e-05,0.00579346589988802,-0.476338277414384,1.52896706653588e-19,1.64313463264543e-05,0.129950773898267,0.000453519229513903,0.219265639663201,9.0445266750505e-06,0.00375258630824959,0.125423364754517,-15.8242625540999,-4.85163200938578,1.54385946757622,-3.79784323556215,0.0328624524285471
"Bcell","ch.20.577701F","LM27","CpG ~ as.numeric(LM) +Age + Gender",47,9.55416279671064,0.0851063829787234,0.607010126790334,"116769,116815","10-129-09,10-061-09",-5.55525038494788,-0.00018428263727148,0.0201292805200804,-0.349330593051663,9.22825401368246e-09,9.65335771948799e-07,0.140101963664239,0.439373437489143,0.782450688756153,3.22754451506265e-05,0.0133911256958314,0.447573994215547,-7.09980892697398,-5.70968537882126,1.50318061209347,-0.780497968082186,0.00352218134981179
"Bcell","cg15060501","LM27","CpG ~ as.numeric(LM) +Age + Gender",47,19.0056057072966,0.0851063829787234,0.607010126790334,"116769,116815","10-129-09,10-061-09",2.36764130278542,0.000230028646985755,-0.002377352365115,0.507197303196775,0.00899124555820545,8.2227473889142e-08,0.873200006236312,0.311181951302438,0.865215118456863,3.56894095698726e-05,0.0148075841349285,0.494916538496524,2.73647703591701,6.44529146763847,-0.160549644253396,1.02481380949111,0.000661684482385926
"Bcell","cg05840833","LM27","CpG ~ as.numeric(LM) +Age + Gender",47,9.41643349675491,0.0851063829787234,0.607010126790334,"116769,116815","10-129-09,10-061-09",4.40483812024502,0.000188960722572621,-0.0130186508840845,0.250630146980695,1.22698640796475e-06,5.77931317976106e-07,0.335695436833461,0.577847407486535,0.781305077328316,3.22281896247072e-05,0.0133715193144336,0.446918686616047,5.63779533509168,5.86321244764421,-0.973610446049447,0.560795855009783,0.00245529274434203
"Bcell","cg11778756","LM27","CpG ~ as.numeric(LM) +Age + Gender",47,52.8668574166743,0.0851063829787234,0.607010126790334,"116769,116815","10-129-09,10-061-09",3.19297692196928,0.000253042547472922,-0.00830093980007777,3.0539986691979,0.0135779865071043,1.20984302402604e-05,0.697713320215428,9.50514626538884e-05,1.24041868386318,5.1166246985457e-05,0.0212289448392909,0.709538828215222,2.5741122441215,4.94549751801895,-0.391019895850605,4.30420231811688,0.0257796442124203
"Bcell","cg22628851","LM27","CpG ~ as.numeric(LM) +Age + Gender",47,-18.9447563446804,0.0851063829787234,0.607010126790334,"116769,116815","10-129-09,10-061-09",4.36204839546667,0.00016939960309966,-0.0177664236949902,0.999216811369549,2.08048558794828e-09,8.9986266254726e-09,0.0794254276727945,0.00420538774869763,0.577813361182382,2.3834324276444e-05,0.00988889326766953,0.330518252065985,7.54923421386551,7.10738014364776,-1.79660384778095,3.02318194267246,0.000176957121562346
"Bcell","cg27388036","LM27","CpG ~ as.numeric(LM) +Age + Gender",47,23.8666894603509,0.0851063829787234,0.607010126790334,"116769,116815","10-129-09,10-061-09",3.89223798565551,0.000212040412264506,-0.0112593630406152,0.649143292027054,0.000105238461983169,1.21057326236266e-06,0.474168835601002,0.219686134411599,0.911135683108799,3.75835949632876e-05,0.0155934842077563,0.521183817487067,4.27185331209417,5.64183422239494,-0.72205562853071,1.24551697548277,0.00416093496778768
"Bcell","cg01582869","LM27","CpG ~ as.numeric(LM) +Age + Gender",47,39.5539036560643,0.0851063829787234,0.607010126790334,"116769,116815","10-129-09,10-061-09",3.23734930880564,0.000214509826707912,-0.0125692199671776,0.236211280719089,0.00439455726188219,1.76136090251018e-05,0.498794578278529,0.703195152203509,1.0766149391049,4.44094777022486e-05,0.0184255521564972,0.615840532127746,3.00697045082541,4.83027132510165,-0.68216245898202,0.383559165719367,0.0349206391452884
"Bcell","cg07006961","LM27","CpG ~ as.numeric(LM) +Age + Gender",47,-17.2413796427467,0.0851063829787234,0.607010126790334,"116769,116815","10-129-09,10-061-09",2.55070212160616,0.000137316157623392,-0.00866470277781166,0.573733935518893,8.6215593729864e-05,1.14773570043918e-06,0.394302090337765,0.0954686583891416,0.588379378127257,2.42701637552321e-05,0.0100697236548701,0.336562178507515,4.33513174735109,5.65781751652951,-0.860470761143589,1.70468927335542,0.00398500243868983
"Bcell","ch.19.1004238R","LM27","CpG ~ as.numeric(LM) +Age + Gender",47,-5.72418929860316,0.0851063829787234,0.607010126790334,"116769,116815","10-129-09,10-061-09",-4.73309569034912,-0.000205470801412501,0.0206329529555318,-1.15748558718421,8.72478889098285e-09,2.53210708357361e-09,0.0768589274896317,0.00398930428753244,0.665071957970412,2.7433669378983e-05,0.0113822664021324,0.380431529995546,-7.1166670517774,-7.48973090599076,1.81272799516152,-3.04255955650617,9.44519233910719e-05
"Bcell","ch.18.1114073F","LM27","CpG ~ as.numeric(LM) +Age + Gender",47,0.175297075940181,0.0851063829787234,0.607010126790334,"116769,116815","10-129-09,10-061-09",-4.83093475725299,-0.000198052792158031,0.0208372671371417,-0.790540788455696,2.33145229304142e-08,2.68044379269062e-08,0.0927489069061626,0.0575186191777744,0.708149858343071,2.92105972169431e-05,0.012119516157155,0.405072760694518,-6.82191022187932,-6.78016922033879,1.71931510028476,-1.95160194701878,0.000310747483386681
"Bcell","cg08264065","LM27","CpG ~ as.numeric(LM) +Age + Gender",47,29.1302867240538,0.0851063829787234,0.607010126790334,"116769,116815","10-129-09,10-061-09",5.09090455998073,0.00019848942949325,-0.0369055376029722,0.629775121790455,3.98535744748786e-06,1.03343669549121e-05,0.0304642649692794,0.259546700998433,0.963610859494783,3.97481526811773e-05,0.0164915621224332,0.551200436591302,5.28315399294055,4.99367684041439,-2.23784365174056,1.14255192845105,0.023100180801716
"Bcell","cg00052976","LM27","CpG ~ as.numeric(LM) +Age + Gender",47,-69.4678093604445,0.0851063829787234,0.607010126790334,"116769,116815","10-129-09,10-061-09",4.09206540649694,7.18209208306636e-05,-0.0121900747035953,0.395588185541725,1.83927193909389e-15,6.02605581660142e-06,0.0407151434958211,0.0466292669739308,0.337569570740502,1.39244661951483e-05,0.00577727979262177,0.19309505796734,12.122139437866,5.15789401360951,-2.11000248233838,2.04867068948308,0.0150981393709754
"Bcell","cg25619136","LM27","CpG ~ as.numeric(LM) +Age + Gender",47,53.9417902920571,0.0851063829787234,0.607010126790334,"116769,116815","10-129-09,10-061-09",3.57864834879619,0.000244682657846604,-0.0201189011747446,0.900778610165278,0.00664734493855814,2.45619115608874e-05,0.354024712054316,0.216223819381902,1.25468485189875,5.17547146429829e-05,0.0214731008635714,0.717699298774694,2.85222886319263,4.72773658466649,-0.936935065995791,1.25509194686849,0.0445752770453164
"Bcell","cg02923628","LM27","CpG ~ as.numeric(LM) +Age + Gender",47,20.4907105044202,0.0851063829787234,0.607010126790334,"116769,116815","10-129-09,10-061-09",4.2970952311947,0.000201755263259851,-0.0183479552102131,0.964382179877373,1.4564689845421e-05,1.56654353790768e-06,0.229238073614236,0.0617634083085086,0.878993194271362,3.62577438261041e-05,0.015043386783875,0.502797812695033,4.88865586127406,5.56447373635519,-1.21966917914258,1.91803177246976,0.005126832283307
"Bcell","cg09175811","LM27","CpG ~ as.numeric(LM) +Age + Gender",47,-76.6752593966803,0.0851063829787234,0.607010126790334,"116769,116815","10-129-09,10-061-09",4.81133738452159,-0.000107717818310447,-0.00625070818466582,-0.044946797254291,4.25710974716703e-19,1.51106865614391e-10,0.249175148682676,0.802763870722733,0.312653836301002,1.28967127126023e-05,0.00535086348744387,0.178842869373029,15.3887041382392,-8.35234688954401,-1.16816812825322,-0.251320040949138,2.58390851364788e-05
"Bcell","cg19750992","LM27","CpG ~ as.numeric(LM) +Age + Gender",47,-37.7408348086311,0.0851063829787234,0.607010126790334,"116769,116815","10-129-09,10-061-09",3.366538731245,9.94019516806307e-05,-0.00289999184019759,0.373453547794779,8.74375897459792e-09,7.44355377390912e-06,0.721968076484437,0.174717284880726,0.473093304655864,1.95147083707247e-05,0.00809667880614173,0.270616746900771,7.11601432130577,5.0936939354805,-0.358170542469562,1.38000900562047,0.0175761132396256
"Bcell","cg18158719","LM27","CpG ~ as.numeric(LM) +Age + Gender",47,19.4848979928357,0.0851063829787234,0.607010126790334,"116769,116815","10-129-09,10-061-09",3.83240835691247,0.000225393646750125,-0.0167715345678774,0.847443029489711,6.86920630682648e-05,1.41511466094109e-07,0.266046424128217,0.0956764145206053,0.869637990319174,3.58718493839741e-05,0.0148832786597029,0.497446490164743,4.40690080191403,6.28330154761468,-1.12687096380766,1.70358630776359,0.000896232733805927
"Bcell","cg01968694","LM27","CpG ~ as.numeric(LM) +Age + Gender",47,14.8477669120189,0.0851063829787234,0.607010126790334,"116769,116815","10-129-09,10-061-09",4.09374190761312,0.000193687465344243,-0.0129071876517262,0.497683351966308,1.21001290696407e-05,1.09299591014771e-06,0.367331762425348,0.299098396903497,0.827778693486018,3.41451879362987e-05,0.0141668844977615,0.473502319691262,4.94545455183581,5.67246739732658,-0.911081589870072,1.05106845578035,0.00385772386364797
"Bcell","cg02527726","LM27","CpG ~ as.numeric(LM) +Age + Gender",47,-38.5281338184999,0.0851063829787234,0.607010126790334,"116769,116815","10-129-09,10-061-09",-5.12886257433236,-9.89362651755206e-05,0.0188316375076292,-0.643625741941338,5.38709577809705e-14,6.99789152025496e-06,0.0236892474772708,0.0208786804702546,0.469147448933299,1.93519450787038e-05,0.00802914809689986,0.26835965590229,-10.9323040890319,-5.1124713703532,2.34540916176404,-2.3983699776977,0.0170338890049708
"Bcell","cg15646610","LM27","CpG ~ as.numeric(LM) +Age + Gender",47,13.5048563130548,0.0851063829787234,0.607010126790334,"116769,116815","10-129-09,10-061-09",-4.50132432473412,-0.000225877206419047,0.0163874889420949,-0.863607865018669,1.84031076204056e-06,3.38491142599124e-08,0.247098067126571,0.0711760602137526,0.81603688593468,3.366084806538e-05,0.0139659312324942,0.466785822689494,-5.51607948405218,-6.71038370692034,1.1733903503668,-1.85011588407461,0.000367501982669981
"Bcell","cg18533943","LM27","CpG ~ as.numeric(LM) +Age + Gender",47,39.7673328100582,0.0851063829787234,0.607010126790334,"116769,116815","10-129-09,10-061-09",-4.32221142447809,-0.000210869125822347,0.0371236954026731,-0.96807405204998,0.000240952133418884,2.37964212597685e-05,0.0507068543467789,0.124120393987617,1.07906219521877,4.45104249972127e-05,0.0184674353252408,0.61724040078336,-4.00552576452906,-4.73752218352335,2.01022474149041,-1.56839061542531,0.0435204095175812
"Bcell","cg02537769","LM27","CpG ~ as.numeric(LM) +Age + Gender",47,-56.2451288402679,0.0851063829787234,0.607010126790334,"116769,116815","10-129-09,10-061-09",2.70412785606484,8.94753120118383e-05,0.000993277187692251,0.770919771997706,1.47320956681691e-08,1.47494284165036e-06,0.88196199138086,0.0012017154871029,0.388556441041362,1.60276325153334e-05,0.00664988633364389,0.222260342784691,6.95942100153471,5.58256572991916,0.149367543722807,3.46854397117759,0.0048736885457712
"Bcell","cg09750346","LM27","CpG ~ as.numeric(LM) +Age + Gender",47,-80.1965734567684,0.0851063829787234,0.607010126790334,"116769,116815","10-129-09,10-061-09",3.81906002093699,7.79622446689558e-05,-0.012586739383903,0.547853600909364,4.00532823939663e-16,1.45077918424018e-07,0.0187899728389874,0.00272918822492221,0.301158238627615,1.24225287959508e-05,0.00515412394129082,0.172267208260439,12.6812403948852,6.27587554430688,-2.44207153868922,3.18025471267347,0.000910390557912259
"Bcell","cg05089245","LM27","CpG ~ as.numeric(LM) +Age + Gender",47,4.51245635894032,0.0851063829787234,0.607010126790334,"116769,116815","10-129-09,10-061-09",4.13360757520527,0.000148675168842014,-0.01047666748532,0.502352668585293,1.51770822715301e-06,1.59762133141721e-05,0.413663039363116,0.242825491277362,0.741589405387528,3.05899509346973e-05,0.0126918118738293,0.424200703005156,5.57398412811088,4.86026176241347,-0.825466654365008,1.18423346549519,0.0320458945038919
"Bcell","cg13991072","LM27","CpG ~ as.numeric(LM) +Age + Gender",47,-97.5004654694392,0.0851063829787234,0.607010126790334,"116769,116815","10-129-09,10-061-09",3.09694209925954,-7.06412058724477e-05,2.59462699865065e-05,-0.258629343342813,9.52052943316352e-16,2.22510719983703e-08,0.995199578958865,0.0781167565515828,0.250523287119389,1.03338788355216e-05,0.00428754025749743,0.143303226479717,12.3618931192758,-6.83588485957725,0.006051551339054,-1.80476985547439,0.00027177896413438
"Bcell","cg19931206","LM27","CpG ~ as.numeric(LM) +Age + Gender",47,22.3615957376764,0.0851063829787234,0.607010126790334,"116769,116815","10-129-09,10-061-09",3.52050869829616,0.000204243969000886,-0.00496093746545911,0.889932844341864,0.000307217819708735,1.80378683633847e-06,0.748052678312294,0.0898893491781592,0.896663084977234,3.69866122346699e-05,0.0153457952690027,0.512905265693958,3.92623356228114,5.52210534192788,-0.323276661684638,1.73508229270719,0.0057559465971319
"Bcell","cg27102761","LM27","CpG ~ as.numeric(LM) +Age + Gender",47,17.2874821615425,0.0851063829787234,0.607010126790334,"116769,116815","10-129-09,10-061-09",3.42317261041218,0.000222723491587115,-0.0227160666993492,1.28646683503488,0.000223862785951971,1.11014647482813e-07,0.125528837896166,0.0112945571938622,0.849544444197213,3.50430071897499e-05,0.0145393909161546,0.485952668477325,4.02942145498574,6.35571857121502,-1.5623809023602,2.64730892221638,0.000774831263316395
"Bcell","cg22441006","LM27","CpG ~ as.numeric(LM) +Age + Gender",47,-4.72420949326772,0.0851063829787234,0.607010126790334,"116769,116815","10-129-09,10-061-09",-5.41546491230898,-0.000145963558683906,0.0127584542124535,-1.15042432378839,3.94318951039453e-10,4.24172216679442e-06,0.2735750448883,0.00457631547246518,0.672184815187381,2.77270688689054e-05,0.0115039982459631,0.384500195229829,-8.05651182524757,-5.26429819805431,1.10904521538245,-2.99199932291513,0.011422506903451
"Bcell","cg17295497","LM27","CpG ~ as.numeric(LM) +Age + Gender",47,9.03972666366571,0.0851063829787234,0.607010126790334,"116769,116815","10-129-09,10-061-09",-5.83842917905707,-0.000202640161163016,0.027657692111572,-0.811596559198166,2.42616790646326e-09,1.2813936386263e-07,0.0438384889623809,0.0752183150491278,0.778180247584917,3.209929297673e-05,0.013318039921453,0.445131235279376,-7.50266946144758,-6.31291665239848,2.07670890571671,-1.82327478926251,0.000852581405168741
"Bcell","cg15799959","LM27","CpG ~ as.numeric(LM) +Age + Gender",47,-164.31857344272,0.0851063829787234,0.607010126790334,"116769,116815","10-129-09,10-061-09",-3.1778598567919,-2.62476500500387e-05,0.00729545533324907,-0.33363705180813,8.23811028954903e-28,5.77987154268176e-06,0.00121832707393447,2.36481462049889e-05,0.123066017972909,5.07637167436693e-06,0.00210619344994181,0.0703956811692485,-25.8223993035304,-5.17055324821386,3.46381066442431,-4.7394534191094,0.0145345707199875
"Bcell","cg19060823","LM27","CpG ~ as.numeric(LM) +Age + Gender",47,10.3119331850216,0.0851063829787234,0.607010126790334,"116769,116815","10-129-09,10-061-09",-4.92575268937333,-0.000225900840068104,0.0377201897267483,-0.50837439435765,1.61034332753841e-07,1.55636955851993e-08,0.00774068910149535,0.266107599351673,0.788783819263769,3.25366815573005e-05,0.013499513033071,0.451196643614308,-6.24474357748731,-6.94295881619855,2.79418891884037,-1.12672468102892,0.000231423694821704
"Bcell","cg19324331","LM27","CpG ~ as.numeric(LM) +Age + Gender",47,9.2130657028687,0.0851063829787234,0.607010126790334,"116769,116815","10-129-09,10-061-09",4.47718111026755,0.000221090122126464,-0.0254354408810197,1.32009248845796,8.64293944138905e-07,1.95258390265852e-08,0.063304829009217,0.00498651563386679,0.779616561018741,3.21585397204784e-05,0.0133426214752906,0.445952828959029,5.74279887592065,6.87500502349226,-1.90633009623513,2.96016170934358,0.00026010198618619
"Bcell","cg09518246","LM27","CpG ~ as.numeric(LM) +Age + Gender",47,20.7743007022575,0.0851063829787234,0.607010126790334,"116769,116815","10-129-09,10-061-09",4.68306016126672,0.000213383331584975,-0.0229124353774219,1.37064160553836,3.62611935498045e-06,5.69795547083061e-07,0.136206765746242,0.00943394212431883,0.881649048011252,3.63672956009848e-05,0.0150888399629336,0.504317002445258,5.31170557245013,5.86745118268284,-1.51850211372824,2.71781756096382,0.00243585815766924
"Bcell","cg14312860","LM27","CpG ~ as.numeric(LM) +Age + Gender",47,-95.5887991459361,0.0851063829787234,0.607010126790334,"116769,116815","10-129-09,10-061-09",3.19246296060027,-7.65105075239473e-05,0.00113195034947772,-0.184231431968787,6.77815806178243e-16,5.51284368909655e-09,0.797105407255065,0.21456336308949,0.255670307856207,1.05461891930527e-05,0.00437562811100211,0.146247402595339,12.4866394825783,-7.25480134325187,0.258694368159747,-1.25972447167865,0.000150830300764944
"Bcell","cg12632487","LM27","CpG ~ as.numeric(LM) +Age + Gender",47,42.5082193882725,0.0851063829787234,0.607010126790334,"116769,116815","10-129-09,10-061-09",2.73175728673255,0.00024648793477664,-0.0258105005669068,1.09681980672647,0.0180395719966986,2.90517340768963e-06,0.181717703258352,0.0915441558124599,1.11098909375312,4.58273832123214e-05,0.019013843063767,0.635503084560465,2.45885157837525,5.37861683340383,-1.35745837810619,1.72590791984129,0.00852842954932476
"Bcell","cg08063324","LM27","CpG ~ as.numeric(LM) +Age + Gender",47,15.7695357863249,0.0851063829787234,0.607010126790334,"116769,116815","10-129-09,10-061-09",4.22060315723548,0.000217660032657199,-0.0196702156827577,0.950489795576253,8.62164285853543e-06,1.28386734891893e-07,0.176279925943252,0.0532284251229125,0.835935863730339,3.44816644767225e-05,0.0143064890679072,0.478168348260488,5.04895571581432,6.31234123875125,-1.37491564767506,1.98777229616725,0.000852581405168741
"Bcell","cg08867452","LM27","CpG ~ as.numeric(LM) +Age + Gender",47,-24.9778261526562,0.0851063829787234,0.607010126790334,"116769,116815","10-129-09,10-061-09",-6.0513965734274,-0.000136481350551142,0.0266092260966772,-0.558387190441305,2.72634897453358e-14,2.56513719534607e-07,0.00635617744412858,0.0786522268807355,0.541893408219359,2.23526558616406e-05,0.0092741470452835,0.309971478894563,-11.1671344984839,-6.10582256515467,2.86918311374087,-1.80141473800317,0.00140571223955266
"Bcell","cg17122837","LM27","CpG ~ as.numeric(LM) +Age + Gender",47,13.9678777289859,0.0851063829787234,0.607010126790334,"116769,116815","10-129-09,10-061-09",-5.09104299581848,-0.000186391027646385,0.0214948999023594,-0.381986988066408,1.82086232994956e-07,1.87718179696835e-06,0.132962493600527,0.419952292310954,0.820066403647681,3.38270623454596e-05,0.0140348937613331,0.469090769650991,-6.20808628810223,-5.51011570980839,1.53153278306809,-0.814313588712502,0.00586293590510213
"Bcell","cg19244722","LM27","CpG ~ as.numeric(LM) +Age + Gender",47,22.8380816451938,0.0851063829787234,0.607010126790334,"116769,116815","10-129-09,10-061-09",3.97478419659442,0.000199598306276083,-0.0173819326740542,0.898064915496443,6.79227157390876e-05,2.99714903951854e-06,0.266010579100733,0.088643236473998,0.901219808529411,3.71745733205099e-05,0.0154237805768633,0.515511782615844,4.41044921447119,5.3692157958397,-1.1269566879166,1.74208416913271,0.00868658880205713
"Bcell","cg06736470","LM27","CpG ~ as.numeric(LM) +Age + Gender",47,-0.65343230296229,0.0851063829787234,0.607010126790334,"116769,116815","10-129-09,10-061-09",-4.70366518118235,-0.000218122513280424,0.0238345471522783,-0.928746871280205,3.49276025519469e-08,2.19234901798001e-09,0.053657904044785,0.0255668044885876,0.701934058346247,2.89542005970057e-05,0.0120131368539558,0.40151722617739,-6.70100720324664,-7.53336333875442,1.98404025876304,-2.31309346331728,9.44519233910719e-05
