"cellType","CpG","LM","formula","nObs","AIC","meanLeverage","maxLeverage","OutlierLabIDs","OutlierIDs","Intercept.betaEstimate","LM.betaEstimate","Age.betaEstimate","Gender.betaEstimate","Intercept.pval","LM.pval","Age.pval","Gender.pval","Intercept.stdError","LM.stdError","Age.stdError","Gender.stdError","Intercept.tStat","LM.tStat","Age.tStat","Gender.tStat","FDR"
"Bcell","cg21501616","LM32","CpG ~ as.numeric(LM) +Age + Gender",47,51.821007275631,0.0851063829787234,0.708584159425825,"116769,117587","10-129-09,10-418-09",-6.10070028264937,-0.00160643770720092,0.0198566675337627,-0.914061038456282,1.02425971608376e-05,3.91913239111066e-06,0.352877102224595,0.18547086110972,1.22101899089954,0.000303776618768112,0.0211422395356576,0.67927498678837,-4.99640081613711,-5.28822038284386,0.939194142620193,-1.34564212761313,0.00533997402362099
"Bcell","cg14492773","LM32","CpG ~ as.numeric(LM) +Age + Gender",47,8.02106896346326,0.0851063829787234,0.708584159425825,"116769,117587","10-129-09,10-418-09",-3.56942606617186,-0.0012967859197759,0.00527517253121542,-0.777499383345044,3.07231191831227e-05,2.48665344996753e-08,0.692890855799075,0.0751117342413074,0.766231418468658,0.000190630277850817,0.0132674825778725,0.426268420504817,-4.65841778363186,-6.80262303762017,0.397601617356811,-1.82396665092918,6.93183101769593e-05
"Bcell","cg05529816","LM32","CpG ~ as.numeric(LM) +Age + Gender",47,-14.6751039803463,0.0851063829787234,0.708584159425825,"116769,117587","10-129-09,10-418-09",-3.30672305936373,-0.000890758594725572,0.00504678797127368,-1.25481048195357,1.97977755764903e-06,4.3404093188648e-07,0.630652746428301,0.000527436410345285,0.601866457110833,0.000149738012802222,0.010421463465806,0.334829214573585,-5.49411421802296,-5.94878066067371,0.484268643058891,-3.74761349170684,0.000808942308462378
"Bcell","cg05199503","LM32","CpG ~ as.numeric(LM) +Age + Gender",47,-50.5592875328865,0.0851063829787234,0.708584159425825,"116769,117587","10-129-09,10-418-09",-3.44170630523448,-0.000520561778467059,0.0076709307696801,-0.408915185891459,1.39765335954854e-10,7.47292748566979e-06,0.286944483057936,0.0806672773324339,0.410874968418753,0.000102221349195193,0.00711439958449407,0.228577189072798,-8.37652952789955,-5.09249567302267,1.07822602295196,-1.78895885258798,0.00918272305476144
"Bcell","cg26782013","LM32","CpG ~ as.numeric(LM) +Age + Gender",47,62.3213764672179,0.0851063829787234,0.708584159425825,"116769,117587","10-129-09,10-418-09",-6.6663084936362,0.00270223460675639,-0.00153863772533226,0.282477653405719,1.48558357944948e-05,5.48559942219487e-10,0.948409023130797,0.711794449992462,1.36532405555681,0.000339678193550668,0.0236409166782179,0.759554508744332,-4.88258334459471,7.95527843135833,-0.0650836744731611,0.371899120015364,3.50665661381699e-06
"Bcell","cg19114576","LM32","CpG ~ as.numeric(LM) +Age + Gender",47,-0.803157873593443,0.0851063829787234,0.708584159425825,"116769,117587","10-129-09,10-418-09",3.10431838432844,0.00128588577817201,0.0102943562970245,0.216227013009803,5.98680395266474e-05,3.3030676363058e-09,0.39878337908909,0.580292874373751,0.697574615367504,0.000173549190941488,0.0120786734047673,0.388073397030932,4.45015961868536,7.40934470046331,0.852275407410343,0.557180715462875,1.32898926346764e-05
"Bcell","cg27264388","LM32","CpG ~ as.numeric(LM) +Age + Gender",47,78.5387515389062,0.0851063829787234,0.708584159425825,"116769,117587","10-129-09,10-418-09",7.43372162546606,0.00181114730133362,-0.0566510370624626,1.18748543936269,3.92971431695326e-05,5.32308429565798e-05,0.050011520856291,0.195261136044542,1.62241709386664,0.000403640224009377,0.0280925448997346,0.902580023910668,4.58188073434902,4.48703373351497,-2.01658615353847,1.31565668185032,0.0445619872381953
"Bcell","cg13800612","LM32","CpG ~ as.numeric(LM) +Age + Gender",47,28.161394974031,0.0851063829787234,0.708584159425825,"116769,117587","10-129-09,10-418-09",3.60844550164922,0.00111321424894349,0.0178943194110728,0.117772573818379,0.000449094696804619,2.5726295649756e-05,0.282386556271818,0.824589589961684,0.949317233231975,0.000236180093347324,0.0164376578004998,0.528122376365789,3.80109554038556,4.71341268930064,1.08861734611173,0.22300243104414,0.0254404665109477
"Bcell","cg22678977","LM32","CpG ~ as.numeric(LM) +Age + Gender",47,27.9467683449396,0.0851063829787234,0.708584159425825,"116769,117587","10-129-09,10-418-09",3.68216764948389,0.00141969883969791,-0.00773939821037053,0.367452486604042,0.000345576873745491,3.36471602960112e-07,0.639377296917895,0.489329878123347,0.947152165904951,0.000235641447481117,0.0164001691353931,0.526917910185557,3.88761994327044,6.02482651024996,-0.471909658155183,0.697361922039511,0.000652587070138742
"Bcell","cg13947088","LM32","CpG ~ as.numeric(LM) +Age + Gender",47,22.7862780373041,0.0851063829787234,0.708584159425825,"116769,117587","10-129-09,10-418-09",7.2448683077214,0.00109847144997692,-0.032177632363302,0.217610940505719,3.64372261277365e-10,1.29490834754723e-05,0.0442229629735967,0.664805690827878,0.896556155135948,0.000223053694801497,0.0155240869555091,0.498770432707472,8.08077471357366,4.92469515447609,-2.07275522583201,0.436294788615403,0.0147128045711058
"Bcell","cg25663874","LM32","CpG ~ as.numeric(LM) +Age + Gender",47,54.8763965157752,0.0851063829787234,0.708584159425825,"116769,117587","10-129-09,10-418-09",4.62544612336266,0.00145751982784272,-0.0033775244086662,-0.184468937333455,0.000670851050190643,3.21267072080409e-05,0.87782611281658,0.793896855385775,1.26135922486348,0.000313812842582169,0.0218407404564024,0.701716989817915,3.66703317515537,4.64455124222994,-0.154643310532822,-0.262882244566035,0.0302940106446403
"Bcell","cg18141918","LM32","CpG ~ as.numeric(LM) +Age + Gender",47,-3.50026766346378,0.0851063829787234,0.708584159425825,"116769,117587","10-129-09,10-418-09",-5.69213216723095,-0.00131696610013896,0.0233643772980521,-0.49510363417067,1.30665915034229e-10,8.84400383125499e-10,0.0528987054162647,0.196168760082653,0.677843764857239,0.000168640363889575,0.0117370289497347,0.377096767412903,-8.39741023276916,-7.80931723440365,1.9906551647877,-1.31293523826089,4.72598000043692e-06
"Bcell","cg02443072","LM32","CpG ~ as.numeric(LM) +Age + Gender",47,-81.5349672386937,0.0851063829787234,0.708584159425825,"116769,117587","10-129-09,10-418-09",-3.14394225496667,-0.000340205977037238,0.0136944460987169,-0.645162589008375,1.27607376441047e-13,3.39784749596107e-05,0.0104947101516957,0.000309151485462342,0.295527072221461,7.3524011848282e-05,0.0051171228267094,0.164407064570673,-10.638423855161,-4.62714109968942,2.67620038886641,-3.92417801931523,0.0316205537142842
"Bcell","cg25974442","LM32","CpG ~ as.numeric(LM) +Age + Gender",47,-4.95579679502307,0.0851063829787234,0.708584159425825,"116769,117587","10-129-09,10-418-09",1.33621604939566,0.000861728225249384,-0.000370090023635627,0.562047201145737,0.0516142704432257,5.42817949737506e-06,0.974601191622846,0.137413835293182,0.667428636940791,0.000166049190151839,0.0115566884875099,0.371302643054008,2.00203583640088,5.18959607367795,-0.0320238815847297,1.51371721063667,0.00708558709028064
"Bcell","cg06311553","LM32","CpG ~ as.numeric(LM) +Age + Gender",47,40.7267280285112,0.0851063829787234,0.708584159425825,"116769,117587","10-129-09,10-418-09",-4.79990636002414,-0.00125410997664733,0.0022359640491708,-0.553666659901749,6.5161640211775e-05,3.20219736450613e-05,0.905824359444985,0.364158147082811,1.08508844658521,0.000269958536128223,0.0187885692409896,0.603654362226891,-4.42351623513227,-4.64556518432023,0.119006616229871,-0.917191516448689,0.0302940106446403
"Bcell","cg14531436","LM32","CpG ~ as.numeric(LM) +Age + Gender",47,36.0614866856053,0.0851063829787234,0.708584159425825,"116769,117587","10-129-09,10-418-09",2.17509251115465,0.00131171776900935,0.00568926551239243,-0.015923573195635,0.0410319363465569,7.143815908966e-06,0.751864469217905,0.978013063212117,1.0325497969772,0.000256887475439144,0.0178788497991369,0.574426159566365,2.10652553273679,5.10619588116157,0.318212053700853,-0.0277208357078579,0.00885205500480652
"Bcell","cg07351084","LM32","CpG ~ as.numeric(LM) +Age + Gender",47,-14.9663054811443,0.0851063829787234,0.708584159425825,"116769,117587","10-129-09,10-418-09",-4.67079359956875,-0.0011898626156514,-0.00270705068382889,-0.758305630392633,9.59098012544928e-10,5.21195016275204e-10,0.795673157971463,0.028160617366228,0.600004827101102,0.000149274858933226,0.0103892288913351,0.333793556070573,-7.78459337091585,-7.97095119804233,-0.26056319599298,-2.27178031631116,3.46521663587766e-06
"Bcell","cg24542908","LM32","CpG ~ as.numeric(LM) +Age + Gender",47,20.7569298910108,0.0851063829787234,0.708584159425825,"116769,117587","10-129-09,10-418-09",-6.20678757386146,-0.00101383422527995,0.0166779718539574,-0.444385257978814,1.00560594887718e-08,3.21381397592627e-05,0.278412368158693,0.367684061381402,0.877408011113484,0.000218289838964542,0.0151925322044336,0.488117973265953,-7.07400376477605,-4.64444075862199,1.09777432948869,-0.910405439499538,0.0302940106446403
"Bcell","cg08333858","LM32","CpG ~ as.numeric(LM) +Age + Gender",47,29.2232324339966,0.0851063829787234,0.708584159425825,"116769,117587","10-129-09,10-418-09",4.10090526902311,0.00117200000144274,0.012050621695694,0.638107035224582,0.000105413696422721,1.37379571332512e-05,0.472454441135233,0.238758663390493,0.960101653131423,0.000238863143027015,0.0166243926428459,0.534121944545577,4.27132403704106,4.90657531585016,0.724875907023277,1.1946841760405,0.0154550887982864
"Bcell","cg19831575","LM32","CpG ~ as.numeric(LM) +Age + Gender",47,7.91709989513857,0.0851063829787234,0.708584159425825,"116769,117587","10-129-09,10-418-09",-2.65793150069458,-0.00170738839540369,0.0248286196485332,-1.11272792263587,0.00118739360008926,2.12416393875233e-11,0.0678117883119057,0.0123082496823246,0.765384393719771,0.000190419547046344,0.0132528161392118,0.425797205290805,-3.47267532824522,-8.96645550253387,1.87345990374616,-2.61328141380335,4.97292226552975e-07
"Bcell","cg03159877","LM32","CpG ~ as.numeric(LM) +Age + Gender",47,-32.5698469996176,0.0851063829787234,0.708584159425825,"116769,117587","10-129-09,10-418-09",4.80263938325661,0.00129953692279244,-0.00895552785977576,0.261672520645855,2.49466107310833e-12,1.93072048490358e-13,0.304366310832643,0.349741865256131,0.497535037906091,0.000123781458486924,0.00861493967513445,0.2767877558165,9.65286666737851,10.4986396078838,-1.03953459890432,0.94539052088465,4.40201052690541e-08
"Bcell","cg03075996","LM32","CpG ~ as.numeric(LM) +Age + Gender",47,-41.8217333601076,0.0851063829787234,0.708584159425825,"116769,117587","10-129-09,10-418-09",-5.2939208993473,-0.000506858951625614,0.0122267503644685,-0.558168871191683,5.32164280001338e-15,4.81699285107333e-05,0.12466883632024,0.0313663793020133,0.450898229616626,0.000112178713535452,0.00780741204502936,0.250842854409734,-11.7408331894504,-4.51831667213254,1.5660439456699,-2.225173495594,0.0412365334814756
"Bcell","cg00114084","LM32","CpG ~ as.numeric(LM) +Age + Gender",47,47.7855285686245,0.0851063829787234,0.708584159425825,"116769,117587","10-129-09,10-418-09",-8.20592476426917,-0.00152598979708798,0.0570631051253038,-0.785722358168473,1.22257637361228e-08,4.53975836202036e-06,0.0072847623503835,0.233859913667249,1.16970914516295,0.000291011271493791,0.0202537971304323,0.650730389984715,-7.01535488390664,-5.2437480832097,2.81740281873189,-1.20744684782115,0.00602946023462158
"Bcell","cg12691894","LM32","CpG ~ as.numeric(LM) +Age + Gender",47,9.08064411254125,0.0851063829787234,0.708584159425825,"116769,117587","10-129-09,10-418-09",6.10140069038081,0.00116277201491929,-0.0196619830406251,0.59234087134983,7.16433093235013e-10,3.29310731513427e-07,0.150097972833582,0.176555738809284,0.774917299278571,0.000192791233186585,0.0134178807076559,0.431100533368232,7.87361528263863,6.03124942820375,-1.46535682266175,1.3740202702182,0.000641729042169591
"Bcell","cg02360101","LM32","CpG ~ as.numeric(LM) +Age + Gender",47,3.62446009579254,0.0851063829787234,0.708584159425825,"116769,117587","10-129-09,10-418-09",-5.69976194415106,-0.0012227058581823,0.0222251758656101,-0.642370060869799,9.27257665505501e-10,3.26526757630882e-08,0.0863176733918223,0.121637590170175,0.731218120892147,0.000181919339504249,0.0126612188507617,0.406789888699853,-7.79488606928515,-6.72114279611125,1.75537411741943,-1.57912002907173,8.72432303069278e-05
"Bcell","cg21577472","LM32","CpG ~ as.numeric(LM) +Age + Gender",47,2.27397476829147,0.0851063829787234,0.708584159425825,"116769,117587","10-129-09,10-418-09",-4.28875571148444,-0.00102251156405082,-0.00830530364209753,-0.693092517250624,4.32137226058432e-07,9.90350742520367e-07,0.50931274491241,0.0910804568598511,0.720787912829035,0.00017932441398542,0.0124806172721453,0.40098737498215,-5.95009382808796,-5.70202094252463,-0.665456159819406,-1.72846468615496,0.00164018149184072
"Bcell","cg03520225","LM32","CpG ~ as.numeric(LM) +Age + Gender",47,-12.3627658519844,0.0851063829787234,0.708584159425825,"116769,117587","10-129-09,10-418-09",-5.44012852117297,-0.0013705043499654,0.0273330628675819,-1.00640028943134,3.38819404885302e-11,2.3816765971806e-11,0.0140978756994226,0.00536807262189823,0.616855581242264,0.000153467148451118,0.0106810037802305,0.343167935897523,-8.8191283123633,-8.93027832860226,2.55903503359606,-2.93267576645584,5.0907965127767e-07
"Bcell","cg05351827","LM32","CpG ~ as.numeric(LM) +Age + Gender",47,-32.7377146764435,0.0851063829787234,0.708584159425825,"116769,117587","10-129-09,10-418-09",-4.75926253447401,-0.000552817853486439,0.0225306274030651,-0.753651907004292,3.09636653803105e-12,5.54790034344895e-05,0.0121025803270001,0.00919660278182511,0.496647319617021,0.000123560603559783,0.00859956861797025,0.276293902048808,-9.5827810731849,-4.47406242410401,2.61997181532845,-2.72771820664778,0.0456646942890176
"Bcell","cg04468795","LM32","CpG ~ as.numeric(LM) +Age + Gender",47,47.3305826076885,0.0851063829787234,0.708584159425825,"116769,117587","10-129-09,10-418-09",7.34136887380742,0.00159481888867879,-0.0460688110364045,0.327211698608393,1.30844302064634e-07,1.8976634013988e-06,0.0272671818002429,0.615944371098847,1.16406160524739,0.000289606223257282,0.0201560086090646,0.647588561208814,6.30668414859986,5.50685296310769,-2.28561179596274,0.505277143866789,0.00289174915710813
"Bcell","cg21507610","LM32","CpG ~ as.numeric(LM) +Age + Gender",47,35.8558128488386,0.0851063829787234,0.708584159425825,"116769,117587","10-129-09,10-418-09",-7.184601662812,-0.0014352424362737,0.0622179808749071,-0.868613019663359,1.40630443819559e-08,1.3950353965995e-06,0.00113700514584063,0.136975060672457,1.03029302767333,0.000256326015090387,0.0178397732920925,0.573170677914976,-6.97335754958639,-5.59928509701834,3.4875993016394,-1.51545264461733,0.00223465394870509
"Bcell","cg23330543","LM32","CpG ~ as.numeric(LM) +Age + Gender",47,-23.5457582383066,0.0851063829787234,0.708584159425825,"116769,117587","10-129-09,10-418-09",6.43101751206907,0.000738920618926768,-0.0157667255564813,-0.0311054055485175,5.29565462264845e-15,2.50636476029094e-06,0.103659362990621,0.919157403804578,0.547666719774324,0.000136253691043988,0.0094829818876497,0.304676918714479,11.7425749636916,5.42312368395376,-1.66263373095917,-0.102093081680622,0.00364355279029693
"Bcell","cg07939214","LM32","CpG ~ as.numeric(LM) +Age + Gender",47,0.0823346072129221,0.0851063829787234,0.708584159425825,"116769,117587","10-129-09,10-418-09",-4.16698664412797,-0.0012364981899555,-0.00912129668741599,0.104333523308502,4.81900728987262e-07,1.06076023858927e-08,0.45848587327973,0.791258616264741,0.704176909283779,0.000175191771881627,0.0121929937228811,0.39174637275545,-5.9175280944191,-7.05796954203407,-0.748076878797957,0.266329264454051,3.40636009105102e-05
"Bcell","cg23187387","LM32","CpG ~ as.numeric(LM) +Age + Gender",47,33.529293367174,0.0851063829787234,0.708584159425825,"116769,117587","10-129-09,10-418-09",-7.64259677383465,-0.00125463497722964,0.0607497828853452,-1.40973143223043,1.73807475984113e-09,9.56351316376018e-06,0.00112701323447037,0.0154848384397899,1.00510603902835,0.000250059758541924,0.0174036544838817,0.559158699799508,-7.60377161918444,-5.01734059308586,3.49063370234156,-2.52116515890015,0.0112588557425923
"Bcell","cg24798493","LM32","CpG ~ as.numeric(LM) +Age + Gender",47,7.08518677040135,0.0851063829787234,0.708584159425825,"116769,117587","10-129-09,10-418-09",-3.25897028036525,-0.00133007454097503,-0.00412961760779109,-0.4763282723396,9.75998824638809e-05,1.10001139719614e-08,0.754758057968071,0.265316430918875,0.758640521093582,0.000188741742819664,0.013136044351448,0.422045466764869,-4.29580307108753,-7.04706082027583,-0.314372995195915,-1.12861838320603,3.49954556104732e-05
"Bcell","cg16337939","LM32","CpG ~ as.numeric(LM) +Age + Gender",47,-18.5503243858838,0.0851063829787234,0.708584159425825,"116769,117587","10-129-09,10-418-09",5.25576231437389,0.000706373690197684,-0.0107553375936534,0.19231143304659,1.39431510635886e-11,1.33245108766644e-05,0.2881606712416,0.552626415210157,0.577558559890907,0.000143690464908318,0.0100005663385195,0.321306290945056,9.09996436615298,4.91593990351682,-1.07547285119511,0.598529933792909,0.0150642955654282
"Bcell","cg00348968","LM32","CpG ~ as.numeric(LM) +Age + Gender",47,53.6446840996296,0.0851063829787234,0.708584159425825,"116769,117587","10-129-09,10-418-09",-6.35782019550583,-0.00165693984780265,0.0330107829507201,-0.114807386454951,7.12652227928763e-06,3.19775931161924e-06,0.133003477404982,0.869117124904893,1.244939041225,0.000309727674454216,0.0215564210000372,0.692582144162588,-5.1069329380576,-5.34966677008251,1.53136659145149,-0.165767176388538,0.00450979666051753
"Bcell","cg09900986","LM32","CpG ~ as.numeric(LM) +Age + Gender",47,10.1303493460977,0.0851063829787234,0.708584159425825,"116769,117587","10-129-09,10-418-09",6.72850393048023,0.00102335330527466,-0.0140809079111291,-0.298944482689137,7.11827507981038e-11,4.45954532754282e-06,0.305182454231644,0.496555155264021,0.783619358241333,0.000194956213475779,0.013568558966074,0.435941646431188,8.58644424709074,5.24914434390061,-1.03776001168113,-0.685744262188366,0.0059576302857669
"Bcell","cg18086592","LM32","CpG ~ as.numeric(LM) +Age + Gender",47,27.9294154677209,0.0851063829787234,0.708584159425825,"116769,117587","10-129-09,10-418-09",-5.33693878543261,-0.0012895656737787,-0.00398796976536987,0.446074799659503,1.2353333821735e-06,2.11959147771048e-06,0.808998253127594,0.401833637839422,0.946977332944651,0.000235597950888578,0.0163971418603442,0.526820647442157,-5.63576191294596,-5.47358611955238,-0.243211274216918,0.84672991050238,0.00320749993981544
"Bcell","cg24597158","LM32","CpG ~ as.numeric(LM) +Age + Gender",47,-74.7126114060114,0.0851063829787234,0.708584159425825,"116769,117587","10-129-09,10-418-09",-5.25402166026985,-0.000353657079390772,0.00989749926647151,-0.662739146182488,3.00825311434008e-20,5.56052385919558e-05,0.0790740566462718,0.000525433672136837,0.317773447981424,7.90586749932245e-05,0.00550232421065421,0.176783126460837,-16.5338598729526,-4.47334943851616,1.79878518377868,-3.7488823704524,0.0457135879455587
"Bcell","cg20564913","LM32","CpG ~ as.numeric(LM) +Age + Gender",47,5.93441303587509,0.0851063829787234,0.708584159425825,"116769,117587","10-129-09,10-418-09",-6.21087112425174,-0.00115644985304889,0.0223284985422633,-1.17466956705715,1.86215106300805e-10,1.8544917133348e-07,0.0924900210006342,0.00728175508864433,0.74940965482422,0.000186445200862081,0.0129762096664488,0.416910168616437,-8.28768495878073,-6.20262601398014,1.72072578327674,-2.81756036547495,0.000384382745291647
"Bcell","cg03742214","LM32","CpG ~ as.numeric(LM) +Age + Gender",47,18.3287206999954,0.0851063829787234,0.708584159425825,"116769,117587","10-129-09,10-418-09",-6.04127755134222,-0.00149823074967355,0.031443156183968,-1.88576083478013,1.03432067585146e-08,1.11461939219288e-08,0.039478623239949,0.000273349076084447,0.855033035784382,0.000212723181606095,0.0148051040878047,0.475670369105539,-7.06554869637303,-7.04310051383051,2.12380514162467,-3.96442779970961,3.52960227390263e-05
"Bcell","cg16880210","LM32","CpG ~ as.numeric(LM) +Age + Gender",47,89.4530385334212,0.0851063829787234,0.708584159425825,"116769,117587","10-129-09,10-418-09",5.20586821450159,-0.00271163894377567,-0.00507830558042654,-1.47765011238658,0.00656477697395798,3.88979425811914e-07,0.872883376033573,0.15219579396178,1.82216709926219,0.000453335913994731,0.0315512646189181,1.01370457093846,2.85696532255987,-5.98152244299616,-0.16095410569951,-1.45767332490039,0.000737008261380111
"Bcell","cg08965723","LM32","CpG ~ as.numeric(LM) +Age + Gender",47,-44.7106843878404,0.0851063829787234,0.708584159425825,"116769,117587","10-129-09,10-418-09",-4.42404923927062,-0.000683546242626923,-0.00919943145718296,-0.109118426724781,6.04161227234078e-13,1.41395256558141e-07,0.230969295439556,0.655984251031403,0.437251322078263,0.000108783507187686,0.00757111253597382,0.243250832494502,-10.1178636081488,-6.28354665425144,-1.21506996672844,-0.448583980600548,0.000306055849713562
"Bcell","cg07032245","LM32","CpG ~ as.numeric(LM) +Age + Gender",47,-69.3752347725466,0.0851063829787234,0.708584159425825,"116769,117587","10-129-09,10-418-09",-4.72127886498361,-0.00043003935900756,0.005866260635396,-0.284931149137698,1.16613202898718e-17,6.40778217251941e-06,0.319429025691952,0.135132638422229,0.336338907078614,8.36775649797488e-05,0.00582378963113311,0.187111427721469,-14.0372664762215,-5.13924322620568,1.00729267486515,-1.52278860039399,0.0080865146994325
"Bcell","cg07802949","LM32","CpG ~ as.numeric(LM) +Age + Gender",47,20.7818241889259,0.0851063829787234,0.708584159425825,"116769,117587","10-129-09,10-418-09",5.32893626664038,0.00121817230545876,-0.0171697146431571,0.691423469910294,2.87397658403009e-07,1.49232055647275e-06,0.264805913165019,0.163939771628699,0.87764040844304,0.000218347656963697,0.0151965562204772,0.488247260110908,6.07189028145829,5.57904912925763,-1.12984247181089,1.41613384528412,0.00235193502079396
"Bcell","cg13897675","LM32","CpG ~ as.numeric(LM) +Age + Gender",47,21.8029066314388,0.0851063829787234,0.708584159425825,"116769,117587","10-129-09,10-418-09",3.11815105606303,0.00119337703191533,0.0225560172167258,0.561845253538987,0.00105131543805443,2.64903586055631e-06,0.149314294050427,0.261294944452071,0.887225813726625,0.000220732404480543,0.0153625298343704,0.493579794736411,3.51449541686104,5.4064424057888,1.4682488795733,1.13830683413415,0.00381458375461308
"Bcell","cg24115232","LM32","CpG ~ as.numeric(LM) +Age + Gender",47,15.0273240118236,0.0851063829787234,0.708584159425825,"116769,117587","10-129-09,10-418-09",0.482916367452446,0.00171354641805168,-0.000590320711515173,0.8832482376423,0.561617573008134,1.5562197301039e-10,0.967249454879885,0.0610899507183657,0.82552443665659,0.00020538175404892,0.0142941555474697,0.459254200780502,0.584981311284107,8.34322613509051,-0.0412980472721714,1.92322299097367,1.6127977489279e-06
"Bcell","cg19484141","LM32","CpG ~ as.numeric(LM) +Age + Gender",47,47.2568749143801,0.0851063829787234,0.708584159425825,"116769,117587","10-129-09,10-418-09",4.61834026898882,0.00151772369017939,0.0049981114796516,1.34797300563589,0.0002682695420774,4.52465470097724e-06,0.805187466626897,0.0432174537716052,1.16314919391197,0.000289379224961215,0.0201402099858226,0.647080970252053,3.97054848437471,5.24475691156754,0.248165807763174,2.08315970891683,0.00602109181360881
"Bcell","cg25808494","LM32","CpG ~ as.numeric(LM) +Age + Gender",47,-6.95950409269859,0.0851063829787234,0.708584159425825,"116769,117587","10-129-09,10-418-09",3.95701069828579,0.0013022357229265,-0.00666968234728469,0.957910607824554,3.02630312067081e-07,4.56709750405002e-10,0.558569822574025,0.0116388653666831,0.653352263921837,0.00016254713733195,0.0113129526796493,0.363471701710963,6.0564735393022,8.01143437098558,-0.589561588044353,2.63544755565675,3.23291242279951e-06
"Bcell","cg24491576","LM32","CpG ~ as.numeric(LM) +Age + Gender",47,62.5584951532204,0.0851063829787234,0.708584159425825,"116769,117587","10-129-09,10-418-09",-5.60871069450381,-0.00172249927430922,0.0191456765661064,-1.41166797531253,0.00018131266328953,8.3640389902368e-06,0.423644640461789,0.0706263927115926,1.3687724865978,0.000340536126743757,0.0237006270968388,0.761472933410339,-4.0976208606039,-5.05819834970212,0.807813079707922,-1.85386494171267,0.0100802095359804
"Bcell","cg22343327","LM32","CpG ~ as.numeric(LM) +Age + Gender",47,-10.8860608789758,0.0851063829787234,0.708584159425825,"116769,117587","10-129-09,10-418-09",5.00713481976575,0.000724232670199224,-0.0201327148628803,-0.226707016582466,4.88712267029215e-10,3.20202907331778e-05,0.0703836220628186,0.518937058610159,0.626622670362029,0.000155897096986008,0.0108501232937477,0.348601544532801,7.99066975485086,4.64558150344664,-1.8555286716863,-0.65033279438363,0.0302940106446403
"Bcell","cg12676603","LM32","CpG ~ as.numeric(LM) +Age + Gender",47,14.8949536689909,0.0851063829787234,0.708584159425825,"116769,117587","10-129-09,10-418-09",-6.08975622495857,-0.00114567823401708,0.0303598231879571,-0.605882770197691,3.55394306126193e-09,1.45745140704879e-06,0.0392036876177018,0.193443906094883,0.82436275528881,0.000205092740003585,0.0142740407532488,0.45860793638852,-7.38722872411317,-5.58614719368929,2.12692563463833,-1.32113450754678,0.00230761452584337
"Bcell","cg05545172","LM32","CpG ~ as.numeric(LM) +Age + Gender",47,-13.4555706977258,0.0851063829787234,0.708584159425825,"116769,117587","10-129-09,10-418-09",-5.18862272864186,-0.00117041543090768,0.0110521704831355,-0.404467791481904,9.10292838919744e-11,1.20267899515186e-09,0.301017788295169,0.239638788458213,0.609725799434698,0.000151693334099171,0.0105575498815312,0.33920150910217,-8.50976411602142,-7.71566817921288,1.04684994218873,-1.19241153305151,5.83422992403473e-06
"Bcell","cg13819047","LM32","CpG ~ as.numeric(LM) +Age + Gender",47,-2.05099155207778,0.0851063829787234,0.708584159425825,"116769,117587","10-129-09,10-418-09",3.11581695593995,0.00180330994658095,-0.000793936866935763,0.087386951228678,4.69510221318513e-05,1.76099347591006e-13,0.947201846438088,0.820579688059882,0.688375626051078,0.000171260579632855,0.0119193906769281,0.382955832608958,4.52633248189522,10.5296265518127,-0.0666088467485635,0.228190678369717,4.40201052690541e-08
"Bcell","cg20147862","LM32","CpG ~ as.numeric(LM) +Age + Gender",47,-60.9455919061239,0.0851063829787234,0.708584159425825,"116769,117587","10-129-09,10-418-09",-2.98444140030849,-0.000414731932312163,-0.000257939957412093,-0.0333949260670216,3.28946282819493e-10,4.62272743385373e-05,0.96788849982409,0.871150930256839,0.367894552653547,9.15282760556971e-05,0.00637018327645721,0.204666405072984,-8.11221959874735,-4.53118916016498,-0.04049176392858,-0.163167599758802,0.0399232632717018
"Bcell","cg24885417","LM32","CpG ~ as.numeric(LM) +Age + Gender",47,42.7976096717258,0.0851063829787234,0.708584159425825,"116769,117587","10-129-09,10-418-09",-6.5119697669472,-0.00130185210574278,0.0109863882960105,-0.308492627044049,5.63903416840899e-07,2.54020926200951e-05,0.570302686943078,0.619689708691667,1.10925892479751,0.000275971895625548,0.0192070869248786,0.617100837171751,-5.87055882208558,-4.71733580983622,0.571996593704169,-0.499906349921528,0.02528558817912
"Bcell","cg12313892","LM32","CpG ~ as.numeric(LM) +Age + Gender",47,18.07222618556,0.0851063829787234,0.708584159425825,"116769,117587","10-129-09,10-418-09",5.14199819086087,0.00157820206846072,-0.00978195350142088,-0.126701186301426,3.30434096122965e-07,2.99129738528675e-09,0.511173506538126,0.790675765571354,0.852703117254714,0.000212143522503147,0.0147647609842003,0.474374193214538,6.03023266458269,7.43931301714529,-0.662520274584093,-0.26709122906297,1.24001966972679e-05
"Bcell","cg13891985","LM32","CpG ~ as.numeric(LM) +Age + Gender",47,-3.24084346062985,0.0851063829787234,0.708584159425825,"116769,117587","10-129-09,10-418-09",-6.45253948256805,-0.00114363138644104,0.0229505261698081,-1.20070086725967,4.0876810910939e-12,2.84077292981117e-08,0.0577146162995123,0.00276719234882314,0.679717083566611,0.000169106425783492,0.0117694659168706,0.378138928551298,-9.49297823840221,-6.76279083507587,1.95000574638737,-3.17529028777788,7.77229792050477e-05
"Bcell","cg26228266","LM32","CpG ~ as.numeric(LM) +Age + Gender",47,20.2263458244599,0.0851063829787234,0.708584159425825,"116769,117587","10-129-09,10-418-09",-6.83494537482791,-0.00127379450736203,0.0343558523446615,-1.74101102530721,8.15611578109093e-10,5.68053685516591e-07,0.0280047512996441,0.000850099270495618,0.872469422710723,0.000217061170370803,0.0151070193502049,0.485370547061249,-7.83402282866492,-5.86836653090011,2.27416484670058,-3.58697295468057,0.00101183823079406
"Bcell","cg05974510","LM32","CpG ~ as.numeric(LM) +Age + Gender",47,58.9104327063147,0.0851063829787234,0.708584159425825,"116769,117587","10-129-09,10-418-09",2.11938318438702,0.0017341661673705,-0.0097262475918683,1.76656409020655,0.114791155023716,3.84519617955144e-06,0.671785295811441,0.0202186893191117,1.31666913910608,0.000327573364620072,0.022798445016552,0.732486897203817,1.60965509211063,5.2939779440915,-0.426618902508786,2.41173473129718,0.00526018992166457
"Bcell","cg13483474","LM32","CpG ~ as.numeric(LM) +Age + Gender",47,-39.4794418538553,0.0851063829787234,0.708584159425825,"116769,117587","10-129-09,10-418-09",-5.79784263225084,-0.00079297051050293,0.0197841332323345,-0.444118151559845,5.83346738009718e-16,1.82740959747609e-08,0.0174853111908763,0.0913583326526008,0.462274862122358,0.000115009099451901,0.00800440119207623,0.257171881191974,-12.5419812049313,-6.89485018387231,2.47165687446043,-1.72693122397903,5.31888947925812e-05
"Bcell","cg10611463","LM32","CpG ~ as.numeric(LM) +Age + Gender",47,-27.5024162614113,0.0851063829787234,0.708584159425825,"116769,117587","10-129-09,10-418-09",3.01722634971553,0.000770438851772497,-0.00148954137127829,0.446440554828439,8.54865346581728e-07,5.15248545713458e-07,0.870634207944817,0.133765160854936,0.525092700670991,0.000130637513698404,0.00909210727986529,0.29211858289623,5.74608320751737,5.89753149735509,-0.163827958187088,1.52828536412225,0.000932347695834066
"Bcell","cg00630164","LM32","CpG ~ as.numeric(LM) +Age + Gender",47,44.8202489348739,0.0851063829787234,0.708584159425825,"116769,117587","10-129-09,10-418-09",-7.75669813645823,-0.0014482587059278,0.0558637489804791,-1.52557879659748,2.16684850061899e-08,6.47369536256393e-06,0.00674704915386845,0.0198418007893523,1.13338598135141,0.00028197445227323,0.0196248527522365,0.630523155861337,-6.84382749044542,-5.13613447690803,2.84658181570879,-2.41954444085949,0.00813966040352374
"Bcell","cg10797090","LM32","CpG ~ as.numeric(LM) +Age + Gender",47,-78.6363065300358,0.0851063829787234,0.708584159425825,"116769,117587","10-129-09,10-418-09",3.23036181942178,0.000464514512089428,0.00636158373475809,-0.0645022958644389,1.43413102726421e-13,2.39734834349881e-07,0.234623645900322,0.705507065758814,0.304782151388729,7.58265777189347e-05,0.00527737676389978,0.169555832792894,10.5989205886984,6.12601182940416,1.20544429919707,-0.380419209424815,0.000482286553003373
"Bcell","cg25457391","LM32","CpG ~ as.numeric(LM) +Age + Gender",47,-60.3158840345092,0.0851063829787234,0.708584159425825,"116769,117587","10-129-09,10-418-09",4.18512908022715,0.000498669677340672,-0.000163008571290588,-0.0289632240133913,1.86073651750788e-14,2.60164679700364e-06,0.979838788032381,0.888866506681549,0.370367359028774,9.21434841442964e-05,0.00641300051771227,0.20604207206128,11.2999403921608,5.41188215283629,-0.0254184559693032,-0.140569465855387,0.00376218477995033
"Bcell","cg07380814","LM32","CpG ~ as.numeric(LM) +Age + Gender",47,21.7023876362366,0.0851063829787234,0.708584159425825,"116769,117587","10-129-09,10-418-09",5.13596842928648,0.00127006292804747,-0.0196352291746201,-0.0486512397563309,7.26002037398241e-07,8.15997850766752e-07,0.207584798327764,0.921855995801258,0.886277564999873,0.000220496490220313,0.0153461106780184,0.493052266789559,5.7949886492808,5.76001426044678,-1.27949221705701,-0.0986735951405652,0.00137811962946964
"Bcell","cg11102098","LM32","CpG ~ as.numeric(LM) +Age + Gender",47,15.4215973148443,0.0851063829787234,0.708584159425825,"116769,117587","10-129-09,10-418-09",3.60542150316824,0.00137068606019986,-0.0103777960532272,-0.221205978293041,8.24799571170657e-05,4.19981877310248e-08,0.473607812457217,0.633908844317757,0.828994285620268,0.000206245015794788,0.014354236822609,0.461184540624949,4.34915121335317,6.64591119895803,-0.722977904118272,-0.479647427021916,0.000108402077045594
"Bcell","cg03446203","LM32","CpG ~ as.numeric(LM) +Age + Gender",47,72.2024801387981,0.0851063829787234,0.708584159425825,"116769,117587","10-129-09,10-418-09",-5.90657295757584,-0.00174279472208199,0.0355596560212023,-1.40778743140036,0.000338456385405053,3.4905769554882e-05,0.182788027043834,0.102483484864553,1.51665905858606,0.000377328742693739,0.0262613189062099,0.843744912783481,-3.89446324415349,-4.61877011976409,1.35406969269901,-1.66849886745525,0.0323117413134233
"Bcell","cg00257704","LM32","CpG ~ as.numeric(LM) +Age + Gender",47,-47.5882847127707,0.0851063829787234,0.708584159425825,"116769,117587","10-129-09,10-418-09",-5.12310471070481,-0.000472522483270517,0.0154633174415156,-0.637586274145315,2.06173294951574e-15,5.46604173002442e-05,0.0410890780645956,0.00981012575200987,0.424068656614494,0.000105503799361042,0.00734285149087075,0.235917076856402,-12.0808379275294,-4.47872480547842,2.1059008834294,-2.70258636060246,0.0451539276947833
"Bcell","cg22491629","LM32","CpG ~ as.numeric(LM) +Age + Gender",47,-93.1562118694544,0.0851063829787234,0.708584159425825,"116769,117587","10-129-09,10-418-09",-1.13800615456456,-0.000400022399565642,0.00477887626671385,-0.0957506401530452,8.03262102398744e-05,2.16316156616499e-07,0.296505170841021,0.513382725738936,0.261159200659566,6.49736486719994e-05,0.00452203480735191,0.145287594951325,-4.35751890682192,-6.15668671441001,1.056797762579,-0.659042089485506,0.00044035467126459
"Bcell","cg26848478","LM32","CpG ~ as.numeric(LM) +Age + Gender",47,-28.0732721354599,0.0851063829787234,0.708584159425825,"116769,117587","10-129-09,10-418-09",-4.80783856130124,-0.000635793110909924,0.0023964635747266,-0.761867071401729,9.81096904893624e-12,1.41971324162815e-05,0.792136571739025,0.0119814384981942,0.521913510199071,0.000129846564713026,0.00903705882690282,0.290349941636833,-9.21194502029159,-4.896495431474,0.26518180534495,-2.62396151039928,0.0158932366400564
"Bcell","cg22994041","LM32","CpG ~ as.numeric(LM) +Age + Gender",47,-30.4325664814989,0.0851063829787234,0.708584159425825,"116769,117587","10-129-09,10-418-09",-4.60033878764471,-0.000576736550439355,0.0164540187539829,-0.0841427718150941,1.69260284659813e-11,4.28934903366874e-05,0.068728416521157,0.767772587936137,0.508977091600624,0.000126628120503645,0.00881306160590922,0.283153177591357,-9.0384004772742,-4.55456930218558,1.86700371445837,-0.297163438287554,0.0378079032510857
"Bcell","cg22470309","LM32","CpG ~ as.numeric(LM) +Age + Gender",47,-49.3128856750489,0.0851063829787234,0.708584159425825,"116769,117587","10-129-09,10-418-09",-3.48159269786475,-0.00088564757254097,0.00709991724489785,-0.194270069797212,1.46476300868069e-10,8.00295257118927e-11,0.330222085644895,0.406267674405285,0.416359283322662,0.00010358578877409,0.00720936182525494,0.231628212817442,-8.36199128329908,-8.54989456587017,0.984819102854056,-0.838715057350661,1.03282632904351e-06
"Bcell","cg18286534","LM32","CpG ~ as.numeric(LM) +Age + Gender",47,54.7312610449554,0.0851063829787234,0.708584159425825,"116769,117587","10-129-09,10-418-09",-4.48411267952127,-0.00139836698472815,-0.00940661110767984,0.0378472677910783,0.000918950321021153,5.74807103604538e-05,0.668364143786285,0.957170566130559,1.25941319603659,0.000313328691179557,0.0218070444959725,0.700634378723794,-3.56047776347978,-4.46293947567921,-0.431356532950493,0.0540185707986769,0.0470293283289457
"Bcell","cg20445883","LM32","CpG ~ as.numeric(LM) +Age + Gender",47,27.2791910958256,0.0851063829787234,0.708584159425825,"116769,117587","10-129-09,10-418-09",-4.48560955126256,-0.00105228641739361,-0.00655218299744088,-0.163613156655188,2.14449865339992e-05,5.14899570866671e-05,0.689407481698386,0.756002932921511,0.940449428757882,0.000233973877326841,0.0162841096184125,0.523189056071939,-4.76964461256255,-4.49745257639876,-0.402366672233175,-0.312722819325737,0.043372996548639
"Bcell","cg07953150","LM32","CpG ~ as.numeric(LM) +Age + Gender",47,23.8436167536193,0.0851063829787234,0.708584159425825,"116769,117587","10-129-09,10-418-09",4.37433343060341,0.00102455700852747,-0.000624898022037915,-0.428694082471881,1.79491113115158e-05,4.46635082390833e-05,0.968434257559085,0.400094756728875,0.906697804733313,0.00022557683002411,0.0156996920744076,0.504412416122641,4.82446677136274,4.54194257636285,-0.0398032024498477,-0.849888045514823,0.0391661747666561
"Bcell","cg01289861","LM32","CpG ~ as.numeric(LM) +Age + Gender",47,-8.79397725982059,0.0851063829787234,0.708584159425825,"116769,117587","10-129-09,10-418-09",5.94427803081738,0.00118840181637296,-0.0178704451643423,0.85869152250814,7.99384114167606e-12,2.83817279336575e-09,0.114546087213025,0.0203507405829569,0.640725268355414,0.000159405674302336,0.0110943131933918,0.35644707530426,9.27742095465486,7.45520397297139,-1.61077525510877,2.40902950816799,1.19097914098049e-05
"Bcell","cg09738592","LM32","CpG ~ as.numeric(LM) +Age + Gender",47,48.8781755495375,0.0851063829787234,0.708584159425825,"116769,117587","10-129-09,10-418-09",-9.82362813969984,-0.00134564913968135,0.0819797697169587,-2.66143886381689,1.78198133069554e-10,4.07443619276071e-05,0.00024444272344841,0.000214908011609288,1.18338506182198,0.000294413695004151,0.0204905989394376,0.658338550199352,-8.30129469825745,-4.57060647149033,4.00084789904188,-4.04265990957233,0.036429986714606
"Bcell","cg14636575","LM32","CpG ~ as.numeric(LM) +Age + Gender",47,24.2884926892086,0.0851063829787234,0.708584159425825,"116769,117587","10-129-09,10-418-09",6.6358380448433,0.00102768293193507,-0.0213751020358938,0.170386437741184,5.00154205670323e-09,4.57709715608249e-05,0.182471638643478,0.73835742966823,0.910999124481271,0.000226646952912463,0.0157741704675436,0.506805318228786,7.28413218686877,4.53428964620577,-1.35506980096826,0.336197020064155,0.0396794875700208
"Bcell","cg19861110","LM32","CpG ~ as.numeric(LM) +Age + Gender",47,-33.312631467435,0.0851063829787234,0.708584159425825,"116769,117587","10-129-09,10-418-09",-6.62902727304051,-0.000622551700748296,0.0196750401605242,-0.640694789975505,5.53633677690644e-17,8.06354706281885e-06,0.0262447384491254,0.0243884620604389,0.493619027193505,0.000122807196413856,0.00854713300126062,0.274609208107677,-13.4294403332265,-5.06934217967422,2.30194617980348,-2.33311473562927,0.00979649355813993
"Bcell","cg09227800","LM32","CpG ~ as.numeric(LM) +Age + Gender",47,19.2944221400988,0.0851063829787234,0.708584159425825,"116769,117587","10-129-09,10-418-09",4.56707065447267,0.0013645266745409,-0.0156965080797533,0.927191074372514,3.93754604052578e-06,1.13541711412547e-07,0.29986878939954,0.0603086286289774,0.863862425266679,0.000214919840382666,0.0149579871050056,0.480582318443459,5.28680322339843,6.34900282873538,-1.0493730185461,1.92930750630935,0.000248916547748798
"Bcell","cg06424564","LM32","CpG ~ as.numeric(LM) +Age + Gender",47,-1.17838193950043,0.0851063829787234,0.708584159425825,"116769,117587","10-129-09,10-418-09",4.52155953929731,0.00115519700469435,-0.00461419673327659,0.186137951902615,6.67011571091338e-08,3.71047936688746e-08,0.703209386431529,0.632557036934775,0.694795625318408,0.000172857807591191,0.0120305545190471,0.386527394517494,6.50775476202112,6.68293217872109,-0.383539821541165,0.481564708071915,9.7990321797459e-05
"Bcell","cg08000278","LM32","CpG ~ as.numeric(LM) +Age + Gender",47,3.43456718858234,0.0851063829787234,0.708584159425825,"116769,117587","10-129-09,10-418-09",-4.91591566823765,-0.00117243004737359,0.000711458577994653,-0.969644955795945,3.10171993777458e-08,7.8849251004733e-08,0.955359196409737,0.0213799950059666,0.729742450913675,0.000181552208411433,0.0126356672677044,0.405968946754968,-6.73650773924784,-6.45781209511169,0.0563055803006996,-2.38847075261941,0.000181590887006675
"Bcell","cg15854606","LM32","CpG ~ as.numeric(LM) +Age + Gender",47,-9.14220110859072,0.0851063829787234,0.708584159425825,"116769,117587","10-129-09,10-418-09",-5.95898480954142,-0.00123654280231874,0.0211435064803339,-0.503060635082259,6.68126376975771e-12,9.54692239104128e-10,0.0624393521413631,0.163816601209738,0.638356086849954,0.00015881624698602,0.0110532902418528,0.355129056708468,-9.33489150067756,-7.78599687239546,1.91286992539787,-1.41655723624786,4.94700544004567e-06
"Bcell","cg24325362","LM32","CpG ~ as.numeric(LM) +Age + Gender",47,18.5518208050388,0.0851063829787234,0.708584159425825,"116769,117587","10-129-09,10-418-09",-4.40524417775626,-0.00128460530882276,0.0114842623317933,-0.38541262717285,6.39352745656282e-06,3.36790818293958e-07,0.443249159153754,0.423349897960281,0.857064785915027,0.000213228659563006,0.0148402843333691,0.476800668514015,-5.13991970053126,-6.02454337730891,0.773857297731847,-0.808330718943867,0.000652587070138742
"Bcell","cg24163616","LM32","CpG ~ as.numeric(LM) +Age + Gender",47,-16.3557469810173,0.0851063829787234,0.708584159425825,"116769,117587","10-129-09,10-418-09",-4.88693466382192,-0.00133071556729172,0.0130201664171881,-0.645532712364767,1.99676674948095e-10,1.64588900972814e-11,0.210244961781964,0.0561685067424787,0.591201204965236,0.000147084610800086,0.010236792041978,0.32889594157432,-8.26611079743872,-9.04727938601538,1.27189908359926,-1.96272629353469,4.22538665415165e-07
"Bcell","cg09015968","LM32","CpG ~ as.numeric(LM) +Age + Gender",47,-67.7098188809443,0.0851063829787234,0.708584159425825,"116769,117587","10-129-09,10-418-09",4.83136318758695,-0.000492599699437457,-0.00608978743945356,0.0748559297821003,9.65041366972844e-18,7.54420730309326e-07,0.310018439655932,0.696235360419746,0.342350988846662,8.517330737595e-05,0.00592789028296195,0.190456057734597,14.112309720101,-5.78349854682936,-1.02731109193383,0.393035173952897,0.00129328322663641
"Bcell","cg11361477","LM32","CpG ~ as.numeric(LM) +Age + Gender",47,0.185120821718458,0.0851063829787234,0.708584159425825,"116769,117587","10-129-09,10-418-09",-5.46791288821857,-0.00156718369558569,0.0211507699421385,-0.676995474633071,1.05178175730715e-09,2.34074403347572e-11,0.0903040405103457,0.0914804122522077,0.704947327004973,0.000175383443667346,0.0122063336923045,0.392174970092008,-7.75648431982777,-8.93575620831237,1.73277009094655,-1.72625875250081,5.0907965127767e-07
"Bcell","cg20669266","LM32","CpG ~ as.numeric(LM) +Age + Gender",47,21.6222826746058,0.0851063829787234,0.708584159425825,"116769,117587","10-129-09,10-418-09",-8.17477554391052,-0.00108522815311707,0.0351921227468885,-0.831458224666863,9.2258897404472e-12,1.28963914407199e-05,0.026663871068273,0.098693776905012,0.885522618313104,0.00022030866746443,0.0153330385933029,0.492632276269753,-9.23158299387456,-4.92594397491097,2.29518255841732,-1.6877867421979,0.014677316578195
"Bcell","cg18158385","LM32","CpG ~ as.numeric(LM) +Age + Gender",47,39.5106877253341,0.0851063829787234,0.708584159425825,"116769,117587","10-129-09,10-418-09",-6.26434792627266,-0.00126487967733209,0.0258835696888777,-1.41413595789604,6.07502242480665e-07,2.31172883988515e-05,0.170012214538649,0.022178452079926,1.0711415000397,0.000266488683246889,0.0185470744838613,0.595895423175942,-5.84829168325612,-4.74646676144307,1.39556077759866,-2.37312773835234,0.0237063113618777
"Bcell","cg25000938","LM32","CpG ~ as.numeric(LM) +Age + Gender",47,39.7854285637827,0.0851063829787234,0.708584159425825,"116769,117587","10-129-09,10-418-09",-5.09912047145226,-0.00130152924385384,0.00919782518682144,-1.88925237215407,2.31102231807487e-05,1.54906242498417e-05,0.62349084136649,0.00287788153910033,1.07427678514015,0.000267268709039926,0.0186013627046838,0.597639639081722,-4.74656116746209,-4.86974045158204,0.494470503739248,-3.16118986862539,0.0171448374332856
"Bcell","cg14402990","LM32","CpG ~ as.numeric(LM) +Age + Gender",47,38.5417220426272,0.0851063829787234,0.708584159425825,"116769,117587","10-129-09,10-418-09",2.25636093511905,0.00146928770717579,-8.40480902774349e-05,-0.0125948053788324,0.0390807056466794,1.53472141029987e-06,0.996368023975592,0.983061313600011,1.06015673110773,0.000263755788845594,0.0183568705494962,0.58978439719948,2.12832769807672,5.57063681372288,-0.00457856310806428,-0.0213549314607802,0.00240766461247261
"Bcell","cg22871947","LM32","CpG ~ as.numeric(LM) +Age + Gender",47,16.3379626976558,0.0851063829787234,0.708584159425825,"116769,117587","10-129-09,10-418-09",6.57636632618725,0.00112809815772361,-0.0211832414156162,0.0940786248027036,7.58997228159068e-10,2.56091980674747e-06,0.15116674463048,0.840858137105742,0.837115312580834,0.000208265441463342,0.0144948543711939,0.465702415058075,7.85598617938579,5.41663633580886,-1.46143182077872,0.202014466235851,0.00371113632037338
"Bcell","cg12090014","LM32","CpG ~ as.numeric(LM) +Age + Gender",47,33.7302173003988,0.0851063829787234,0.708584159425825,"116769,117587","10-129-09,10-418-09",3.47128994010755,0.00203180097561974,-0.0204843130446715,0.892798177038418,0.00128177865573077,3.33585259493503e-10,0.24665873297237,0.118424460028307,1.00725673951024,0.000250594830088918,0.0174408943835854,0.560355173443495,3.44628117533908,8.1079125810329,-1.17449900183734,1.59327194492021,2.65314708799138e-06
"Bcell","cg17178900","LM32","CpG ~ as.numeric(LM) +Age + Gender",47,60.0334605156612,0.0851063829787234,0.708584159425825,"116769,117587","10-129-09,10-418-09",-0.200125779777027,0.00153101789578686,-0.00809403264596913,0.865911182126525,0.881317880898669,3.49574025715586e-05,0.727444300240266,0.249197068602732,1.33249386430752,0.000331510388982883,0.0230724539658708,0.741290478542234,-0.150188894026187,4.61831045622497,-0.350809352916771,1.16811318530539,0.0323117413134233
"Bcell","cg21114093","LM32","CpG ~ as.numeric(LM) +Age + Gender",47,28.8979162345763,0.0851063829787234,0.708584159425825,"116769,117587","10-129-09,10-418-09",3.95827295088144,0.0014217919464123,-0.0190715911391059,1.22248331841496,0.000160414454230498,4.00286271775872e-07,0.256018320127064,0.0265689052421121,0.956784666164907,0.00023803791173029,0.0165669582102077,0.532276644599671,4.13705726153351,5.97296428992062,-1.15118242571258,2.29670666713998,0.000752180792481697
"Bcell","cg25532501","LM32","CpG ~ as.numeric(LM) +Age + Gender",47,-8.96236770257556,0.0851063829787234,0.708584159425825,"116769,117587","10-129-09,10-418-09",-5.36587145311257,-0.000838125248503528,0.0057315253957697,-0.765441281456365,1.33954314059301e-10,4.20067007642944e-06,0.607428472584563,0.0371160141345817,0.639578508450184,0.000159120372559164,0.0110744567679087,0.355809111992239,-8.38969943833019,-5.26724036038752,0.517544608813535,-2.15126947472065,0.00565597899395149
"Bcell","cg24515131","LM32","CpG ~ as.numeric(LM) +Age + Gender",47,15.0541547095704,0.0851063829787234,0.708584159425825,"116769,117587","10-129-09,10-418-09",4.35635807285679,0.00103259761689895,0.00787434501081846,0.578581490237632,4.08652293459264e-06,9.28782338957615e-06,0.584674727661884,0.214654732127889,0.825760102167518,0.000205440385137055,0.0142982361528652,0.459385305773966,5.27557345217079,5.02626402403829,0.550721426519489,1.25946886625563,0.0110100949035583
"Bcell","cg15579148","LM32","CpG ~ as.numeric(LM) +Age + Gender",47,5.35350648842552,0.0851063829787234,0.708584159425825,"116769,117587","10-129-09,10-418-09",-4.2540244010609,-0.00136457984184464,0.00241025173863474,-0.559745986087546,9.58900003554207e-07,3.83427625330967e-09,0.852621739093327,0.183784480150835,0.744792691188083,0.000185296549110704,0.0128962658229458,0.414341668096533,-5.71168924103557,-7.36430251072504,0.186895320841345,-1.35092854324547,1.4570143254903e-05
"Bcell","cg13517305","LM32","CpG ~ as.numeric(LM) +Age + Gender",47,28.0811442816557,0.0851063829787234,0.708584159425825,"116769,117587","10-129-09,10-418-09",-7.43401043274789,-0.00125792447087891,0.0397954637942225,-0.354463697611099,8.06133564613174e-10,3.40541379649459e-06,0.0196741618717704,0.505335837335405,0.948507117758979,0.000235978545180561,0.0164236304548899,0.527671694450669,-7.83759056053484,-5.33067304875701,2.42306132639353,-0.671750448884913,0.00474396335994566
"Bcell","cg10122302","LM32","CpG ~ as.numeric(LM) +Age + Gender",47,50.156443353198,0.0851063829787234,0.708584159425825,"116769,117587","10-129-09,10-418-09",-5.8433373274267,-0.00132673658105905,0.0220052210567736,-1.18608897861641,1.54210322787992e-05,6.07618492874848e-05,0.295326650539811,0.0825915460698715,1.1995873488965,0.00029844465277016,0.0207711454640275,0.667352176048352,-4.87112283469975,-4.4455029391356,1.05941297724207,-1.77730592809287,0.0490682421527664
"Bcell","cg26500773","LM32","CpG ~ as.numeric(LM) +Age + Gender",47,0.707016162586542,0.0851063829787234,0.708584159425825,"116769,117587","10-129-09,10-418-09",-5.52341185020325,-0.00149040931724846,0.0389504138896319,-0.999019202293582,9.36595803255965e-10,1.09971425157187e-10,0.00278231563044069,0.0150282715773609,0.708872134954991,0.000176359894400101,0.012274292692475,0.394358411863402,-7.79183096335696,-8.4509537858263,3.17333266083113,-2.53327727326284,1.28129284596343e-06
"Bcell","cg20389472","LM32","CpG ~ as.numeric(LM) +Age + Gender",47,32.4938613231344,0.0851063829787234,0.708584159425825,"116769,117587","10-129-09,10-418-09",-4.55978518292637,-0.00127682894720113,0.0101225386551051,-0.432138361470411,3.86730182784224e-05,5.93235236198147e-06,0.559557980242407,0.438850440460473,0.994095314488762,0.000247320406659806,0.0172130011218847,0.553033234248273,-4.58686920305157,-5.16265100985958,0.58807517546927,-0.78139673117079,0.00758448477352059
"Bcell","cg14114155","LM32","CpG ~ as.numeric(LM) +Age + Gender",47,36.2165798282313,0.0851063829787234,0.708584159425825,"116769,117587","10-129-09,10-418-09",-1.90985683161179,-0.0016129994615387,0.0132755148067521,-0.914634755978467,0.0716945697582594,1.48629212177572e-07,0.462539787036633,0.11924395948337,1.03425483502429,0.000257311670883013,0.017908372945851,0.575374703123463,-1.84660179187554,-6.26866032156022,0.741302118673361,-1.58963324423772,0.000319690685482385
"Bcell","cg18498537","LM32","CpG ~ as.numeric(LM) +Age + Gender",47,-11.1651304029191,0.0851063829787234,0.708584159425825,"116769,117587","10-129-09,10-418-09",-5.32667188736588,-0.00123002627089562,0.0177152203572729,-0.386240998583218,8.64394237187113e-11,6.28908350624581e-10,0.108808875781658,0.272628551699456,0.62476509625673,0.000155434952183163,0.0108179589482444,0.347568142402908,-8.52587943737662,-7.91344709551663,1.63757511394032,-1.111266976061,3.88142589008907e-06
"Bcell","cg22512438","LM32","CpG ~ as.numeric(LM) +Age + Gender",47,6.50761859241355,0.0851063829787234,0.708584159425825,"116769,117587","10-129-09,10-418-09",-5.75689761261032,-0.00139682560945008,0.0334247075406212,-1.38867942441466,1.56709755748829e-09,2.92261587859756e-09,0.0140575675597427,0.0018910709405327,0.753993465205972,0.000187585604434196,0.013055579453323,0.419460225380265,-7.63520889539498,-7.44633690662589,2.56018567847739,-3.31063433524774,1.21893576090326e-05
"Bcell","cg05701548","LM32","CpG ~ as.numeric(LM) +Age + Gender",47,-17.7172625077276,0.0851063829787234,0.708584159425825,"116769,117587","10-129-09,10-418-09",4.84478876722876,0.0013680316818469,-0.00220706701973309,0.509989248242281,1.70817892142512e-10,4.86757936119872e-12,0.827882102516863,0.122994944649792,0.582699840293872,0.000144969561129255,0.01008958885382,0.324166478381803,8.31438149148178,9.43668223308728,-0.218746972915302,1.57323252789148,1.90500785110228e-07
"Bcell","cg26474203","LM32","CpG ~ as.numeric(LM) +Age + Gender",47,21.969651082354,0.0851063829787234,0.708584159425825,"116769,117587","10-129-09,10-418-09",6.63910975101644,0.00117781433732499,-0.0337396937359188,0.238638068011793,2.70505056831099e-09,3.45301969747003e-06,0.0338153544330222,0.631808323202106,0.888801040029208,0.000221124304134487,0.0153898052592904,0.494456121668139,7.46973670372647,5.32648069571154,-2.19234052461782,0.482627391095298,0.00480050448774596
"Bcell","cg06330055","LM32","CpG ~ as.numeric(LM) +Age + Gender",47,-85.3641096486695,0.0851063829787234,0.708584159425825,"116769,117587","10-129-09,10-418-09",3.28420290784782,-0.000549618407072019,0.00815836157336381,-0.249354093698019,8.49471375459837e-15,9.54182794031289e-10,0.104067129102506,0.121493997036035,0.283730513077795,7.05891526229387e-05,0.00491286254822824,0.157844424991612,11.5750783101264,-7.78615958188192,1.66061262518041,-1.57974596639235,4.94700544004567e-06
"Bcell","cg26202753","LM32","CpG ~ as.numeric(LM) +Age + Gender",47,37.6950438058976,0.0851063829787234,0.708584159425825,"116769,117587","10-129-09,10-418-09",9.65592398348696,0.00135870764997461,-0.0829067688329129,0.502809215377842,1.04953989750347e-11,5.27988936109384e-06,4.25262718066835e-05,0.394425571612994,1.05065054758581,0.000261390750865678,0.0181922686795923,0.584495935075317,9.19042397652994,5.19799436466219,-4.55725287995092,0.860244161172909,0.00691842514088387
"Bcell","cg20059012","LM32","CpG ~ as.numeric(LM) +Age + Gender",47,63.381265559733,0.0851063829787234,0.708584159425825,"116769,117587","10-129-09,10-418-09",-0.0820979708003092,-0.00165995441008331,-0.0310097863019401,-0.470785502491736,0.952863927628091,1.75119033438192e-05,0.201550017877991,0.543191326239084,1.38080576945057,0.000343529880325758,0.0239089863036733,0.768167266677684,-0.0594565670398208,-4.8320524797122,-1.29699293429165,-0.612868476585678,0.0187743798239116
"Bcell","cg05822022","LM32","CpG ~ as.numeric(LM) +Age + Gender",47,50.3504738487393,0.0851063829787234,0.708584159425825,"116769,117587","10-129-09,10-418-09",5.01658986250114,0.00135157394215791,-0.0203127845794237,0.893857484755107,0.000143286259592632,4.80053532967098e-05,0.334564549653147,0.188367499658605,1.20206603949018,0.000299061324790113,0.0208140645919501,0.668731116533979,4.17330637227616,4.51938726315236,-0.975916284380118,1.33664706584607,0.0411987724318482
"Bcell","cg21410961","LM32","CpG ~ as.numeric(LM) +Age + Gender",47,-45.2028205966445,0.0851063829787234,0.708584159425825,"116769,117587","10-129-09,10-418-09",-5.50504543363274,-0.000629226972651506,0.0109529032586179,-0.325841343413551,4.28464505871872e-16,6.79994680303812e-07,0.15313397120915,0.185177321449124,0.434968078628166,0.00010821546035118,0.00753157762267603,0.241980622795915,-12.6562056024777,-5.81457557551892,1.4542641405754,-1.34655965278825,0.00117750116798584
"Bcell","cg07643370","LM32","CpG ~ as.numeric(LM) +Age + Gender",47,38.3760210916633,0.0851063829787234,0.708584159425825,"116769,117587","10-129-09,10-418-09",1.74087210772195,0.00124578147131747,0.012300250717576,0.508866609591793,0.107264454816986,2.42590551885558e-05,0.505654744491122,0.39220641040979,1.05828955837456,0.000263291256005594,0.0183245400014267,0.588745655178999,1.64498656718845,4.73157175903707,0.671244719737485,0.864323337447101,0.0246188018600834
"Bcell","cg13729210","LM32","CpG ~ as.numeric(LM) +Age + Gender",47,-29.4794325178504,0.0851063829787234,0.708584159425825,"116769,117587","10-129-09,10-418-09",-2.36703644927459,-0.00076622238723137,0.0145921200675764,-0.524096502904846,3.66431362110413e-05,3.78194104330204e-07,0.108503437508253,0.0738446339945329,0.514164231972568,0.000127918626200123,0.00890287819767895,0.286038877759727,-4.60365832954494,-5.98992038917497,1.63903400041806,-1.83225618492703,0.000720565115296206
"Bcell","cg02645710","LM32","CpG ~ as.numeric(LM) +Age + Gender",47,46.5198284469419,0.0851063829787234,0.708584159425825,"116769,117587","10-129-09,10-418-09",-2.12566377602642,-0.00148925693154674,-0.015429811807977,-0.124395175012345,0.0723943663709459,5.47672367766867e-06,0.444248618663094,0.847281072727864,1.15406469624189,0.000287119097964016,0.0199829097085677,0.642027099607276,-1.84189307839367,-5.18689610725017,-0.772150404170693,-0.193753776263395,0.00712172905653533
"Bcell","cg13285934","LM32","CpG ~ as.numeric(LM) +Age + Gender",47,16.0362437620775,0.0851063829787234,0.708584159425825,"116769,117587","10-129-09,10-418-09",-5.51694127414325,-0.00156851863224315,0.0171206783852614,-0.675993040651515,4.71081853031357e-08,2.0375408113886e-09,0.242543908512355,0.152594506222151,0.834432667663992,0.000207598027763582,0.0144484037247717,0.464210011087271,-6.61160748846041,-7.55555652016798,1.18495293399838,-1.45622245213585,8.9914046921661e-06
"Bcell","cg04116270","LM32","CpG ~ as.numeric(LM) +Age + Gender",47,-10.7058423623054,0.0851063829787234,0.708584159425825,"116769,117587","10-129-09,10-418-09",-4.20538713223561,-0.00139921952871581,0.0164818382990935,-0.575526285357641,3.52405360992291e-08,2.18112220068703e-11,0.136802436162616,0.106683910611775,0.62782519517223,0.000156196272448101,0.0108709453020657,0.349270530871793,-6.69834081934534,-8.95808527812799,1.51613662300018,-1.64779514584613,4.97292226552975e-07
"Bcell","cg27200446","LM32","CpG ~ as.numeric(LM) +Age + Gender",47,37.4058939320049,0.0851063829787234,0.708584159425825,"116769,117587","10-129-09,10-418-09",-7.04786898778198,-0.00155522121032181,0.0363825404522804,-0.577562891581449,3.18306744029258e-08,4.06825103564272e-07,0.0511675509902925,0.327141417157708,1.04742364646735,0.000260587931975742,0.0181363941052304,0.58270075151884,-6.72876635118211,-5.96812445814483,2.00605149188879,-0.991182678374793,0.000762373525239573
"Bcell","cg11036717","LM32","CpG ~ as.numeric(LM) +Age + Gender",47,20.4383141433749,0.0851063829787234,0.708584159425825,"116769,117587","10-129-09,10-418-09",-6.7801963908032,-0.00117668079428069,0.0233532829263159,-0.954905693602462,1.06120770578718e-09,2.6287976913261e-06,0.130310666117296,0.0561424531749546,0.874439045553319,0.000217551191715132,0.0151411238467307,0.486466283933775,-7.75376674369898,-5.4087536133632,1.5423744738313,-1.96294321958078,0.00379342716641054
"Bcell","cg21358343","LM32","CpG ~ as.numeric(LM) +Age + Gender",47,-6.00447457456116,0.0851063829787234,0.708584159425825,"116769,117587","10-129-09,10-418-09",4.1849545828064,0.00131403281635094,-0.0014214972222861,0.130465019751495,1.16781338679324e-07,4.70528000378748e-10,0.901592442738924,0.724092161573956,0.660024085157867,0.000164207015934341,0.011428476880143,0.367183356743142,6.34060889127315,8.00229398770857,-0.124382035961061,0.35531299922932,3.23291242279951e-06
"Bcell","cg00180684","LM32","CpG ~ as.numeric(LM) +Age + Gender",47,4.68811387115449,0.0851063829787234,0.708584159425825,"116769,117587","10-129-09,10-418-09",3.66767825959199,0.00135723206696211,-0.00527449876559645,0.415486945464687,1.15605370796644e-05,3.68026126407797e-09,0.682459110358384,0.318198412100636,0.739539184021718,0.00018398953205727,0.0128053000740579,0.411419046878008,4.95941031771521,7.37668090019191,-0.411899661475486,1.00988748240401,1.4142024175972e-05
"Bcell","cg15629719","LM32","CpG ~ as.numeric(LM) +Age + Gender",47,51.2003855572795,0.0851063829787234,0.708584159425825,"116769,117587","10-129-09,10-418-09",-3.80078112572408,-0.00136752879500535,-0.0100265037295251,-0.445977221376189,0.00310826642836842,4.61697364192464e-05,0.635507857811657,0.512203291982561,1.21298393986758,0.000301777583001829,0.0210031106810983,0.674804942322019,-3.13341421992695,-4.53157846054147,-0.477381845087758,-0.660897977186669,0.0399232632717018
"Bcell","cg00560501","LM32","CpG ~ as.numeric(LM) +Age + Gender",47,41.7561823265028,0.0851063829787234,0.708584159425825,"116769,117587","10-129-09,10-418-09",4.70380508570846,0.00126674597792985,-0.00921645756928263,1.51579703174563,0.000100110586437532,3.24686228565455e-05,0.630002684253726,0.0169788207080523,1.09703725632684,0.000272931273693049,0.0189954657754467,0.610301701572038,4.28773504143151,4.64126357082293,-0.485192502159949,2.48368475434556,0.0305060105642347
"Bcell","cg08517286","LM32","CpG ~ as.numeric(LM) +Age + Gender",47,19.080415461165,0.0851063829787234,0.708584159425825,"116769,117587","10-129-09,10-418-09",-4.02764455418965,-0.00144022635752793,0.0198965364795516,-1.06694657349177,2.93126089329854e-05,3.31637269289863e-08,0.18948888471162,0.0313664715894829,0.861897935458643,0.000214431096083079,0.0149239714882163,0.479489437171059,-4.67299478104262,-6.71649953684858,1.33319314468414,-2.22517221606934,8.82639042832373e-05
"Bcell","cg19140085","LM32","CpG ~ as.numeric(LM) +Age + Gender",47,-3.29285774279403,0.0851063829787234,0.708584159425825,"116769,117587","10-129-09,10-418-09",-4.18570996762403,-0.00130836868024162,0.00449815529168679,-0.50291679624367,2.12907441915482e-07,1.10578183226268e-09,0.704048225687055,0.190296584394665,0.679341070627749,0.000169012877738759,0.0117629551617709,0.37792974574089,-6.16142634178765,-7.7412366308794,0.382400105230837,-1.33071503873757,5.52079740407673e-06
"Bcell","cg18361420","LM32","CpG ~ as.numeric(LM) +Age + Gender",47,-98.2135202722586,0.0851063829787234,0.708584159425825,"116769,117587","10-129-09,10-418-09",4.07558668970551,-0.000282256340647078,0.000749805173719919,0.0692426548560582,3.48783206544528e-20,3.8994602927799e-05,0.861919308815144,0.617577326789237,0.247479817285317,6.15703626795344e-05,0.00428517297133296,0.1376775061402,16.4683598622785,-4.58428906966466,0.174976641254853,0.502933680288681,0.0352339675424041
"Bcell","cg17218498","LM32","CpG ~ as.numeric(LM) +Age + Gender",47,41.575804738643,0.0851063829787234,0.708584159425825,"116769,117587","10-129-09,10-418-09",-3.45382226936291,-0.00126743582727156,-0.0112331094589827,-1.83775514148604,0.00293294505644687,3.12933440360817e-05,0.556623440761878,0.0042765130903268,1.09493415848036,0.000272408045178586,0.0189590501269035,0.609131710136585,-3.15436525805023,-4.65271070258093,-0.592493262256981,-3.01700783410859,0.0299363508446989
"Bcell","cg10643407","LM32","CpG ~ as.numeric(LM) +Age + Gender",47,-29.9128897569066,0.0851063829787234,0.708584159425825,"116769,117587","10-129-09,10-418-09",-5.73156384153432,-0.000831359455031321,0.0270826069536273,-0.492523403297138,2.48804162768771e-14,6.20850278418607e-08,0.00384491267017305,0.0908329090221046,0.511798751683961,0.000127330119707439,0.00886191933360612,0.284722918217929,-11.198862487796,-6.52916573817336,3.0560656144685,-1.72983406597483,0.000150588115669126
"Bcell","cg19883388","LM32","CpG ~ as.numeric(LM) +Age + Gender",47,32.9669323428013,0.0851063829787234,0.708584159425825,"116769,117587","10-129-09,10-418-09",5.13706230234156,0.00120838979816944,-0.0202785138946305,0.712619468239637,6.35754737828555e-06,1.59170714685954e-05,0.247578821830323,0.206678184963709,0.999110878829696,0.000248568226053327,0.017299846833125,0.555823483562016,5.14163383783673,4.86140090129699,-1.17217881119052,1.28209672551578,0.0175035326353085
"Bcell","cg10809622","LM32","CpG ~ as.numeric(LM) +Age + Gender",47,31.0287221565458,0.0851063829787234,0.708584159425825,"116769,117587","10-129-09,10-418-09",6.60191121640066,0.00126178520241893,-0.0201111459890357,1.73718269760744,3.01036163919169e-08,5.56645722995047e-06,0.241852126247332,0.00265205731794082,0.978720890160251,0.000243495412394499,0.0169467892412351,0.544480163443916,6.74544835281864,5.18196704410453,-1.18672308380994,3.1905344110601,0.00721103960795449
"Bcell","cg15400169","LM32","CpG ~ as.numeric(LM) +Age + Gender",47,10.9934099973127,0.0851063829787234,0.708584159425825,"116769,117587","10-129-09,10-418-09",-3.92048913825,-0.00136133271643968,0.00455078102130071,-1.13940584581679,1.16395269920925e-05,1.68621766862468e-08,0.741257513085069,0.0130564099496242,0.790847287297273,0.000196754445825704,0.0136937123081484,0.439962674319021,-4.95732766770725,-6.91894259734095,0.332326320204111,-2.58977843422825,4.95006203541175e-05
"Bcell","cg17128996","LM32","CpG ~ as.numeric(LM) +Age + Gender",47,37.6530763178724,0.0851063829787234,0.708584159425825,"116769,117587","10-129-09,10-418-09",-7.65675880323419,-0.00128272967993963,0.050223073847471,-0.795232280967904,4.89065717399999e-09,1.36067088087757e-05,0.00841861716430536,0.180556774032488,1.05018157606705,0.000261274075708837,0.0181841483241687,0.584235037722706,-7.29089043049958,-4.9095176261157,2.76191510056697,-1.3611512997708,0.0153579551017468
"Bcell","cg22206745","LM32","CpG ~ as.numeric(LM) +Age + Gender",47,-45.3535468837733,0.0851063829787234,0.708584159425825,"116769,117587","10-129-09,10-418-09",5.38237264321537,0.000496360198876275,-0.0111666478513389,0.313755977875291,8.72089222972827e-16,3.77810054385185e-05,0.144832419385455,0.200969592192558,0.43427117874615,0.000108042079026764,0.00751951063244267,0.241592924765272,12.3940360462226,4.59413779656458,-1.4850232145641,1.29869688104538,0.0343187500862144
"Bcell","cg19045313","LM32","CpG ~ as.numeric(LM) +Age + Gender",47,18.217494497828,0.0851063829787234,0.708584159425825,"116769,117587","10-129-09,10-418-09",2.22291513358496,0.00147542054814725,-0.00410149997643263,0.26754364605881,0.0126344221682638,1.55054473543246e-08,0.782832174226612,0.576276602989255,0.854021909886916,0.000212471624170404,0.0147875961980141,0.475107861449424,2.60287834287449,6.94408278709229,-0.277360831436785,0.563121909291519,4.61115150570489e-05
"Bcell","cg06231565","LM32","CpG ~ as.numeric(LM) +Age + Gender",47,-5.27867191853941,0.0851063829787234,0.708584159425825,"116769,117587","10-129-09,10-418-09",3.1956402802735,0.00142041961307944,-0.00729352362134457,0.648195989549821,1.9154337596228e-05,7.18244316992133e-11,0.52990484540284,0.0869482021469079,0.665140057903946,0.000165479815877746,0.0115170611872354,0.370029465071844,4.80446222160174,8.58364269711796,-0.633279922957094,1.75174155232197,9.80283233667068e-07
"Bcell","cg07828276","LM32","CpG ~ as.numeric(LM) +Age + Gender",47,8.67837091961915,0.0851063829787234,0.708584159425825,"116769,117587","10-129-09,10-418-09",-7.09523386837795,-0.00141724261893804,0.0504018238119196,-1.38284919794903,1.0333452351273e-11,3.60758070041355e-09,0.00048957508147124,0.00243215443038483,0.771608124965418,0.000191967945595437,0.0133605815530028,0.429259579742939,-9.19538511688942,-7.38270451633008,3.77242739112593,-3.22147545030246,1.40478780230054e-05
"Bcell","cg01774894","LM32","CpG ~ as.numeric(LM) +Age + Gender",47,17.2925461345767,0.0851063829787234,0.708584159425825,"116769,117587","10-129-09,10-418-09",-3.67194780770122,-0.0015289552048082,0.0206546153103108,-0.968075388362701,8.4335758460221e-05,5.29055290940911e-09,0.165566721814647,0.0457101345817725,0.845659649293559,0.00021039118212385,0.0146428016306551,0.470455784375759,-4.34211069520541,-7.26720193010823,1.4105644419214,-2.05773936789241,1.88474569649546e-05
"Bcell","cg22894824","LM32","CpG ~ as.numeric(LM) +Age + Gender",47,-41.6982820341388,0.0851063829787234,0.708584159425825,"116769,117587","10-129-09,10-418-09",2.60193422071067,0.000644622139843949,0.00271944446723376,0.00124039705055292,8.07942498523241e-07,8.75785871229127e-07,0.729643539549443,0.996082561913415,0.451490788684908,0.000112326135968293,0.00781767234880353,0.251172505755273,5.76298406505594,5.73884371866855,0.347858588323923,0.00493842686651972,0.00147182593855373
"Bcell","cg24083817","LM32","CpG ~ as.numeric(LM) +Age + Gender",47,-21.1794094881727,0.0851063829787234,0.708584159425825,"116769,117587","10-129-09,10-418-09",-6.29597120627775,-0.000715164189253055,0.0114471994458266,-0.858632623860929,2.40808958662293e-14,6.86530702142782e-06,0.245621599936779,0.00872493438376891,0.561628640365844,0.000139727269309692,0.00972473592401099,0.312444188098519,-11.210203244223,-5.1182864503561,1.17712188128037,-2.74811520446713,0.00855343474703374
"Bcell","cg00401123","LM32","CpG ~ as.numeric(LM) +Age + Gender",47,-101.670685334928,0.0851063829787234,0.708584159425825,"116769,117587","10-129-09,10-418-09",-1.92685761501111,-0.000263524489056343,0.00784152633071245,-0.165348273793353,3.68153469145644e-10,6.17567088569484e-05,0.0643579120572973,0.219519599220349,0.238543260740202,5.93470418704903e-05,0.00413043433048548,0.132705937823605,-8.07760239812289,-4.44039805103374,1.89847500366645,-1.24597494660063,0.0496956236171864
"Bcell","cg07815385","LM32","CpG ~ as.numeric(LM) +Age + Gender",47,82.0979862986387,0.0851063829787234,0.708584159425825,"116769,117587","10-129-09,10-418-09",-6.46941295965026,0.00298123280391976,-0.0193193937044446,1.15415312401544,0.000400077920186682,8.87801922130474e-09,0.511406692963564,0.224934607040569,1.6850264653013,0.000419216773841421,0.0291766413289583,0.937410751582459,-3.83935391690923,7.11143491850706,-0.662152764145259,1.23121387509914,2.96220524745187e-05
"Bcell","cg17339505","LM32","CpG ~ as.numeric(LM) +Age + Gender",47,54.3029841722781,0.0851063829787234,0.708584159425825,"116769,117587","10-129-09,10-418-09",-7.02863505528691,-0.00153725666588404,0.0357416599830296,-2.03870382904512,1.36250437626026e-06,1.27843862426813e-05,0.106955313482203,0.00550751689344649,1.25368818890888,0.000311904369919494,0.0217079146110653,0.697449453534241,-5.60636617419531,-4.92861535181704,1.64648058661567,-2.92308470343511,0.014598424487584
"Bcell","cg20790496","LM32","CpG ~ as.numeric(LM) +Age + Gender",47,20.4943850531874,0.0851063829787234,0.708584159425825,"116769,117587","10-129-09,10-418-09",2.81402939934342,0.00159148961865638,-0.0207028328868348,1.16628779895854,0.00246853916121146,4.57345951206246e-09,0.178882533574902,0.0209957482540099,0.874960803203517,0.000217680999503524,0.015150158206804,0.486756547167669,3.2161776722344,7.31110947802598,-1.36650935285528,2.39603926386797,1.67284675879848e-05
"Bcell","cg12744916","LM32","CpG ~ as.numeric(LM) +Age + Gender",47,25.8203236297842,0.0851063829787234,0.708584159425825,"116769,117587","10-129-09,10-418-09",4.68064781080622,0.00158043270983151,-0.0469935110280446,0.440235175193348,8.455683339582e-06,2.05023749630067e-08,0.00539236659391505,0.397505401331051,0.925966456625022,0.000230370666945165,0.0160333334484239,0.515131916275156,5.0548783676963,6.86039039079442,-2.93098819276812,0.854606677017073,5.8675824112225e-05
"Bcell","cg10677712","LM32","CpG ~ as.numeric(LM) +Age + Gender",47,26.7006075074661,0.0851063829787234,0.708584159425825,"116769,117587","10-129-09,10-418-09",4.36845567954092,0.00153849656830262,-0.0283363225233145,1.46747471665719,2.92411364014969e-05,4.6404453488518e-08,0.0871009586822947,0.00719403555151714,0.934678604922122,0.000232538157354098,0.0161841864061095,0.5199786422176,4.67375165809525,6.61610372167814,-1.75086481410136,2.82218267734751,0.000117998011355616
"Bcell","cg27576729","LM32","CpG ~ as.numeric(LM) +Age + Gender",47,12.5002333833358,0.0851063829787234,0.708584159425825,"116769,117587","10-129-09,10-418-09",3.35391192804801,0.00145653928030544,-0.00980483590732661,0.244049462532526,0.000143213254963634,4.98540547815974e-09,0.484843419744603,0.587966824503351,0.803626751786269,0.000199933841511659,0.0139149918307255,0.44707212194975,4.17346973653263,7.28510625961491,-0.704623906833828,0.545883875443159,1.80422879366872e-05
"Bcell","cg09938490","LM32","CpG ~ as.numeric(LM) +Age + Gender",47,23.7996628710767,0.0851063829787234,0.708584159425825,"116769,117587","10-129-09,10-418-09",4.15668161168695,0.00148066185865869,-0.0242400103834915,0.72949079595354,3.87111692029663e-05,5.47034426602157e-08,0.129746911808836,0.155177348859313,0.906273936937916,0.000225471376196897,0.0156923527008773,0.504176610788519,4.58656201206821,6.56696155243082,-1.54470211354199,1.44689535441288,0.000134593098066094
"Bcell","cg22327078","LM32","CpG ~ as.numeric(LM) +Age + Gender",47,-90.0031673866175,0.0851063829787234,0.708584159425825,"116769,117587","10-129-09,10-418-09",4.15893786779761,0.00031760320087441,-0.0107342263927104,0.260068025413091,4.1483776457836e-19,2.46253040410206e-05,0.0266467034096185,0.0906270295170083,0.270067846832413,6.71900256754359e-05,0.0046762901733442,0.150243636222153,15.3996039016758,4.72693971585314,-2.29545772285425,1.73097531417936,0.0247978010133584
"Bcell","cg25022059","LM32","CpG ~ as.numeric(LM) +Age + Gender",47,-151.050140166633,0.0851063829787234,0.708584159425825,"116769,117587","10-129-09,10-418-09",2.76033115344985,0.000159214045811464,-0.00289956743411248,0.197795801381469,4.94858161220806e-23,4.54452184255111e-05,0.241714744066929,0.0155145607432885,0.141067335251143,3.50960619291021e-05,0.00244261507377487,0.0784783144268679,19.5674721475075,4.53652167964297,-1.18707505953094,2.52038799286127,0.0394972073404796
"Bcell","cg16984127","LM32","CpG ~ as.numeric(LM) +Age + Gender",47,-3.28955150942459,0.0851063829787234,0.708584159425825,"116769,117587","10-129-09,10-418-09",4.29880022653973,0.000930746023624962,-0.0153634013640028,0.176085320358806,1.21955397505985e-07,1.89825272339937e-06,0.198483528570282,0.643635402972714,0.679364965304529,0.000169018822481775,0.0117633689038862,0.377943038782502,6.32767429302565,5.50675960202787,-1.3060375381858,0.465904388465637,0.00289174915710813
"Bcell","cg19046730","LM32","CpG ~ as.numeric(LM) +Age + Gender",47,-112.16645461184,0.0851063829787234,0.708584159425825,"116769,117587","10-129-09,10-418-09",3.77673188987484,0.000245142267384948,-0.00496190552922998,0.163104453917273,2.30418030931774e-21,3.4923864456578e-05,0.186249766033464,0.176483195117783,0.213341370386787,5.30770779344789e-05,0.00369405749558404,0.118685669617747,17.7027638053868,4.61860895371002,-1.34321285880405,1.37425566576476,0.0323117413134233
"Bcell","cg16780015","LM32","CpG ~ as.numeric(LM) +Age + Gender",47,69.9501069003085,0.0851063829787234,0.708584159425825,"116769,117587","10-129-09,10-418-09",-0.376360993921185,0.0016960748139335,0.035077449161727,0.175223756691233,0.800576353852591,3.66077788280023e-05,0.178387868973602,0.832558278343745,1.48074969549802,0.000368394872719313,0.0256395395877564,0.823767883499738,-0.254169219190422,4.60395879403506,1.36809980700579,0.212710109487157,0.0334306244051528
"Bcell","cg23520358","LM32","CpG ~ as.numeric(LM) +Age + Gender",47,-53.1045663228409,0.0851063829787234,0.708584159425825,"116769,117587","10-129-09,10-418-09",2.68755331166777,0.00044343517267007,0.00269783077196808,-0.00477049431765384,3.27138078004951e-08,5.85679170123923e-05,0.698744104316215,0.98299129137899,0.399898802434272,9.94905951163009e-05,0.00692434461224823,0.222470949071893,6.72058354590723,4.45705618859462,0.389615324343619,-0.0214432236548433,0.0476906695201087
"Bcell","cg26444775","LM32","CpG ~ as.numeric(LM) +Age + Gender",47,-101.861918119616,0.0851063829787234,0.708584159425825,"116769,117587","10-129-09,10-418-09",3.02720681667978,0.000349690060306092,-0.00110135453762924,0.111413730289819,3.64563952325514e-16,5.03726478658386e-07,0.790602692410824,0.404854711215309,0.238058463700217,5.92264294912456e-05,0.00412203995232926,0.132436236446817,12.7162326834634,5.90429075853341,-0.267186769261392,0.841263186564201,0.000913916161193482
"Bcell","cg08126344","LM32","CpG ~ as.numeric(LM) +Age + Gender",47,-18.5111378050742,0.0851063829787234,0.708584159425825,"116769,117587","10-129-09,10-418-09",4.2453404691049,0.000710492721618201,-0.015881543278323,0.672210745066757,4.05470828654523e-09,1.22157171745483e-05,0.119748633353944,0.0424498219275064,0.577799381841396,0.000143750378864112,0.0100047362289149,0.321440264559272,7.34742992554851,4.94254503697575,-1.58740249767139,2.09124624131463,0.0139957947551175
"Bcell","cg06936731","LM32","CpG ~ as.numeric(LM) +Age + Gender",47,-84.442569309839,0.0851063829787234,0.708584159425825,"116769,117587","10-129-09,10-418-09",-2.98477673501427,-0.00056328381813943,0.0111831760734326,-0.343344762017172,2.46088349009081e-13,6.53104658809326e-10,0.0293407396353637,0.036888970945669,0.286525778862699,7.12845852042706e-05,0.00496126325225557,0.15939948199176,-10.4171315644326,-7.90190216475699,2.25409850371241,-2.15398919574231,3.88142589008907e-06
"Bcell","cg17587610","LM32","CpG ~ as.numeric(LM) +Age + Gender",47,-19.0307914279599,0.0851063829787234,0.708584159425825,"116769,117587","10-129-09,10-418-09",3.99939127396403,0.000651557746034099,-0.00531138567706294,-0.0107126486081695,1.46970244998225e-08,4.24667330244593e-05,0.596208128043266,0.973421552345039,0.574613986857574,0.000142957886261754,0.0099495803433262,0.319668171617492,6.96013561353726,4.55769012169853,-0.533830120847822,-0.0335117773970566,0.0375770155951682
"Bcell","cg05198354","LM32","CpG ~ as.numeric(LM) +Age + Gender",47,36.4801898816768,0.0851063829787234,0.708584159425825,"116769,117587","10-129-09,10-418-09",4.06180581275454,0.0014773186534569,-0.0353927100427959,0.571020208001061,0.000316691976958709,9.16362021254823e-07,0.0552073175849263,0.327880345720453,1.03715933098784,0.00025803427877823,0.0179586649968752,0.576990526851001,3.91627948705418,5.72528061175391,-1.97078736359046,0.98965265706783,0.00153624274688283
"Bcell","cg11248807","LM32","CpG ~ as.numeric(LM) +Age + Gender",47,-44.3732622028871,0.0851063829787234,0.708584159425825,"116769,117587","10-129-09,10-418-09",3.73429101789059,0.000509264858412472,0.00159877544783837,-0.02161749990443,9.10260516040624e-11,3.01093295021102e-05,0.834340655715903,0.929850095412872,0.438823698835319,0.000109174697904823,0.00759833862032285,0.244125574172425,8.50977517349625,4.66467842994573,0.210411186935288,-0.0885507386012807,0.0289250433044886
"Bcell","cg03225277","LM32","CpG ~ as.numeric(LM) +Age + Gender",47,15.3534346843744,0.0851063829787234,0.708584159425825,"116769,117587","10-129-09,10-418-09",3.78124332410504,0.0013289596105305,-0.0109836117601728,0.382482525842753,4.15432118246195e-05,8.14108053945685e-08,0.448015454096406,0.41115137135436,0.82839337127212,0.000206095514656632,0.0143438318451405,0.460850241085841,4.56455043610306,6.44827041842531,-0.765737627068871,0.829949714123094,0.000186236066340662
"Bcell","cg26444806","LM32","CpG ~ as.numeric(LM) +Age + Gender",47,-76.5637682595088,0.0851063829787234,0.708584159425825,"116769,117587","10-129-09,10-418-09",3.84624026514708,0.000345430511300471,-0.00965258293319148,0.28990287703696,9.98553509758011e-16,5.87294963246981e-05,0.0806338464599319,0.101688993604838,0.311576702270734,7.75169901599917e-05,0.00539502605793634,0.173335764550718,12.3444411508182,4.45619096649028,-1.78916335705035,1.67249313947633,0.0477653767403233
"Bcell","cg23462475","LM32","CpG ~ as.numeric(LM) +Age + Gender",47,0.0590208084482642,0.0851063829787234,0.708584159425825,"116769,117587","10-129-09,10-418-09",3.30228289847239,0.00146758655657603,-0.00760898133262289,0.33961070138318,2.7682364847912e-05,1.38608394667028e-10,0.535793989380928,0.390684210972701,0.704002281591692,0.00017514832635765,0.012189970002101,0.391649224206477,4.69072755134571,8.37910693807739,-0.624200168770836,0.867129769173596,1.50488014143292e-06
"Bcell","cg18629583","LM32","CpG ~ as.numeric(LM) +Age + Gender",47,-101.802910972386,0.0851063829787234,0.708584159425825,"116769,117587","10-129-09,10-418-09",2.60839510801985,-0.000350242986791778,-0.00106728612310563,0.157933527216587,5.11519469148426e-14,4.94334412773536e-07,0.797055597493452,0.239885071273338,0.238207948388388,5.92636197016097e-05,0.00412462831590736,0.132519397487177,10.9500758713852,-5.90991553596015,-0.258759345415307,1.19177667731148,0.000904070231724692
"Bcell","cg14826021","LM32","CpG ~ as.numeric(LM) +Age + Gender",47,20.4996909584847,0.0851063829787234,0.708584159425825,"116769,117587","10-129-09,10-418-09",2.33102665966108,0.00142678337562756,0.00097444221124819,0.287494444574647,0.0108259073396936,5.71111747228089e-08,0.949017227065279,0.557880286376773,0.875010192460823,0.000217693287028697,0.0151510133937554,0.486784023306332,2.66399943651565,6.5540990955751,0.0643153158091599,0.590599589982286,0.00013996571232388
"Bcell","cg10270631","LM32","CpG ~ as.numeric(LM) +Age + Gender",47,-7.31670290317843,0.0851063829787234,0.708584159425825,"116769,117587","10-129-09,10-418-09",2.36527202577971,0.00159888179172149,-0.0105811740726399,0.813975906427973,0.000739920724844943,1.267176414324e-12,0.353038609907371,0.029759665044918,0.650874244789296,0.00016193063236443,0.011270045178239,0.36209313477133,3.63399234908335,9.87386863359587,-0.938875923325565,2.2479738726392,9.63047035017271e-08
"Bcell","cg16277405","LM32","CpG ~ as.numeric(LM) +Age + Gender",47,-28.4194502999484,0.0851063829787234,0.708584159425825,"116769,117587","10-129-09,10-418-09",4.86323239245085,0.00078820962418369,-0.0271736217789149,0.210140688404397,6.32527819124553e-12,2.68032522255328e-07,0.00426496126052247,0.471517303527914,0.519994969999142,0.000129369252190249,0.00900383883870608,0.289282622963927,9.35246045256721,6.0927122236477,-3.0180040164757,0.726420018773823,0.000532944491453585
"Bcell","cg02157052","LM32","CpG ~ as.numeric(LM) +Age + Gender",47,-48.5438461189303,0.0851063829787234,0.708584159425825,"116769,117587","10-129-09,10-418-09",-3.46496004947546,-0.000502892306811361,0.0129705908960936,-0.222246452509213,2.07500893368393e-10,1.84928935972182e-05,0.0814036105072872,0.346578999768101,0.419779604025673,0.000104436728412218,0.00726858550656605,0.233530999193138,-8.25423630935521,-4.81528207994427,1.78447249253333,-0.951678592037399,0.019641376950356
"Bcell","cg02234405","LM32","CpG ~ as.numeric(LM) +Age + Gender",47,30.2425068511514,0.0851063829787234,0.708584159425825,"116769,117587","10-129-09,10-418-09",5.50028240327533,0.00157500745149597,-0.0440992990014287,0.618394149767852,1.11285498553236e-06,6.34542584551966e-08,0.0119779267468836,0.258423247650955,0.970569014503922,0.00024146731189651,0.0168056375400122,0.539945127322427,5.66706985395226,6.52265285568344,-2.62407771775594,1.14529073136459,0.000153365355166298
"Bcell","cg07852422","LM32","CpG ~ as.numeric(LM) +Age + Gender",47,-96.2908595982328,0.0851063829787234,0.708584159425825,"116769,117587","10-129-09,10-418-09",3.45115531105866,0.00028381844011929,0.000531743190166608,0.282120247546045,3.02811498335125e-17,4.84764062080503e-05,0.903800598668461,0.050990520437136,0.252593851640036,6.2842680371658e-05,0.00437372371470952,0.140522536106669,13.6628634808452,4.51633250588229,0.12157676727002,2.00765126621321,0.0414053687096874
"Bcell","cg01951170","LM32","CpG ~ as.numeric(LM) +Age + Gender",47,8.80109541797966,0.0851063829787234,0.708584159425825,"116769,117587","10-129-09,10-418-09",3.26681741161082,0.00152088156778798,-0.00930489599659634,0.306129585193176,0.000120669735567972,6.31387015308563e-10,0.490462019887669,0.480171179765338,0.772616178827756,0.00019221873874126,0.0133780362497612,0.429820378370254,4.2282539521336,7.91224402858662,-0.695535265630814,0.712226782624698,3.88142589008907e-06
"Bcell","cg08421126","LM32","CpG ~ as.numeric(LM) +Age + Gender",47,15.8738921703569,0.0851063829787234,0.708584159425825,"116769,117587","10-129-09,10-418-09",-2.31878139941489,-0.00169531957087904,0.0223680940563146,-0.937011395736076,0.00795576316513183,2.63540613643e-10,0.128276377989026,0.0494266390182808,0.832992725645988,0.000207239785409686,0.0144234707800027,0.463408945254105,-2.78367544880619,-8.18047349126334,1.55081217256853,-2.02199678131434,2.2532557753593e-06
"Bcell","cg14323173","LM32","CpG ~ as.numeric(LM) +Age + Gender",47,67.5222841323837,0.0851063829787234,0.708584159425825,"116769,117587","10-129-09,10-418-09",-3.93971949974594,-0.00181751989798168,0.0128800891493655,-0.513235513074193,0.00913707614719512,8.24124192881106e-06,0.608846585173049,0.525996255704111,1.44299470269377,0.000359001829579796,0.0249858027437895,0.802764096966159,-2.73023836635804,-5.0627037196692,0.515496311302905,-0.639335410008787,0.00997693499663207
"Bcell","cg14143781","LM32","CpG ~ as.numeric(LM) +Age + Gender",47,40.4841848615622,0.0851063829787234,0.708584159425825,"116769,117587","10-129-09,10-418-09",-5.77700407487908,-0.00139790818438129,0.036173422968481,-1.88015707966353,3.32653908193901e-06,5.39222435543237e-06,0.0601867157410125,0.00320194861734356,1.08229225994216,0.000269262874447118,0.0187401525920805,0.602098792936675,-5.33774867353094,-5.19161131014306,1.93026298962836,-3.12267206265813,0.00705211185084888
"Bcell","cg07211155","LM32","CpG ~ as.numeric(LM) +Age + Gender",47,5.99344290800435,0.0851063829787234,0.708584159425825,"116769,117587","10-129-09,10-418-09",3.66349135487758,0.00144278442603486,-0.0110154977360866,0.766881342165874,1.47184484850931e-05,1.13414691107655e-09,0.40093190426013,0.0729344269919212,0.749880414920992,0.000186562320998225,0.0129843609915338,0.417172060987399,4.88543410653492,7.73352528160598,-0.848366565229435,1.83828547949916,5.62138272783917e-06
"Bcell","cg02940415","LM32","CpG ~ as.numeric(LM) +Age + Gender",47,-26.2883464681554,0.0851063829787234,0.708584159425825,"116769,117587","10-129-09,10-418-09",3.64338344697035,0.000992369458321275,-0.00865780902472749,0.343511207976428,2.12608615739427e-08,2.45674037962752e-09,0.352461284970163,0.252110905613946,0.531918592390167,0.000132335723408477,0.00921029924808763,0.295915950129597,6.84951325088839,7.49887810155508,-0.940013868336052,1.16084046103627,1.06354312402742e-05
"Bcell","cg02112027","LM32","CpG ~ as.numeric(LM) +Age + Gender",47,7.02984680341255,0.0851063829787234,0.708584159425825,"116769,117587","10-129-09,10-418-09",3.36359885722934,0.00139249234117349,-0.00820895604443547,0.500708545018584,6.25609207181966e-05,3.61468509572286e-09,0.535087645665615,0.241711264803382,0.758194023374465,0.000188630658906628,0.013128313135308,0.421797071994178,4.43632995451363,7.3821103591796,-0.625286429401037,1.18708397536125,1.40478780230054e-05
"Bcell","cg25150924","LM32","CpG ~ as.numeric(LM) +Age + Gender",47,-57.5354703119109,0.0851063829787234,0.708584159425825,"116769,117587","10-129-09,10-418-09",-4.37785399014056,-0.000520656961913988,4.45390986015946e-05,-0.31422511078012,1.12601827136515e-14,2.03516768750178e-06,0.994651325584305,0.146002585991796,0.381486035059477,9.49096932163572e-05,0.00660552308592171,0.212227592982863,-11.4757909538105,-5.48581440177129,0.00674270576640937,-1.48060441323241,0.00308657322042745
"Bcell","cg24893364","LM32","CpG ~ as.numeric(LM) +Age + Gender",47,14.2741981807,0.0851063829787234,0.708584159425825,"116769,117587","10-129-09,10-418-09",-4.50840227487303,-0.0013351536807965,0.0201157123196982,-0.929019550560455,1.90819004279674e-06,5.72963244624395e-08,0.163226648580078,0.0476104680429307,0.818936779236589,0.000203742814514346,0.0141800886638335,0.455589367604041,-5.50518964244804,-6.55313260484329,1.41858861369489,-2.03915985890145,0.00013996571232388
"Bcell","cg02776119","LM32","CpG ~ as.numeric(LM) +Age + Gender",47,43.797471682165,0.0851063829787234,0.708584159425825,"116769,117587","10-129-09,10-418-09",3.58387674191138,0.00145406577548375,-0.00954977826004902,0.782635191337961,0.00260685725349519,5.02247303564987e-06,0.625263801514936,0.216319214209086,1.12112089835066,0.00027892302926454,0.0194124798697021,0.62369986797197,3.19669069338,5.21314349452539,-0.491940150055417,1.25482661056637,0.00661916463202184
"Bcell","cg09022817","LM32","CpG ~ as.numeric(LM) +Age + Gender",47,-55.2015627065316,0.0851063829787234,0.708584159425825,"116769,117587","10-129-09,10-418-09",-3.77480458512311,-0.000568883734067404,0.00535196035970017,-0.0272405672778501,2.49867427049239e-12,6.10218834828421e-07,0.433657349383854,0.900942617581284,0.391076443683616,9.72956855114478e-05,0.0067715833338684,0.217562911057366,-9.65234456355279,-5.84695745835995,0.790355829032197,-0.125207771607117,0.00107573874208367
"Bcell","cg26005146","LM32","CpG ~ as.numeric(LM) +Age + Gender",47,31.0158588202516,0.0851063829787234,0.708584159425825,"116769,117587","10-129-09,10-418-09",-4.60560946051492,-0.00136850528220462,0.0294103035046182,-0.297532647394937,2.63170541218868e-05,1.29756065465448e-06,0.0897810876679733,0.587528328561489,0.978586967239178,0.000243462093787301,0.0169444703334231,0.544405659696538,-4.70638749002393,-5.62101993339549,1.7356873909836,-0.546527469168464,0.00209816784865341
"Bcell","cg16544272","LM32","CpG ~ as.numeric(LM) +Age + Gender",47,9.67835071504174,0.0851063829787234,0.708584159425825,"116769,117587","10-129-09,10-418-09",-5.55932767030414,-0.00123394991582204,0.0160267349605075,-0.116189294010653,8.38464679663401e-09,1.09477959012133e-07,0.241798530946053,0.790126411966598,0.779860372410016,0.000194021017533418,0.0135034712160479,0.433850454508756,-7.1286192592708,-6.35987756125186,1.18686037864553,-0.26780954774431,0.00024312459926787
"Bcell","cg15645309","LM32","CpG ~ as.numeric(LM) +Age + Gender",47,-4.60520044651808,0.0851063829787234,0.708584159425825,"116769,117587","10-129-09,10-418-09",-3.20182634512959,-0.00153802527073904,0.00866603038169248,-0.933380048316942,2.07774672684754e-05,9.33036689608972e-12,0.459081215633699,0.0161360610658281,0.669922625908266,0.000166669668245489,0.0115998725104798,0.372690094302152,-4.77939723380537,-9.22798543328032,0.747079795391136,-2.50444018391382,3.0390115738528e-07
"Bcell","cg22466361","LM32","CpG ~ as.numeric(LM) +Age + Gender",47,-15.9940299078881,0.0851063829787234,0.708584159425825,"116769,117587","10-129-09,10-418-09",2.19369281017348,0.000745061265922554,0.0131688532320295,0.305910987255472,0.000614853909634277,8.70356990382644e-06,0.206891510806219,0.35933550359364,0.593480561840253,0.000147651690697794,0.0102762596582871,0.330163989100773,3.69631787664843,5.0460733798674,1.28148311447247,0.926542558710427,0.0104076893293143
"Bcell","cg10495464","LM32","CpG ~ as.numeric(LM) +Age + Gender",47,34.5082113810936,0.0851063829787234,0.708584159425825,"116769,117587","10-129-09,10-418-09",-4.70045855632227,-0.00127069491963215,0.0107387362237066,-0.772654981786409,3.38704898064934e-05,9.20729160279694e-06,0.544647894692175,0.178573871048783,1.01562792734503,0.000252677493138781,0.0175858435282919,0.565012216903315,-4.62813046960003,-5.02892008246351,0.610646637815825,-1.36750137195463,0.0109483639078934
"Bcell","cg14759078","LM32","CpG ~ as.numeric(LM) +Age + Gender",47,12.7342189534871,0.0851063829787234,0.708584159425825,"116769,117587","10-129-09,10-418-09",-4.01598943216166,-0.00122837485419578,0.00712521164806301,-0.785350059418694,1.0635344777335e-05,2.37639063734932e-07,0.612117746484442,0.0868536991934218,0.805629637847022,0.000200432138393073,0.0139496722879294,0.448186363753191,-4.98490775847579,-6.12863218465884,0.510779859267979,-1.75228459170876,0.000479480623596976
"Bcell","cg10460003","LM32","CpG ~ as.numeric(LM) +Age + Gender",47,-39.7273749095487,0.0851063829787234,0.708584159425825,"116769,117587","10-129-09,10-418-09",3.59211439600459,-0.000525054220586676,-0.000212303841268486,-0.0316553182199788,9.39032377431453e-10,3.98680883585661e-05,0.978907044486884,0.902353386813414,0.461057179134633,0.000114706152795461,0.00798331671624346,0.256494462084193,7.79103885280932,-4.57738497709821,-0.0265934383934082,-0.123415211239875,0.0358810172326545
"Bcell","cg12452977","LM32","CpG ~ as.numeric(LM) +Age + Gender",47,13.6395169153647,0.0851063829787234,0.708584159425825,"116769,117587","10-129-09,10-418-09",2.91623396951131,0.00151020047263377,-0.0107114751709296,0.13674464080884,0.000854736027078925,2.77049112888919e-09,0.451102334746863,0.763969914448618,0.813426001898767,0.000202371791361599,0.0140846682196207,0.45252362232797,3.58512509153137,7.46250484058492,-0.760506034214419,0.302182326096853,1.17701992528234e-05
"Bcell","cg07729943","LM32","CpG ~ as.numeric(LM) +Age + Gender",47,-65.9467102422571,0.0851063829787234,0.708584159425825,"116769,117587","10-129-09,10-418-09",3.29284393431715,0.000565917517241505,-0.00868451197980369,-0.121069008033277,4.82363497027816e-12,6.38399404130423e-08,0.157728098945706,0.536010407123788,0.348832885303649,8.67859347008189e-05,0.0060401258899102,0.19406205417118,9.43960295329043,6.52084371957758,-1.43780314153896,-0.623867497179454,0.000153402288837517
"Bcell","cg20140092","LM32","CpG ~ as.numeric(LM) +Age + Gender",47,-82.1259772503116,0.0851063829787234,0.708584159425825,"116769,117587","10-129-09,10-418-09",2.95936129823332,0.000412344948326977,-0.00511059211447058,0.204181331466008,6.83594853104209e-13,1.20316314743485e-06,0.320508152522925,0.218147332184334,0.293674821843091,7.30631915324256e-05,0.00508505066282713,0.163376624126525,10.0770004035773,5.64367555917644,-1.00502285096787,1.24975854139257,0.00196409922918783
"Bcell","cg04786076","LM32","CpG ~ as.numeric(LM) +Age + Gender",47,-8.43734738081446,0.0851063829787234,0.708584159425825,"116769,117587","10-129-09,10-418-09",2.71719672536491,0.00164346364371707,-0.0129513272799161,0.453072507135131,0.00012199961774884,3.81119322351191e-13,0.251257680554839,0.212234863487415,0.643160755419787,0.00016001159774086,0.0111364842417413,0.357801980883784,4.22475516807833,10.2709032777653,-1.16296373242935,1.26626606710233,5.21367421783206e-08
"Bcell","cg22169866","LM32","CpG ~ as.numeric(LM) +Age + Gender",47,-99.1306235247872,0.0851063829787234,0.708584159425825,"116769,117587","10-129-09,10-418-09",2.74663874013557,-0.000401500895310823,-0.00268484304935285,-0.064276554217588,2.42868168763095e-14,5.15071178252939e-08,0.53028951209637,0.639709622006464,0.245077041148435,6.09725773740161e-05,0.00424356832061489,0.136340798242288,11.2072462082322,-6.58494215929152,-0.632685241877718,-0.471440354217111,0.000128578872470481
"Bcell","cg16318729","LM32","CpG ~ as.numeric(LM) +Age + Gender",47,-83.6331332350903,0.0851063829787234,0.708584159425825,"116769,117587","10-129-09,10-418-09",2.97551778736214,0.000346064164928586,0.00753169742094997,0.46473643290293,3.53722396866147e-13,1.86268666139706e-05,0.139613170788983,0.00600618322339989,0.289003712126154,7.19010688084698e-05,0.00500416926682193,0.160778001160864,10.2957770523836,4.81306009303468,1.50508446444563,2.8905473979487,0.0197529978753842
"Bcell","cg01836056","LM32","CpG ~ as.numeric(LM) +Age + Gender",47,-122.13442701268,0.0851063829787234,0.708584159425825,"116769,117587","10-129-09,10-418-09",2.95767505483495,0.000260508666618983,0.00208782382633949,0.0327706388148366,4.00450686655592e-19,2.23830374894079e-06,0.533058609701854,0.760324258949764,0.191876378193028,4.77368147615856e-05,0.00332238595732471,0.106744305562396,15.4144824010568,5.45718577831501,0.628410983298481,0.307001283508101,0.00334026905053473
"Bcell","cg13907973","LM32","CpG ~ as.numeric(LM) +Age + Gender",47,5.81967372117157,0.0851063829787234,0.708584159425825,"116769,117587","10-129-09,10-418-09",-2.75269546386979,-0.00153708337218321,0.00471568188279077,-0.122798670650559,0.000650028177783701,2.0750816200117e-10,0.717750265854587,0.76948607615716,0.74849546022288,0.000186217758908302,0.0129603801655256,0.416401585596537,-3.67763815568116,-8.25422548952546,0.363853669611823,-0.294904426155434,1.91803439551338e-06
"Bcell","cg00417576","LM32","CpG ~ as.numeric(LM) +Age + Gender",47,18.508826356787,0.0851063829787234,0.708584159425825,"116769,117587","10-129-09,10-418-09",4.25955274882626,0.00132110188383377,-0.0176699480399121,0.6813593633498,1.10867641743388e-05,1.88006547316061e-07,0.240101481345942,0.160035467256985,0.856672864620089,0.000213131153687432,0.0148334981212312,0.476582635596897,4.97220458910562,6.19853954232909,-1.19121921852143,1.42967727411308,0.000387335958829666
"Bcell","cg17091875","LM32","CpG ~ as.numeric(LM) +Age + Gender",47,-79.9948813535437,0.0851063829787234,0.708584159425825,"116769,117587","10-129-09,10-418-09",3.52736512449798,0.000348978270395935,-7.40134229672783e-05,0.215882747636398,5.30597862912238e-15,2.96619497484331e-05,0.988713233505724,0.20334025465476,0.300408837933343,7.47385435571469e-05,0.00520165178228407,0.16712287928294,11.7418819924355,4.66932126030925,-0.0142288307762844,1.29176058097292,0.0286158326067412
"Bcell","cg07061217","LM32","CpG ~ as.numeric(LM) +Age + Gender",47,-61.8444533224048,0.0851063829787234,0.708584159425825,"116769,117587","10-129-09,10-418-09",3.8526530747664,0.00042928025357196,-0.00616176454997591,0.147656713209007,1.54948818628901e-13,2.39757713619113e-05,0.334241460336588,0.470327774732491,0.364393380561959,9.06572214466904e-05,0.0063095596337722,0.202718639604976,10.5727855671388,4.73520196981099,-0.976576006508409,0.728382518236781,0.0244401009429069
"Bcell","cg17226651","LM32","CpG ~ as.numeric(LM) +Age + Gender",47,-157.237033619937,0.0851063829787234,0.708584159425825,"116769,117587","10-129-09,10-418-09",3.18984720943642,0.000147413506963974,-0.00664769837620448,0.173387981078667,1.22150807575442e-26,5.33996055319212e-05,0.00575353982556066,0.0229000619577886,0.132081521079704,3.28604863432815e-05,0.00228702352519829,0.0734793432003104,24.1505941433815,4.48604154619012,-2.9067031025088,2.35968332768025,0.0445619872381953
"Bcell","cg15280030","LM32","CpG ~ as.numeric(LM) +Age + Gender",47,-41.2251439096931,0.0851063829787234,0.708584159425825,"116769,117587","10-129-09,10-418-09",3.5571329535877,0.000596680628889371,-0.010730985415903,0.359498310977725,8.02203195872435e-10,3.95629495156863e-06,0.179114219102031,0.161635989207173,0.453769044191244,0.000112892941857115,0.00785712089464711,0.252439940570375,7.83908245642363,5.28536699525975,-1.36576559783035,1.42409442089654,0.00536921818531386
"Bcell","cg10130022","LM32","CpG ~ as.numeric(LM) +Age + Gender",47,-49.0133568181113,0.0851063829787234,0.708584159425825,"116769,117587","10-129-09,10-418-09",3.80180744279884,0.000633601592220027,-0.0136756340653676,0.665732559898798,1.3853100622088e-11,2.64010522937702e-07,0.0653886481036877,0.00642690980779081,0.417688118714051,0.000103916388973681,0.00723237093187622,0.232367468021216,9.10202438724756,6.09722487932581,-1.89089223909868,2.86499898444482,0.000526477777366686
"Bcell","cg27298230","LM32","CpG ~ as.numeric(LM) +Age + Gender",47,-88.5147633213753,0.0851063829787234,0.708584159425825,"116769,117587","10-129-09,10-418-09",3.23673390775212,-0.000409652283537015,0.00151359202272962,0.0770427180766427,4.55029001548391e-15,3.64246536037959e-07,0.75158058003429,0.616325666599003,0.274378159162938,6.826238582328e-05,0.00475092427522523,0.152641541064906,11.7966164567421,-6.00114218974908,0.31858895975728,0.504729692449073,0.000699839352295741
"Bcell","cg14157524","LM32","CpG ~ as.numeric(LM) +Age + Gender",47,-55.073577639413,0.0851063829787234,0.708584159425825,"116769,117587","10-129-09,10-418-09",4.20026922244412,0.000470144309344285,-0.00814507564412117,0.218964126542304,9.86713161171096e-14,1.78863683394081e-05,0.23625022537887,0.320485175190918,0.391609273835821,9.74282480213031e-05,0.00678080941699545,0.217859334124736,10.725663315637,4.82554411982741,-1.20119518824793,1.00507112730334,0.0190860944029851
"Bcell","cg03620236","LM32","CpG ~ as.numeric(LM) +Age + Gender",47,18.8909015745339,0.0851063829787234,0.708584159425825,"116769,117587","10-129-09,10-418-09",4.66650867374222,0.00133284458259532,-0.0238783956276123,0.950089966465466,2.48955498672419e-06,1.7017664842589e-07,0.11620469216743,0.0534941022984319,0.860162009062079,0.000213999215944351,0.0148939135022505,0.47852370986552,5.42515087225323,6.22826853226376,-1.603231791564,1.98546058821718,0.00035685469727738
"Bcell","cg17877485","LM32","CpG ~ as.numeric(LM) +Age + Gender",47,13.3216043756968,0.0851063829787234,0.708584159425825,"116769,117587","10-129-09,10-418-09",4.68824992480982,0.00109737048530489,-0.0266115813159794,0.513972114604408,7.55398969115042e-07,2.36258337926943e-06,0.0647197279457221,0.2607456295469,0.810679602721633,0.000201688516275761,0.0140371136527415,0.45099575070708,5.78311074938893,5.4409170416252,-1.89580151406568,1.13963848616886,0.0034902704503313
"Bcell","cg01769980","LM32","CpG ~ as.numeric(LM) +Age + Gender",47,27.1308322554677,0.0851063829787234,0.708584159425825,"116769,117587","10-129-09,10-418-09",4.39265470359422,0.00124114292143181,-0.0098951388277869,-0.15528968202908,2.88262537961164e-05,3.61060964064046e-06,0.545980918726561,0.767682286854005,0.93896630173423,0.000233604891000005,0.016258428914812,0.522363965637715,4.67818141660801,5.31300058024803,-0.608615929597728,-0.297282531423274,0.00498916957808055
"Bcell","cg16675581","LM32","CpG ~ as.numeric(LM) +Age + Gender",47,4.63441282212816,0.0851063829787234,0.708584159425825,"116769,117587","10-129-09,10-418-09",2.06526596397312,-0.000912017246594976,0.00864640387575906,-0.167659288222722,0.00773976139546065,1.15484555685439e-05,0.50290781978547,0.685482125836534,0.739116814999713,0.000183884451109035,0.0127979866521519,0.411184075338678,2.79423485173168,-4.95973009732179,0.675606570843331,-0.407747523015395,0.013388281129841
"Bcell","cg05666055","LM32","CpG ~ as.numeric(LM) +Age + Gender",47,37.8742604404847,0.0851063829787234,0.708584159425825,"116769,117587","10-129-09,10-418-09",-4.40726590181901,-0.00146541304696672,0.0351649847023976,-0.527222059119914,0.000137373705769514,1.41256241649244e-06,0.0603119707579503,0.372978769558332,1.05265558658949,0.000261889583376535,0.0182269864155243,0.585611374599913,-4.18680711712952,-5.59553773797791,1.92928133596714,-0.900293406152007,0.0022560625776184
"Bcell","cg09460999","LM32","CpG ~ as.numeric(LM) +Age + Gender",47,-53.2995221386902,0.0851063829787234,0.708584159425825,"116769,117587","10-129-09,10-418-09",3.28064004421615,0.000461462997863771,-0.00302341991509445,-0.0140057421313947,2.3130539080032e-10,3.17833863145899e-05,0.663907634347248,0.94999030765022,0.39907027258308,9.9284465646883e-05,0.00690999841722024,0.222010022904555,8.22070765377087,4.64788720830728,-0.437542779685718,-0.0630860802956447,0.0301939962808999
"Bcell","cg05624707","LM32","CpG ~ as.numeric(LM) +Age + Gender",47,28.6841066206592,0.0851063829787234,0.708584159425825,"116769,117587","10-129-09,10-418-09",-4.42227941347482,-0.00136822044008118,0.0270302456459551,-0.635456472429684,3.33925760479448e-05,8.13318863536086e-07,0.109288498602058,0.238032134385681,0.954610865290291,0.000237497093049756,0.0165293183216094,0.53106731978868,-4.63254669967541,-5.76099868217981,1.63529100958855,-1.19656482097701,0.00137699513877318
"Bcell","cg01275262","LM32","CpG ~ as.numeric(LM) +Age + Gender",47,5.22008772183169,0.0851063829787234,0.708584159425825,"116769,117587","10-129-09,10-418-09",3.59714146278597,0.00158691986933262,-0.0254713954877084,0.712858656538344,1.72558814451078e-05,7.35149588333544e-11,0.0543705851184981,0.0920913473560009,0.74373632059526,0.000185033735273044,0.0128779745102977,0.413753989996657,4.83658167979069,8.57638131225579,-1.97790385959691,1.72290460943737,9.80283233667068e-07
"Bcell","cg03741862","LM32","CpG ~ as.numeric(LM) +Age + Gender",47,-31.0398155392872,0.0851063829787234,0.708584159425825,"116769,117587","10-129-09,10-418-09",-4.37620664017012,-0.000866176658697822,0.0116869823241102,-0.663522699382462,5.73890042989653e-11,1.89070449314224e-08,0.189001519341616,0.0229633751755126,0.505699648242164,0.000125812727238628,0.00875631188042128,0.281329876471055,-8.65376643108616,-6.88465052549853,1.33469233208125,-2.35852198744604,5.47979838892723e-05
"Bcell","cg14899711","LM32","CpG ~ as.numeric(LM) +Age + Gender",47,12.7985199541036,0.0851063829787234,0.708584159425825,"116769,117587","10-129-09,10-418-09",-2.37332344374096,-0.00148466858910228,0.00337663809878779,-0.885788435625183,0.00520894643923824,3.38128919314672e-09,0.810012944410432,0.0547068410447415,0.806180919908866,0.00020056929154301,0.0139592178703406,0.448493051952201,-2.94390922078539,-7.40227268930603,0.24189307238783,-1.97503268282423,1.35250579044818e-05
"Bcell","cg12960486","LM32","CpG ~ as.numeric(LM) +Age + Gender",47,-9.380106173,0.0851063829787234,0.708584159425825,"116769,117587","10-129-09,10-418-09",4.07906358498779,0.000990861646720733,-0.0164567862474681,0.953411418771916,9.37538407806822e-08,1.55668181967178e-07,0.142835061085148,0.0100927597745545,0.636742511040736,0.000158414806380179,0.0110253507859379,0.354231395251392,6.40614300798087,6.25485501868283,-1.49263153318057,2.69149327686016,0.000330671609082733
"Bcell","cg18609028","LM32","CpG ~ as.numeric(LM) +Age + Gender",47,3.80428216321933,0.0851063829787234,0.708584159425825,"116769,117587","10-129-09,10-418-09",4.05348513595362,0.00128944402514256,-0.0130152319232536,0.325564569328027,1.74029679167851e-06,1.00410548069207e-08,0.3106308698459,0.428798540525771,0.732618280508097,0.000182267684417014,0.0126854629536046,0.407568822861987,5.53287468221839,7.07445222265741,-1.02599581669625,0.798796549357925,3.27049108698082e-05
"Bcell","cg03217477","LM32","CpG ~ as.numeric(LM) +Age + Gender",47,-89.723144376218,0.0851063829787234,0.708584159425825,"116769,117587","10-129-09,10-418-09",3.78253434610495,0.000377456956465225,-0.00996451608940257,0.0399442373534697,1.40298473585607e-17,1.38688984590579e-06,0.0394154095859787,0.792220394325409,0.270873569874628,6.73904810518485e-05,0.00469024146295139,0.150691874548449,13.9642060606196,5.60104261868704,-2.12452091605797,0.265072270639431,0.00223064215235028
"Bcell","cg01149894","LM32","CpG ~ as.numeric(LM) +Age + Gender",47,-69.5554871184668,0.0851063829787234,0.708584159425825,"116769,117587","10-129-09,10-418-09",3.04270450212584,-0.000520977199107039,0.0128655086698943,-0.234725764311002,1.56188391075006e-11,1.64738516317789e-07,0.0322280270332274,0.215582382805184,0.335694568921874,8.35172604570048e-05,0.00581263275990237,0.186752970730899,9.06390744389422,-6.23795843226013,2.21337029214115,-1.25687834250963,0.000346708681442419
"Bcell","cg20608813","LM32","CpG ~ as.numeric(LM) +Age + Gender",47,10.7052757927652,0.0851063829787234,0.708584159425825,"116769,117587","10-129-09,10-418-09",3.61906959154211,0.00153034910833278,-0.0152635044237283,0.227963963799579,3.82566299359524e-05,9.06343082699342e-10,0.269749948447457,0.605913982573433,0.788426848251964,0.000196152266175266,0.0136518018198933,0.438616140225138,4.59024144036447,7.80184261019642,-1.1180578670199,0.519734553504043,4.79646448519013e-06
"Bcell","cg14176755","LM32","CpG ~ as.numeric(LM) +Age + Gender",47,53.6155220083063,0.0851063829787234,0.708584159425825,"116769,117587","10-129-09,10-418-09",5.70919607166819,0.0013969709194557,-0.0303045653938071,0.601749531742824,3.86137364339204e-05,4.91963552990873e-05,0.166832252186018,0.389607555633735,1.24455287744788,0.000309631600988218,0.0215497344807146,0.692367314256946,4.58734713094363,4.51171945950329,-1.40626166048252,0.869118919035955,0.0418013180655891
"Bcell","cg19864036","LM32","CpG ~ as.numeric(LM) +Age + Gender",47,-77.1965373742995,0.0851063829787234,0.708584159425825,"116769,117587","10-129-09,10-418-09",3.42598618715351,0.000420183341917748,-0.00383914190326616,0.22367003019999,3.61126760750395e-14,2.23861384483699e-06,0.477608827424733,0.200831927099472,0.30948634042096,7.69969302268872e-05,0.00535883093626048,0.172172858380976,11.0699108157521,5.45714407937553,-0.716414074063923,1.29910156747856,0.00334026905053473
"Bcell","cg14868453","LM32","CpG ~ as.numeric(LM) +Age + Gender",47,-125.081926406463,0.0851063829787234,0.708584159425825,"116769,117587","10-129-09,10-418-09",2.04193501609815,-0.000230547517062539,-0.00159332043976624,-0.169503074804196,4.67606527939554e-14,1.06882951938309e-05,0.623227228073653,0.108611745059202,0.185953180549462,4.62631857960508e-05,0.00321982435563738,0.103449123398101,10.9809093346215,-4.98339042362749,-0.494847005233871,-1.63851629899174,0.0124846196779562
"Bcell","cg15870379","LM32","CpG ~ as.numeric(LM) +Age + Gender",47,24.3348373622724,0.0851063829787234,0.708584159425825,"116769,117587","10-129-09,10-418-09",5.19640917900173,0.00145564811064759,-0.03548606516851,0.044912367915725,9.92851166150279e-07,8.96890578250829e-08,0.0297219376893552,0.929831006032003,0.911448383695269,0.000226758723856237,0.0157819494996363,0.507055249269112,5.7012654495409,6.4193698301568,-2.24852228612998,0.0885748998367798,0.000203135321546581
"Bcell","cg06566678","LM32","CpG ~ as.numeric(LM) +Age + Gender",47,-88.9778320895933,0.0851063829787234,0.708584159425825,"116769,117587","10-129-09,10-418-09",2.71871054983145,0.000458227285937321,-0.00441226882387469,0.359074117717492,9.820444321474e-13,3.00596974931112e-08,0.35587420559488,0.0226651220457223,0.273029823908698,6.79269342639254e-05,0.00472757752375619,0.151891437734134,9.95755888829416,6.74588498513581,-0.933304382995929,2.36401816372299,8.0947570026774e-05
"Bcell","cg27179379","LM32","CpG ~ as.numeric(LM) +Age + Gender",47,-26.3775719274221,0.0851063829787234,0.708584159425825,"116769,117587","10-129-09,10-418-09",-5.21161254616437,-0.000821830928845789,0.0106706809047046,-0.0730514022401699,1.5540884736747e-12,1.77263875629066e-07,0.252586224648488,0.806006976769436,0.531413931083589,0.000132210169009669,0.0092015609153446,0.295635197901407,-9.80706797719349,-6.21609468471133,1.15965986672002,-0.24709981341441,0.000369535521870003
"Bcell","cg18298920","LM32","CpG ~ as.numeric(LM) +Age + Gender",47,11.9318916286892,0.0851063829787234,0.708584159425825,"116769,117587","10-129-09,10-418-09",-0.380963325443913,-0.00187345276811892,0.0151800704653302,-0.772422099872268,0.635826998442408,5.01321520184227e-12,0.278517612707834,0.0893304362378818,0.798782531947895,0.000198728650819263,0.0138311129910435,0.444377194687163,-0.476929965550078,-9.42719009259899,1.0975306524616,-1.73821273707812,1.90500785110228e-07
"Bcell","cg20654471","LM32","CpG ~ as.numeric(LM) +Age + Gender",47,-104.773854400946,0.0851063829787234,0.708584159425825,"116769,117587","10-129-09,10-418-09",2.87453117170229,-0.00038238457602097,0.004612690137139,-0.0886651997066433,7.3906442952836e-16,4.01376946032659e-08,0.254777088906932,0.493554458702581,0.230796932486368,5.74198372796067e-05,0.00399630478075281,0.128396515069742,12.4548066594086,-6.65945070793118,1.15423882566587,-0.69055768109035,0.000104387765856125
"Bcell","cg02242919","LM32","CpG ~ as.numeric(LM) +Age + Gender",47,-115.578253177437,0.0851063829787234,0.708584159425825,"116769,117587","10-129-09,10-418-09",-4.37797657422073,-0.000309383111059685,0.00887864042749197,-0.205623201584439,1.86908427848187e-24,3.15128642997874e-07,0.0166229706795353,0.0794357479160676,0.20573683071079,5.11851488430563e-05,0.0035623830494152,0.114455126418629,-21.2794984694548,-6.04439213429493,2.49233176341031,-1.79653990186823,0.000617611507642782
"Bcell","cg09124532","LM32","CpG ~ as.numeric(LM) +Age + Gender",47,-123.729927855024,0.0851063829787234,0.708584159425825,"116769,117587","10-129-09,10-418-09",-1.41815386179879,0.000219300525936304,-0.00507193941396796,0.0562661722655485,2.31023088267928e-09,2.93508824459428e-05,0.127818016780961,0.594628083007631,0.188647064903108,4.69333957488871e-05,0.00326646961562977,0.104947780071233,-7.51749762195969,4.67259021933235,-1.55272817775472,0.536134944706386,0.0284763926788832
"Bcell","cg11533257","LM32","CpG ~ as.numeric(LM) +Age + Gender",47,29.7925192010749,0.0851063829787234,0.708584159425825,"116769,117587","10-129-09,10-418-09",5.03259598431734,0.00130666983029338,-0.0272280110846776,0.185475842811647,5.07345240562143e-06,2.39081099024304e-06,0.110842609456325,0.731659054409866,0.965933904218538,0.00024031414545061,0.0167253794828827,0.537366531492769,5.21008317684927,5.43734047716274,-1.62794578816843,0.345157042617461,0.00352435940360191
"Bcell","cg19034208","LM32","CpG ~ as.numeric(LM) +Age + Gender",47,17.7741289419085,0.0851063829787234,0.708584159425825,"116769,117587","10-129-09,10-418-09",2.2485338534268,0.00169872403046883,-0.0172839049479191,1.17600192943554,0.0113515215256666,4.25898482326389e-10,0.246722939177891,0.0168443068336885,0.850003268026943,0.000211471828552677,0.0147180124409678,0.47287221817386,2.64532377463227,8.03286207006851,-1.17433688938929,2.48693385705134,3.09906842998764e-06
"Bcell","cg18747265","LM32","CpG ~ as.numeric(LM) +Age + Gender",47,17.0833631275948,0.0851063829787234,0.708584159425825,"116769,117587","10-129-09,10-418-09",2.95829287456293,0.0014897471752932,-0.0108279154743527,0.255613286288205,0.00107768764779563,9.32675331575964e-09,0.462650480146211,0.588881847849784,0.843779852010823,0.000209923508429358,0.0146102524854524,0.469410019089623,3.50600084549658,7.09661908015659,-0.741117614848489,0.544541607322193,3.06704453567933e-05
"Bcell","cg03764418","LM32","CpG ~ as.numeric(LM) +Age + Gender",47,-71.7313668995223,0.0851063829787234,0.708584159425825,"116769,117587","10-129-09,10-418-09",4.66743967002849,-0.000565350824356248,-0.00180367411476842,-0.0513756722982988,7.1916843146311e-18,1.63716527788687e-08,0.752348911426944,0.779645360426027,0.32801327110181,8.16062347506717e-05,0.0056796292278796,0.182479725585549,14.2294232619015,-6.92778959945331,-0.31756898952395,-0.281541810376151,4.82677958727685e-05
"Bcell","cg00971582","LM32","CpG ~ as.numeric(LM) +Age + Gender",47,-0.096561914677892,0.0851063829787234,0.708584159425825,"116769,117587","10-129-09,10-418-09",2.79318132047302,0.00141426293967988,-0.00192950750433465,0.768283129296655,0.000265326366761542,3.55865999604233e-10,0.874766751470864,0.055906613965638,0.702838026293094,0.000174858671945534,0.0121698106396447,0.391001527890148,3.97414655437015,8.0880343190551,-0.158548687524277,1.96491081107106,2.78618009245129e-06
"Bcell","cg02475675","LM32","CpG ~ as.numeric(LM) +Age + Gender",47,-87.5119487407959,0.0851063829787234,0.708584159425825,"116769,117587","10-129-09,10-418-09",2.60601949081102,0.000368092044294242,0.0044743547890676,0.138917158247912,5.50429393983593e-12,3.35595337816015e-06,0.356646289799502,0.372906886440111,0.277320960621859,6.89945237208554e-05,0.00480187959517857,0.154278674833527,9.39712412998762,5.33509073536769,0.931792374294469,0.90043007173745,0.00470380190757101
"Bcell","cg27484857","LM32","CpG ~ as.numeric(LM) +Age + Gender",47,-12.6477069078005,0.0851063829787234,0.708584159425825,"116769,117587","10-129-09,10-418-09",-4.8549071126041,-0.00125888827129779,0.0142424962224638,-0.87361964286626,6.69537171901307e-10,2.25987554871936e-10,0.188094622666784,0.0142940254571877,0.614988545618132,0.000153002649722396,0.0106486756062372,0.342129270153282,-7.89430493819097,-8.22788542278113,1.33748991415624,-2.55347822907657,2.00745918954065e-06
"Bcell","cg25103197","LM32","CpG ~ as.numeric(LM) +Age + Gender",47,16.1733514034135,0.0851063829787234,0.708584159425825,"116769,117587","10-129-09,10-418-09",3.12875893835054,0.00138774882223451,-0.0012216382019426,0.650813226092645,0.000533021700065707,3.80970099635544e-08,0.933107576835152,0.168706180018317,0.835650652473899,0.00020790104951019,0.0144694934267287,0.4648875981042,3.74409919873577,6.67504481340529,-0.0844285398192265,1.39993673470027,9.98397100767103e-05
"Bcell","cg15271822","LM32","CpG ~ as.numeric(LM) +Age + Gender",47,-45.0557527291312,0.0851063829787234,0.708584159425825,"116769,117587","10-129-09,10-418-09",3.98740935339483,0.000489493990790483,-0.0115446070564412,0.419938608144828,1.18101994947926e-11,4.84882204350318e-05,0.133234415752405,0.0903149420428274,0.435649141350743,0.000108384901557726,0.00754337038865826,0.242359510327828,9.1527997531035,4.51625626591338,-1.53043088985779,1.73270942649124,0.0414053687096874
"Bcell","cg02391344","LM32","CpG ~ as.numeric(LM) +Age + Gender",47,36.9001570433541,0.0851063829787234,0.708584159425825,"116769,117587","10-129-09,10-418-09",2.65878822165149,0.00160477239274164,-0.0183430882004237,1.12954074792857,0.0143430038323257,1.9249630718741e-07,0.314910953238589,0.0578488743520594,1.0418034514489,0.000259189686860598,0.0180390790673784,0.579574135204627,2.55210156767456,6.1914978646691,-1.01685280783513,1.94891503833201,0.000395394929833791
"Bcell","cg22175681","LM32","CpG ~ as.numeric(LM) +Age + Gender",47,4.1163515755812,0.0851063829787234,0.708584159425825,"116769,117587","10-129-09,10-418-09",2.67873505436235,0.00148919154584048,-0.0068177931539475,0.791748178346953,0.000717741004758221,2.9736886959993e-10,0.594948041778073,0.0594372466570135,0.73505453248478,0.000182873798157635,0.0127276472465961,0.408924153976088,3.64426710669635,8.14327454694636,-0.535667984966418,1.93617366606632,2.48047341417078e-06
"Bcell","cg13334396","LM32","CpG ~ as.numeric(LM) +Age + Gender",47,14.5313428812337,0.0851063829787234,0.708584159425825,"116769,117587","10-129-09,10-418-09",3.13404238494725,0.00139158886766815,-0.00460473152841932,0.57940020971655,0.000428684776543313,2.41424820632617e-08,0.747625254365826,0.211519879096579,0.821180114899217,0.000204300932715156,0.0142189325641263,0.456837375877418,3.81651032225967,6.81146605242551,-0.323845092284694,1.26828547818298,6.76776107330356e-05
"Bcell","cg09836433","LM32","CpG ~ as.numeric(LM) +Age + Gender",47,38.2025853910668,0.0851063829787234,0.708584159425825,"116769,117587","10-129-09,10-418-09",2.1894346395425,0.00141883649544184,-0.00114033773677257,0.179929769378757,0.0442319298348178,2.71706713177301e-06,0.950576985202233,0.760945304969641,1.05633875019289,0.000262805915550031,0.0182907612853113,0.587660385243225,2.07266337540179,5.39879969015283,-0.0623450122706666,0.306179851317162,0.00389614325533979
"Bcell","cg24584345","LM32","CpG ~ as.numeric(LM) +Age + Gender",47,16.4553897732612,0.0851063829787234,0.708584159425825,"116769,117587","10-129-09,10-418-09",3.24821581220098,0.00146142007200972,-0.0130062053485401,0.539956540070913,0.000358648873737893,1.25148521568929e-08,0.375147608541448,0.253256430420337,0.838161710751556,0.000208525774267792,0.0145129730089382,0.466284545318857,3.87540467493844,7.00834262402953,-0.89617787758097,1.15799793386177,3.86516097287039e-05
"Bcell","cg16435561","LM32","CpG ~ as.numeric(LM) +Age + Gender",47,8.69895260828234,0.0851063829787234,0.708584159425825,"116769,117587","10-129-09,10-418-09",-3.46207876608589,-0.00155255495875615,0.0233063038814598,-1.21001760435823,5.34316928091003e-05,3.58458538638022e-10,0.0883002175655909,0.00726896508013727,0.771777090251907,0.000192009982372753,0.0133635072278587,0.429353578193089,-4.48585324676568,-8.08580335027658,1.74402598689613,-2.81823109394016,2.78618009245129e-06
"Bcell","cg12789068","LM32","CpG ~ as.numeric(LM) +Age + Gender",47,-54.2473956635094,0.0851063829787234,0.708584159425825,"116769,117587","10-129-09,10-418-09",2.88909137466097,-0.000445713844829354,-0.00323328071281948,-0.0844130987038863,4.54598434171206e-09,4.57023861744616e-05,0.638849249451555,0.702815266396045,0.39506636452403,9.82883356430896e-05,0.00684066977950526,0.219782576309388,7.31292672344229,-4.53475828960881,-0.472655575702021,-0.384075480965597,0.0396703091769047
"Bcell","cg13659991","LM32","CpG ~ as.numeric(LM) +Age + Gender",47,0.562543382503301,0.0851063829787234,0.708584159425825,"116769,117587","10-129-09,10-418-09",4.29766221669226,0.00149778336673902,-0.027132491978973,0.621049673128786,2.87290737090894e-07,9.21869090671963e-11,0.0321878986560781,0.122065581068625,0.707783474667471,0.000176089047227702,0.0122554422759432,0.393752770421349,6.07200135424379,8.50582923991986,-2.21391373465424,1.57725791354867,1.14646154304394e-06
"Bcell","cg07078114","LM32","CpG ~ as.numeric(LM) +Age + Gender",47,-96.8232206511757,0.0851063829787234,0.708584159425825,"116769,117587","10-129-09,10-418-09",-3.29235539261784,-0.000280171315044573,0.00707251488848641,-0.0562996057355629,1.28390342352083e-16,5.38141190300255e-05,0.111208111559469,0.689003330548011,0.251167350962178,6.24877820811157e-05,0.00434902351000032,0.139728947934554,-13.1082140254512,-4.48361752831747,1.62623054858719,-0.402920129062536,0.0445619872381953
"Bcell","cg09732684","LM32","CpG ~ as.numeric(LM) +Age + Gender",47,18.3226741819434,0.0851063829787234,0.708584159425825,"116769,117587","10-129-09,10-418-09",3.45639592331558,0.00139759883982038,-0.00513898518658186,-0.0393736338829978,0.00021489987899924,5.40666919665654e-08,0.730185913824415,0.934410340516349,0.854978037843838,0.000212709498699816,0.0148041517851447,0.475639772754774,4.04267217440139,6.57045805835276,-0.347131349446079,-0.0827803647599877,0.000133990387578518
"Bcell","cg24268486","LM32","CpG ~ as.numeric(LM) +Age + Gender",47,19.6667070831127,0.0851063829787234,0.708584159425825,"116769,117587","10-129-09,10-418-09",3.12720329139477,0.00117262223685865,0.0092027458612554,0.204141251081255,0.000804412274504311,2.41326598962205e-06,0.543231099290541,0.674330983674918,0.867290517459337,0.000215772713485273,0.0150173453515421,0.482489428239648,3.60571599532263,5.43452514415678,0.612807766341367,0.423099946098426,0.00353120267265468
"Bcell","cg21229411","LM32","CpG ~ as.numeric(LM) +Age + Gender",47,4.63098000420189,0.0851063829787234,0.708584159425825,"116769,117587","10-129-09,10-418-09",-5.37227950699432,-0.00147126712200247,0.0349724488463853,-0.344733971545946,5.26296188287164e-09,4.72004031385634e-10,0.00907805396823905,0.406429310886118,0.739089823434572,0.000183877735892928,0.0127975192866646,0.411169059441963,-7.26877753779531,-8.001333684352,2.73275218915494,-0.838423912572161,3.23291242279951e-06
"Bcell","cg06896984","LM32","CpG ~ as.numeric(LM) +Age + Gender",47,42.0516887511676,0.0851063829787234,0.708584159425825,"116769,117587","10-129-09,10-418-09",5.64643214335629,0.00164080374612516,-0.0714287870853101,0.891189713915494,6.5877605559502e-06,3.74421940927067e-07,0.00052602922566016,0.152748970106015,1.10049142286022,0.000273790633816025,0.0190552755055075,0.612223316996384,5.13082794292115,5.99291408641726,-3.74850455794591,1.45566117652582,0.000715370769509523
"Bcell","cg19327051","LM32","CpG ~ as.numeric(LM) +Age + Gender",47,54.3985640421448,0.0851063829787234,0.708584159425825,"116769,117587","10-129-09,10-418-09",6.62059358835331,0.0015514340427943,-0.0717003790306153,0.327298072521314,4.08715869338018e-06,1.12030679582673e-05,0.00195121222548562,0.641579554379947,1.25496359630522,0.000312221677798652,0.0217299985990131,0.698158985776375,5.2755264039891,4.96901449551111,-3.2996034815148,0.468801632850643,0.0130542461126321
"Bcell","cg16030806","LM32","CpG ~ as.numeric(LM) +Age + Gender",47,37.5840001590765,0.0851063829787234,0.708584159425825,"116769,117587","10-129-09,10-418-09",3.55002104662067,0.00130101705046382,0.000361733877721605,0.147798450179754,0.00153868080536236,1.06959658057184e-05,0.984209301897613,0.80134818337452,1.04941013072865,0.00026108214826282,0.0181707905613045,0.583805868704081,3.3828728565406,4.9831712321983,0.0199074375163364,0.253163693794024,0.0124846196779562
"Bcell","cg11406780","LM32","CpG ~ as.numeric(LM) +Age + Gender",47,-94.2086451073342,0.0851063829787234,0.708584159425825,"116769,117587","10-129-09,10-418-09",3.58429056683131,0.000556905015122307,0.000139871804653731,-0.00645803059794469,1.74172056803075e-17,5.48817125367549e-11,0.975191440871346,0.964354914707387,0.258251544160899,6.42502544690529e-05,0.00447168803089682,0.143670012960842,13.8790673197222,8.66774800698336,0.0312794192455504,-0.0449504420919407,9.15580901623846e-07
"Bcell","cg21460070","LM32","CpG ~ as.numeric(LM) +Age + Gender",47,22.4936162352876,0.0851063829787234,0.708584159425825,"116769,117587","10-129-09,10-418-09",3.31383218483851,0.00134963506676968,-0.00872577802803065,0.118017516039639,0.000594318754890886,2.89624724829929e-07,0.575797036170759,0.813508861736113,0.893769137035115,0.000222360314156784,0.0154758290621289,0.497219964043403,3.70770487313024,6.06958607648874,-0.563832670482488,0.237354741511017,0.000572548738901871
"Bcell","cg04212414","LM32","CpG ~ as.numeric(LM) +Age + Gender",47,-0.0823191836177628,0.0851063829787234,0.708584159425825,"116769,117587","10-129-09,10-418-09",3.12946269071461,0.00148329745666955,-0.00799023640240935,0.781757936136724,5.95308484058415e-05,9.96659651379315e-11,0.515024427941938,0.0519463484704852,0.70294452726544,0.000174885168261739,0.0121716547297734,0.391060776310625,4.4519340706566,8.48155090230179,-0.656462624006595,1.99907017909606,1.19598283902666e-06
"Bcell","cg27641851","LM32","CpG ~ as.numeric(LM) +Age + Gender",47,-89.6492153974346,0.0851063829787234,0.708584159425825,"116769,117587","10-129-09,10-418-09",-3.78182097789553,-0.000307977830081602,0.013274143869928,-0.434045147680221,1.45225328750033e-17,4.12901258052647e-05,0.00708620189378106,0.00620810908053797,0.271086689909106,6.74435030637482e-05,0.0046939316879621,0.15081043708489,-13.9505963172281,-4.56645660576822,2.82793716490813,-2.87808427632831,0.0366782332469767
"Bcell","cg18073566","LM32","CpG ~ as.numeric(LM) +Age + Gender",47,6.08109996643382,0.0851063829787234,0.708584159425825,"116769,117587","10-129-09,10-418-09",2.19986591912854,0.00164988605280916,-0.00211987333650076,0.157821775359974,0.0053938132781048,3.21775534895452e-11,0.871194900659796,0.707319157252547,0.750580020977213,0.000186736375590178,0.0129964748398289,0.417561264511782,2.9308879235347,8.83537579432349,-0.163111410026679,0.377960765935753,6.38374625615243e-07
"Bcell","cg26635673","LM32","CpG ~ as.numeric(LM) +Age + Gender",47,11.0354686344018,0.0851063829787234,0.708584159425825,"116769,117587","10-129-09,10-418-09",4.15280869425889,0.00144570340834727,-0.0170009231286428,0.786975991402294,4.46552132024794e-06,4.09470202814541e-09,0.221349167071246,0.0808350896060109,0.791201217099367,0.000196842499819428,0.0136998406883869,0.440159571880348,5.24873901165566,7.3444678343014,-1.24095772464377,1.78793338070636,1.53887676579193e-05
"Bcell","cg09762920","LM32","CpG ~ as.numeric(LM) +Age + Gender",47,-54.2024364551115,0.0851063829787234,0.708584159425825,"116769,117587","10-129-09,10-418-09",2.17635422040624,0.000450031860585634,1.19543059053234e-05,0.246910375783357,1.901802903419e-06,3.99813042520336e-05,0.998614415184077,0.267713586425184,0.395255365793698,9.83353571612398e-05,0.00684394238226216,0.219887721139987,5.50619778693196,4.5765010020528,0.00174669879400301,1.1228929678441,0.0359356270721021
"Bcell","cg02540220","LM32","CpG ~ as.numeric(LM) +Age + Gender",47,-74.0062780120488,0.0851063829787234,0.708584159425825,"116769,117587","10-129-09,10-418-09",3.72580674552287,0.000400711282143111,-0.00104860390535651,0.0523720167357392,7.13099375478795e-15,9.15710146626729e-06,0.850866739322429,0.770147867068896,0.320170250201196,7.96549740513103e-05,0.00554382542155076,0.178116510960427,11.636954848808,5.03058706522194,-0.18914807477166,0.294032352494122,0.0109118669293023
"Bcell","cg15448683","LM32","CpG ~ as.numeric(LM) +Age + Gender",47,20.1397029535072,0.0851063829787234,0.708584159425825,"116769,117587","10-129-09,10-418-09",3.33924151220134,0.00146672303971356,-0.0138622224246401,0.521732073551395,0.000410474521221575,2.83481577103948e-08,0.363507920951359,0.287968994348416,0.871665609647777,0.000216861190177044,0.0150931011323514,0.484923371291026,3.83087444914876,6.76341874964413,-0.918447594240728,1.07590622444609,7.77229792050477e-05
"Bcell","cg13851870","LM32","CpG ~ as.numeric(LM) +Age + Gender",47,-42.4978848910983,0.0851063829787234,0.708584159425825,"116769,117587","10-129-09,10-418-09",-2.71964917946937,-0.00061622437906838,0.00833872478364721,-0.197556768612974,2.84259261849473e-07,1.74018530121435e-06,0.288032483317048,0.431983415202177,0.447666509910872,0.00011137469583193,0.00775145403566145,0.249044990185843,-6.07516782975533,-5.53289393488709,1.07576265630731,-0.793257348664405,0.00269904318617712
"Bcell","cg13939691","LM32","CpG ~ as.numeric(LM) +Age + Gender",47,-69.9332434812352,0.0851063829787234,0.708584159425825,"116769,117587","10-129-09,10-418-09",4.26128598469333,0.000465259918332752,-0.0111684553671528,0.134010021568292,3.37416625663284e-16,1.42334184580092e-06,0.0603290162966216,0.475135121618501,0.334348225367479,8.31823044115194e-05,0.0057893204951985,0.186003975418836,12.7450533945852,5.59325594096335,-1.92914788124369,0.720468588192989,0.00226409001353163
"Bcell","cg16988093","LM32","CpG ~ as.numeric(LM) +Age + Gender",47,8.44239243932805,0.0851063829787234,0.708584159425825,"116769,117587","10-129-09,10-418-09",5.69286294620378,0.00102107239536582,-0.0398996316388204,0.701475632663426,3.44692113027648e-09,3.38663293586029e-06,0.0045531536371267,0.108665379797261,0.769673502066295,0.000191486631867094,0.0133270830889746,0.428183313973089,7.39646477489546,5.33234297041956,-2.99387580706457,1.63826008574335,0.00473709610422037
"Bcell","cg09120959","LM32","CpG ~ as.numeric(LM) +Age + Gender",47,29.4452110991023,0.0851063829787234,0.708584159425825,"116769,117587","10-129-09,10-418-09",2.32875099508424,0.00146314936773658,0.00402864217283433,0.452573731145303,0.0198293657682577,2.52082429469884e-07,0.81011415962193,0.402609088355548,0.96237158848014,0.000239427878948565,0.0166636971231453,0.535384750706253,2.41980439048705,6.11102338692519,0.241761605666649,0.845324284168143,0.000504161173524132
"Bcell","cg17933600","LM32","CpG ~ as.numeric(LM) +Age + Gender",47,-34.0935789109432,0.0851063829787234,0.708584159425825,"116769,117587","10-129-09,10-418-09",-2.13244401035315,-0.000665659594551592,-0.000669830148110807,-0.282277961790494,8.0697742448235e-05,2.17672040160646e-06,0.937381111666896,0.305762117816168,0.489535052465308,0.000121791146669083,0.00847641798977868,0.272337218973833,-4.35605989727216,-5.46558278460294,-0.0790227840248704,-1.03650159480264,0.00327223268372925
"Bcell","cg10179240","LM32","CpG ~ as.numeric(LM) +Age + Gender",47,33.9652835079503,0.0851063829787234,0.708584159425825,"116769,117587","10-129-09,10-418-09",2.84993033646721,0.00136560091421035,-0.00963081517354716,-0.101997652892974,0.00719122798815637,2.40285420058806e-06,0.584608984842345,0.856774489804047,1.00977874288395,0.000251222277870729,0.0174845634827839,0.561758209613389,2.82233148256592,5.43582729121279,-0.550818165007672,-0.181568602198392,0.00353120267265468
"Bcell","cg09439027","LM32","CpG ~ as.numeric(LM) +Age + Gender",47,-89.4599656207194,0.0851063829787234,0.708584159425825,"116769,117587","10-129-09,10-418-09",2.90240503034469,0.000448104577854239,-0.0118854025311163,0.511128799080902,1.112156524855e-13,4.41792486349743e-08,0.0152638823825693,0.0015407823699931,0.271633017295884,6.75794235428995e-05,0.00470339147897456,0.151114368908393,10.6850229741518,6.63078425890658,-2.52698559842346,3.38239707297956,0.000113602951767215
"Bcell","cg25687611","LM32","CpG ~ as.numeric(LM) +Age + Gender",47,26.7981263589987,0.0851063829787234,0.708584159425825,"116769,117587","10-129-09,10-418-09",3.55177445697191,0.00150802344811138,-0.0119542824957478,0.326298742876625,0.000455969544858175,7.3610132103562e-08,0.464599103595203,0.53405705620416,0.935648775995625,0.000232779525662479,0.0162009851532047,0.520518365963134,3.79605525929584,6.47833371006156,-0.73787380104988,0.626872679646687,0.000172427953110191
"Bcell","cg07899624","LM32","CpG ~ as.numeric(LM) +Age + Gender",47,11.6257107159741,0.0851063829787234,0.708584159425825,"116769,117587","10-129-09,10-418-09",3.31108402674975,0.00130556223869722,-3.78094054693754e-05,0.683020596323712,0.00014996825236117,5.0471949876792e-08,0.997824434886312,0.130390974670708,0.796184935335568,0.000198082396238705,0.0137861349766112,0.442932104629046,4.1586871087359,6.59100588183471,-0.00274256748055352,1.5420435529182,0.00012645626870321
"Bcell","cg06791405","LM32","CpG ~ as.numeric(LM) +Age + Gender",47,26.4255811437182,0.0851063829787234,0.708584159425825,"116769,117587","10-129-09,10-418-09",2.16561269467008,0.00141186298992313,-0.00435699057636993,0.493608537650495,0.0249334984151235,2.71093677667086e-07,0.7884506135974,0.346383912950809,0.931947907390548,0.000231858788671708,0.0161369037170258,0.518459505706614,2.32374865322011,6.08932272100413,-0.27000164670828,0.952067677836769,0.000537468753785213
"Bcell","cg19386714","LM32","CpG ~ as.numeric(LM) +Age + Gender",47,45.3950434858598,0.0851063829787234,0.708584159425825,"116769,117587","10-129-09,10-418-09",3.1893215448561,0.00167070225337263,-0.00244655940245867,-0.139493251308974,0.00768767449250303,5.30357488787271e-07,0.901966787260288,0.827000926528352,1.14033768294935,0.00028370396215133,0.0197452231489785,0.634390513409658,2.79682202258483,5.88889291747523,-0.123906394169328,-0.219885462282908,0.000954636501429078
"Bcell","cg08022070","LM32","CpG ~ as.numeric(LM) +Age + Gender",47,5.17056179009622,0.0851063829787234,0.708584159425825,"116769,117587","10-129-09,10-418-09",3.73998964262062,0.00158716624665171,-0.0278904812818251,1.1576781991829,9.13571450712475e-06,7.21494345572964e-11,0.0358284432788015,0.00763487249798805,0.743344570249614,0.000184936271927848,0.0128711912581881,0.413536052181729,5.03130014303426,8.58223338291874,-2.16689199331743,2.79946136032212,9.80283233667068e-07
"Bcell","cg16356606","LM32","CpG ~ as.numeric(LM) +Age + Gender",47,-37.4550244753818,0.0851063829787234,0.708584159425825,"116769,117587","10-129-09,10-418-09",3.30960927719466,-0.000522874937146389,0.00266032795911693,-0.358095298171369,1.25769252582192e-08,5.9991334246686e-05,0.746548988096599,0.180050248252345,0.472338556377761,0.000117512840209422,0.00817865649534929,0.262770496638033,7.00685817938552,-4.44951322948677,0.325276891214308,-1.36276828164863,0.0485606777136828
"Bcell","cg19175622","LM32","CpG ~ as.numeric(LM) +Age + Gender",47,56.0752007051358,0.0851063829787234,0.708584159425825,"116769,117587","10-129-09,10-418-09",4.40592587184837,0.00160765758678986,-0.0367695377349427,1.96557477574516,0.00127271278099219,8.36777280033753e-06,0.10374762768267,0.00833858543459518,1.27754865117166,0.000317840600725448,0.0221210642937084,0.710723460989585,3.44873431458569,5.05806238447982,-1.66219569034934,2.76559714661504,0.0100802095359804
"Bcell","cg02977935","LM32","CpG ~ as.numeric(LM) +Age + Gender",47,10.1950742842956,0.0851063829787234,0.708584159425825,"116769,117587","10-129-09,10-418-09",4.31632084424102,0.00123896293537295,-0.0109918209764364,0.171426018424351,1.91324498632127e-06,1.12894400894554e-07,0.42266333825252,0.696289810663953,0.784159115479686,0.000195090499371448,0.0135779049933753,0.436241923162086,5.50439414531404,6.35070871910574,-0.809537331554417,0.392960899268404,0.000248916547748798
"Bcell","cg03274234","LM32","CpG ~ as.numeric(LM) +Age + Gender",47,-17.1097100117943,0.0851063829787234,0.708584159425825,"116769,117587","10-129-09,10-418-09",4.64720976434659,0.000807540114770562,-0.0202518288613759,0.369288490749846,6.07730188382793e-10,1.73076998063117e-06,0.0524878514481383,0.263968212597137,0.586478215683633,0.000145909580988809,0.0101550123387464,0.326268457066893,7.92392562941069,5.53452425329424,-1.99426925205253,1.13185471274084,0.00269054093841322
"Bcell","cg12268069","LM32","CpG ~ as.numeric(LM) +Age + Gender",47,-31.5871927704246,0.0851063829787234,0.708584159425825,"116769,117587","10-129-09,10-418-09",-4.0082147052146,-0.00109201948105499,0.0126944225485044,-0.773865230601263,5.18791532670419e-10,4.49352628061333e-11,0.152047945023865,0.00831250028138993,0.502763434571267,0.00012508222831308,0.00870547062961302,0.279696407608268,-7.97236718026762,-8.73041275153555,1.45821209313169,-2.76680432622899,8.0882881797582e-07
"Bcell","cg21164813","LM32","CpG ~ as.numeric(LM) +Age + Gender",47,31.5623123120789,0.0851063829787234,0.708584159425825,"116769,117587","10-129-09,10-418-09",3.18273625572071,0.00144980854242129,-0.0115186024827324,0.290926017356188,0.00235126654398383,4.7721412103151e-07,0.502757913384278,0.597948752346726,0.984292388821118,0.000244881542370595,0.017043261089862,0.547579689092132,3.23352724441226,5.92044842737556,-0.67584498189634,0.531294390846625,0.00088219479112148
"Bcell","cg03338959","LM32","CpG ~ as.numeric(LM) +Age + Gender",47,-56.7020803775251,0.0851063829787234,0.708584159425825,"116769,117587","10-129-09,10-418-09",-4.18610636491316,-0.00048150422261113,0.00592546601109861,-0.315713346707864,6.34380884635833e-14,9.21974226558178e-06,0.378880846068108,0.147635141013525,0.384883270601145,9.5754889510353e-05,0.00666434704207336,0.214117536665052,-10.8763011662599,-5.02850794432873,0.889129268582497,-1.47448617065747,0.0109483639078934
"Bcell","cg14874742","LM32","CpG ~ as.numeric(LM) +Age + Gender",47,-119.608859773937,0.0851063829787234,0.708584159425825,"116769,117587","10-129-09,10-418-09",2.33540969293881,-0.000249118255556399,-0.0139148665886556,-0.184469973139293,3.93207501072835e-15,7.78020465870817e-06,0.000193160505746586,0.0997530348067728,0.197101542018734,4.90367802914528e-05,0.00341286093440493,0.109651158866995,11.8487641903727,-5.08023271666189,-4.07718534569644,-1.68233491597706,0.00950289479559481
"Bcell","cg16732267","LM32","CpG ~ as.numeric(LM) +Age + Gender",47,-9.9376680405538,0.0851063829787234,0.708584159425825,"116769,117587","10-129-09,10-418-09",2.62771338639282,0.00150481873804529,-0.00150773872321499,0.435443688166349,0.00015343149264651,3.36609001638626e-12,0.891225932772717,0.22295606283757,0.632976846038717,0.000157477948730747,0.0109601473844535,0.352136487585286,4.15135783060237,9.55574256696859,-0.137565551842273,1.23657645122869,1.90500785110228e-07
"Bcell","cg03331464","LM32","CpG ~ as.numeric(LM) +Age + Gender",47,-89.036889603616,0.0851063829787234,0.708584159425825,"116769,117587","10-129-09,10-418-09",3.73045568669361,0.000323557445292203,-0.00663100334884852,0.260910247755606,2.95960027381191e-17,2.16780702216889e-05,0.16764748489258,0.0928396906567549,0.272858340946516,6.78842711155089e-05,0.004724608254736,0.151796038655381,13.6717670925985,4.76630948488277,-1.40350331526461,1.7188211897146,0.0224661994564911
"Bcell","cg07493324","LM32","CpG ~ as.numeric(LM) +Age + Gender",47,-90.8903791337993,0.0851063829787234,0.708584159425825,"116769,117587","10-129-09,10-418-09",3.91074099864,0.000309575748203057,-0.0068618971579684,0.376603827479105,2.74219351595601e-18,3.14501808570316e-05,0.145818988764038,0.015135928138422,0.267530823879526,6.65588411810839e-05,0.0046323610064949,0.148832244388244,14.6179081046791,4.65115892509016,-1.48129585503969,2.53039137471243,0.0300025438940478
"Bcell","cg26784635","LM32","CpG ~ as.numeric(LM) +Age + Gender",47,-27.9583832297426,0.0851063829787234,0.708584159425825,"116769,117587","10-129-09,10-418-09",4.94563391274971,0.00153996850344393,-0.0283888750215119,0.889414328733066,4.46649942735934e-12,3.96899572853293e-15,0.00307291638442114,0.00380890563257803,0.522551794566019,0.000130005363116858,0.0090481108752972,0.290705030794461,9.46438987327003,11.845422885052,-3.13754720877903,3.05950786714082,2.71477323333788e-09
"Bcell","cg12042432","LM32","CpG ~ as.numeric(LM) +Age + Gender",47,-57.3189867308537,0.0851063829787234,0.708584159425825,"116769,117587","10-129-09,10-418-09",3.33989806133269,0.000867148728668558,-0.000867827654750967,0.255112047116168,4.43072834218057e-11,1.32763252909462e-11,0.896325842978973,0.236977202331182,0.382365616271117,9.51285237246421e-05,0.00662075324761958,0.212716919946956,8.73482844483728,9.11554909838185,-0.131076876345299,1.19930303231066,3.78372504890864e-07
"Bcell","cg09587910","LM32","CpG ~ as.numeric(LM) +Age + Gender",47,-90.4285924596154,0.0851063829787234,0.708584159425825,"116769,117587","10-129-09,10-418-09",3.73065442771348,0.000298269330326506,-0.010985297229952,0.260953735242742,1.75346353537861e-17,5.81459113634173e-05,0.0228935051258795,0.0881727796570804,0.268848335848274,6.68866242328102e-05,0.00465517404531082,0.149565200166848,13.8764274509733,4.45932701414754,-2.35980376308756,1.74474901214745,0.0474600389534852
"Bcell","cg01864957","LM32","CpG ~ as.numeric(LM) +Age + Gender",47,-154.811291435129,0.0851063829787234,0.708584159425825,"116769,117587","10-129-09,10-418-09",3.24420651156011,0.000155922904156966,-0.00577959655392118,0.0527936570308223,1.74577288777982e-26,3.43108641335246e-05,0.0178693526701841,0.487586646153805,0.13553434594655,3.37195126738025e-05,0.00234681002397809,0.075400212231251,23.936416182209,4.62411499434587,-2.4627458102144,0.700179156908805,0.0318864939035464
"Bcell","cg16829732","LM32","CpG ~ as.numeric(LM) +Age + Gender",47,5.15010571390236,0.0851063829787234,0.708584159425825,"116769,117587","10-129-09,10-418-09",2.27086282528212,0.00159264720489766,-0.0132779701020829,0.587497750353123,0.00384990117729515,6.52250463657956e-11,0.307921365869966,0.162534859441611,0.74318282281612,0.000184896030876064,0.0128683905622049,0.413446069153972,3.05559110835905,8.61374469398539,-1.03182834231663,1.42097795621884,9.77665841670019e-07
"Bcell","cg17550741","LM32","CpG ~ as.numeric(LM) +Age + Gender",47,-97.4228596624058,0.0851063829787234,0.708584159425825,"116769,117587","10-129-09,10-418-09",4.16315412146953,0.000343350408034487,-0.00316083328829879,0.159887777660698,2.15971381775124e-20,1.75793582408542e-06,0.468476387233785,0.255851022232449,0.249570219242685,6.20904325909842e-05,0.00432136878748151,0.138840434622522,16.6812936820047,5.52984403082325,-0.731442615463727,1.15159375649751,0.00272040568777219
"Bcell","cg26417281","LM32","CpG ~ as.numeric(LM) +Age + Gender",47,-52.69820515966,0.0851063829787234,0.708584159425825,"116769,117587","10-129-09,10-418-09",3.08603433509246,0.000448095745123464,-0.00313928237913712,0.222381887582646,1.33574231862937e-09,5.36676018399718e-05,0.653960331316721,0.325164400420167,0.401631303492372,9.99216230670244e-05,0.00695434328764897,0.223434770799583,7.68374951916834,4.48447224303888,-0.45141320312912,0.995287737834315,0.0445619872381953
"Bcell","cg02993943","LM32","CpG ~ as.numeric(LM) +Age + Gender",47,-155.456803698622,0.0851063829787234,0.708584159425825,"116769,117587","10-129-09,10-418-09",-3.6478308155827,-0.00016234611413771,0.00692798575720393,-0.243960220523579,1.16180386374298e-28,1.66385614305345e-05,0.00482455284302269,0.00219582428389982,0.134606799473321,3.34887489154271e-05,0.00233074933215952,0.0748842013231129,-27.0999000782698,-4.84778080386641,2.97242850683772,-3.25783297695774,0.0180645917867912
"Bcell","cg18176105","LM32","CpG ~ as.numeric(LM) +Age + Gender",47,-22.2029630823438,0.0851063829787234,0.708584159425825,"116769,117587","10-129-09,10-418-09",3.60024622346909,0.000736881727161547,6.68577012032266e-05,0.0764327044920806,7.30653555052491e-08,3.39662841029172e-06,0.994486665510133,0.805847967430733,0.555546315138276,0.000138214051083236,0.0096194189896689,0.309060480376205,6.48055099163601,5.33145307142311,0.00695028475992477,0.247306625547992,0.00474138132550507
"Bcell","cg03588394","LM32","CpG ~ as.numeric(LM) +Age + Gender",47,-47.8290988296631,0.0851063829787234,0.708584159425825,"116769,117587","10-129-09,10-418-09",4.84916549871133,0.0006503987640185,-0.021988080098371,0.222071551730618,1.16380669346814e-14,1.99718172345602e-07,0.00445209660357851,0.350582025700009,0.422983645760263,0.000105233860129071,0.00732406426516017,0.235313465660207,11.4641914582667,6.18050847152023,-3.00216919217463,0.943726493116585,0.000409000692495599
"Bcell","cg00034853","LM32","CpG ~ as.numeric(LM) +Age + Gender",47,-66.2972965308689,0.0851063829787234,0.708584159425825,"116769,117587","10-129-09,10-418-09",3.55214041797623,-0.000442712745414804,-0.00642240378461789,0.184457645618483,4.42784721689709e-13,6.82076383349551e-06,0.291808721467221,0.345385978665581,0.347534286902503,8.64628571447956e-05,0.00601764034409782,0.193339620352904,10.2209783375208,-5.12026504830175,-1.06726281688088,0.954060245291632,0.00851344590929153
"Bcell","cg23770724","LM32","CpG ~ as.numeric(LM) +Age + Gender",47,-3.9277517513895,0.0851063829787234,0.708584159425825,"116769,117587","10-129-09,10-418-09",3.24666642414659,0.00136896148055629,-0.00405310270380615,0.702120485814281,1.87197395587441e-05,2.86593451933311e-10,0.730358378869058,0.0682452944698425,0.674768131525847,0.000167875178826161,0.0116837736137401,0.375385736867007,4.81152898671271,8.15463900100373,-0.346900140125936,1.87039734560568,2.42010479203858e-06
"Bcell","cg12870170","LM32","CpG ~ as.numeric(LM) +Age + Gender",47,40.4275073546009,0.0851063829787234,0.708584159425825,"116769,117587","10-129-09,10-418-09",3.06428881571185,0.00135483943467632,-0.011706728719068,0.408346033131389,0.00699252174838162,9.03455435281615e-06,0.535232425036542,0.501018987012326,1.08163988613601,0.000269100570739736,0.018728856581634,0.601735865568746,2.83300279047452,5.0346955078987,-0.625063717480113,0.678613419104462,0.0107846247897984
"Bcell","cg09373511","LM32","CpG ~ as.numeric(LM) +Age + Gender",47,54.6617641635903,0.0851063829787234,0.708584159425825,"116769,117587","10-129-09,10-418-09",2.88965652714716,0.00145123456833121,0.00113871076379277,0.424570596429205,0.0266039456216092,3.31199440401342e-05,0.958566577069158,0.547418733722095,1.25848242005281,0.000313097123953093,0.0217909278843966,0.700116571180425,2.29614373717347,4.63509389676997,0.0522561852268874,0.60642843478674,0.0310282400158734
"Bcell","cg17348722","LM32","CpG ~ as.numeric(LM) +Age + Gender",47,-37.4754332137185,0.0851063829787234,0.708584159425825,"116769,117587","10-129-09,10-418-09",2.51082326339995,0.000687149055057895,-0.00839874789036359,0.409129207533641,3.56451435745181e-06,6.06657532475286e-07,0.310101111548188,0.126724625407448,0.472236016084074,0.000117487329268204,0.00817688098533074,0.262713451614853,5.31688219001266,5.84870776566255,-1.02713343944114,1.55732112314309,0.00107222407991068
"Bcell","cg02639123","LM32","CpG ~ as.numeric(LM) +Age + Gender",47,4.42249429104107,0.0851063829787234,0.708584159425825,"116769,117587","10-129-09,10-418-09",-3.34853377697485,-0.00142471295871019,0.0113624057433588,-0.540518525123132,4.48446871520252e-05,1.0215879371098e-09,0.378507898934398,0.194645397352285,0.737452388169653,0.000183470359306703,0.012769166698496,0.4102581245374,-4.540677921304,-7.76535765283225,0.889831420612364,-1.31750839969985,5.21463463465237e-06
"Bcell","cg06398111","LM32","CpG ~ as.numeric(LM) +Age + Gender",47,14.4282477019479,0.0851063829787234,0.708584159425825,"116769,117587","10-129-09,10-418-09",3.93633470224819,0.00134996628330885,-0.00852835571146595,0.344333860148449,1.95116351534637e-05,4.6578502863349e-08,0.551360183131967,0.454625193388863,0.820279973382576,0.000204076987020309,0.014203346395768,0.456336610843146,4.79876972494646,6.61498536909752,-0.600446928056829,0.754561111176778,0.000117998011355616
"Bcell","cg19640754","LM32","CpG ~ as.numeric(LM) +Age + Gender",47,-87.7588308767379,0.0851063829787234,0.708584159425825,"116769,117587","10-129-09,10-418-09",3.08277831817877,0.000356889240189608,0.00443192259170801,-0.0416180174889691,2.90187563209895e-14,5.48710328700373e-06,0.359931242150746,0.788094119357449,0.276593558913865,6.88135538645407e-05,0.0047892844584414,0.153874008084467,11.1455173803913,5.18632188205457,0.925383035851312,-0.270468144731261,0.00712172905653533
"Bcell","cg05478905","LM32","CpG ~ as.numeric(LM) +Age + Gender",47,51.7820034233346,0.0851063829787234,0.708584159425825,"116769,117587","10-129-09,10-418-09",4.96114848076183,0.00136297327792184,-0.0306081969224945,0.0629571079122101,0.000200699115732305,5.29614874845914e-05,0.154778371805502,0.926555661641639,1.22051245297163,0.000303650597485752,0.0211334687087617,0.678993190561731,4.06480775241804,4.48862373137861,-1.44832811614142,0.0927212655256906,0.0444483345178198
"Bcell","ch.1.2541791F","LM32","CpG ~ as.numeric(LM) +Age + Gender",47,38.2502911517606,0.0851063829787234,0.708584159425825,"116769,117587","10-129-09,10-418-09",-5.03667941558278,-0.00123022781095621,0.0128606891556092,-0.36234643736252,2.17255780242678e-05,2.87732663726092e-05,0.485987727640601,0.540959589125815,1.05687498671769,0.000262939325529385,0.018300046350605,0.58795870333739,-4.76563404270267,-4.67875167961032,0.702768119228511,-0.616278720436924,0.0279954058784251
"Bcell","cg01255486","LM32","CpG ~ as.numeric(LM) +Age + Gender",47,5.82726428802926,0.0851063829787234,0.708584159425825,"116769,117587","10-129-09,10-418-09",3.64903411512533,0.0012935599587122,-0.00342402752614829,0.831626879868498,1.52391515495303e-05,1.54101962359004e-08,0.792910522916689,0.0521776910461928,0.748555904204076,0.000186232796731931,0.0129614267676984,0.416435211678387,4.87476499033867,6.94592994044004,-0.26417057223063,1.99701383683847,4.60283719405008e-05
"Bcell","cg11505841","LM32","CpG ~ as.numeric(LM) +Age + Gender",47,-48.6880118154085,0.0851063829787234,0.708584159425825,"116769,117587","10-129-09,10-418-09",3.76696202452152,-0.000493565556337912,-0.00320488492119589,-0.254528167678842,1.98789458726899e-11,2.41292093368301e-05,0.660991845256549,0.281094431705503,0.419136290884344,0.000104276678902474,0.00725744638372538,0.233173112437212,8.9874394235191,-4.73323049345986,-0.441599531259749,-1.0915845528604,0.0245599085421802
"Bcell","cg17165890","LM32","CpG ~ as.numeric(LM) +Age + Gender",47,8.05260310897826,0.0851063829787234,0.708584159425825,"116769,117587","10-129-09,10-418-09",4.11146569901763,0.00138998268776412,-0.0210487945091164,0.701439277142649,3.04913684453006e-06,4.92036310308869e-09,0.120075251454254,0.107265339678084,0.766488508962126,0.000190694239248146,0.0132719341620295,0.426411444604242,5.36402783726636,7.28906490958735,-1.58596284853011,1.64498229589889,1.79016157483891e-05
"Bcell","cg25953699","LM32","CpG ~ as.numeric(LM) +Age + Gender",47,-79.3646180902077,0.0851063829787234,0.708584159425825,"116769,117587","10-129-09,10-418-09",4.10661588122079,-0.000536188519798015,-0.00147832076204098,-0.113477046368965,3.76084226387342e-17,8.4510365625779e-09,0.779065582109064,0.503625182209404,0.30242982537909,7.52413438718164e-05,0.00523664566935299,0.168247191214811,13.5787397161415,-7.12624857832794,-0.282302996113088,-0.674466215748483,2.84752056828595e-05
"Bcell","cg24494876","LM32","CpG ~ as.numeric(LM) +Age + Gender",47,-125.390592806787,0.0851063829787234,0.708584159425825,"116769,117587","10-129-09,10-418-09",-3.72670723913717,-0.00021171133673687,0.0155100917112173,-0.330539079138331,1.71974415994489e-23,3.81281363493465e-05,1.74634206541012e-05,0.00254206348348355,0.185343570291194,4.61115212073726e-05,0.00320926880637913,0.103109986166643,-20.1070219661903,-4.59128936095521,4.83290514038201,-3.20569414687074,0.034588136103808
"Bcell","cg01526305","LM32","CpG ~ as.numeric(LM) +Age + Gender",47,30.0546435233415,0.0851063829787234,0.708584159425825,"116769,117587","10-129-09,10-418-09",3.40204933964567,0.00134184710628864,-0.00433293748781205,0.308257434271824,0.00105830769317235,1.54737012258182e-06,0.79737536862458,0.570268686241849,0.968631224669016,0.000240985210268019,0.0167720842397239,0.538867099728823,3.51222348919028,5.5681720251474,-0.258342220673426,0.572047234702118,0.00242195292218616
"Bcell","cg09067021","LM32","CpG ~ as.numeric(LM) +Age + Gender",47,-27.0851976428909,0.0851063829787234,0.708584159425825,"116769,117587","10-129-09,10-418-09",3.00045223562251,0.000836780762014882,-0.018345305434454,0.303573890750932,1.03491544728199e-06,1.03373713605731e-07,0.0508657280368845,0.306633822305283,0.527428502380489,0.000131218636474309,0.00913255225215325,0.29341803170676,5.68883217740471,6.37699632078339,-2.00878187476327,1.03461225264547,0.000230316297191375
"Bcell","cg04309258","LM32","CpG ~ as.numeric(LM) +Age + Gender",47,-4.43991729923102,0.0851063829787234,0.708584159425825,"116769,117587","10-129-09,10-418-09",-4.52735199847431,-0.00124054367349914,0.005673769752625,-0.417838913643562,3.00330893672964e-08,3.0843434462577e-09,0.627843474916448,0.269279131991297,0.671101608083137,0.000166962986548758,0.0116202868723654,0.37334598344657,-6.74614982879531,-7.43005200818484,0.48826417238614,-1.11917345349815,1.26327873983415e-05
"Bcell","cg21784069","LM32","CpG ~ as.numeric(LM) +Age + Gender",47,-28.5895946688594,0.0851063829787234,0.708584159425825,"116769,117587","10-129-09,10-418-09",4.22234074337596,0.000640270297292264,-0.0129084815153783,0.900199083161778,3.05793260346178e-10,1.16088295258532e-05,0.158163819663399,0.00324826486690764,0.519054606243026,0.00012913529962737,0.0089875562125302,0.288759481569098,8.13467541293531,4.95813537537619,-1.43626156099938,3.11747021524682,0.013412806337054
"Bcell","cg05650927","LM32","CpG ~ as.numeric(LM) +Age + Gender",47,-144.678841055744,0.0851063829787234,0.708584159425825,"116769,117587","10-129-09,10-418-09",3.36235100543291,0.000173852725861655,-0.00668506944282084,0.195953803263013,3.08144529396007e-25,3.37763814437575e-05,0.0141520491033667,0.0243786975736692,0.150960333331045,3.75573352824166e-05,0.00261391473142965,0.0839819684978596,22.2730761865736,4.62899522967618,-2.55749331163703,2.33328423669906,0.031475307936816
"Bcell","cg20397944","LM32","CpG ~ as.numeric(LM) +Age + Gender",47,42.4704403703454,0.0851063829787234,0.708584159425825,"116769,117587","10-129-09,10-418-09",-3.94168966255142,-0.00126903306659687,-0.00790790221615504,0.110232531595475,0.000904614961142305,3.53943615934906e-05,0.681547322685174,0.85858143024405,1.10540483297322,0.000275013038317406,0.0191403523915512,0.614956736062318,-3.56583357062897,-4.61444691626665,-0.413153428650858,0.179252498803923,0.032627447922021
"Bcell","cg17913373","LM32","CpG ~ as.numeric(LM) +Age + Gender",47,10.9299454276825,0.0851063829787234,0.708584159425825,"116769,117587","10-129-09,10-418-09",3.904987122959,0.00149034839334085,-0.023436867725697,1.05420606393668,1.22751038020947e-05,1.88111424159004e-09,0.0939780565080306,0.0209100421504325,0.790313523007218,0.000196621650912226,0.0136844700501983,0.439665731573841,4.94106074270393,7.57977764110099,-1.71266169897149,2.39774444135779,8.57781823784253e-06
"Bcell","cg13827458","LM32","CpG ~ as.numeric(LM) +Age + Gender",47,-37.8363884251843,0.0851063829787234,0.708584159425825,"116769,117587","10-129-09,10-418-09",3.23485634896317,0.000700414781165729,-0.0064780996764755,0.33415645800659,1.94326074477002e-08,3.85048447416153e-07,0.430810848168758,0.208512382617619,0.470426130996086,0.000117037048988793,0.0081455423867115,0.261706579749309,6.87643847954119,5.98455606337782,-0.795293839124054,1.27683628866604,0.000731586702195588
"Bcell","cg24351451","LM32","CpG ~ as.numeric(LM) +Age + Gender",47,58.0154374565533,0.0851063829787234,0.708584159425825,"116769,117587","10-129-09,10-418-09",1.67433013551367,0.00153162323909159,0.0217334522758529,0.416477996956267,0.2060847625179,2.51520411499287e-05,0.341226622176998,0.568944766298819,1.30419232611889,0.000324469265428741,0.0225824059780253,0.725545820086916,1.28380615495282,4.72039543427253,0.962406410415327,0.57402025540768,0.0251151392501394
"Bcell","cg12187434","LM32","CpG ~ as.numeric(LM) +Age + Gender",47,-9.8398737481244,0.0851063829787234,0.708584159425825,"116769,117587","10-129-09,10-418-09",3.25734116600175,0.00148744808467786,-0.0132706148463687,0.6900270470853,6.37679113305119e-06,4.88372744938597e-12,0.233060836759308,0.0567985446656107,0.63363571554973,0.000157641868500837,0.0109715558696027,0.352503028631514,5.14071584991977,9.4356156700208,-1.20954721500674,1.95750671920216,1.90500785110228e-07
"Bcell","cg22892276","LM32","CpG ~ as.numeric(LM) +Age + Gender",47,8.08141970108523,0.0851063829787234,0.708584159425825,"116769,117587","10-129-09,10-418-09",3.48794528656401,0.00147202826625331,-0.0142864148142204,0.908301356960322,4.36436656963726e-05,1.19764080857358e-09,0.287879737262885,0.0389822818911719,0.766723519309393,0.000190752707338487,0.0132760034231075,0.426542185118292,4.54915650651449,7.71694560350967,-1.07610809962238,2.12945258089402,5.83422992403473e-06
"Bcell","cg06640121","LM32","CpG ~ as.numeric(LM) +Age + Gender",47,-87.7592009357078,0.0851063829787234,0.708584159425825,"116769,117587","10-129-09,10-418-09",2.35136249634645,-0.000370015412247464,0.00156596995551427,-0.102846656897149,9.35737493485386e-11,2.9198908208082e-06,0.745273229050654,0.507460183819846,0.276592470023163,6.88132829600436e-05,0.00478926560403518,0.153873402314842,8.50118044120846,-5.37709285665551,0.326974965471713,-0.668384888810824,0.0041608140041223
"Bcell","cg23403636","LM32","CpG ~ as.numeric(LM) +Age + Gender",47,-99.3313086622468,0.0851063829787234,0.708584159425825,"116769,117587","10-129-09,10-418-09",2.64530296831876,-0.000425517526764068,0.00313498903294401,-0.121376667086386,7.54981031555768e-14,1.31386566797866e-08,0.463116350553629,0.377279474932735,0.244554372477027,6.08425429331762e-05,0.00423451818598876,0.136050028190789,10.8168295726025,-6.99374987057029,0.740341378935889,-0.892147313017637,3.99412243364028e-05
"Bcell","cg24778217","LM32","CpG ~ as.numeric(LM) +Age + Gender",47,71.8466335979859,0.0851063829787234,0.708584159425825,"116769,117587","10-129-09,10-418-09",1.93983397506261,0.00177801831450152,-0.00654551022959167,0.180757260464922,0.20606302040528,2.43833569270899e-05,0.803631445054523,0.830749195002798,1.51092844553427,0.00037590302673902,0.0261620919533697,0.840556868916797,1.28386885613017,4.72999201396681,-0.250190628534528,0.21504465331163,0.0246816480048906
"Bcell","cg15573687","LM32","CpG ~ as.numeric(LM) +Age + Gender",47,8.10233354180095,0.0851063829787234,0.708584159425825,"116769,117587","10-129-09,10-418-09",4.98324879254501,0.0013275864870085,-0.0228327729241211,0.441570097675768,6.89255428813199e-08,1.47933361464282e-08,0.0927203970168949,0.306454023634936,0.766894124814689,0.000190795152184905,0.0132789574987493,0.426637096051881,6.49796188456803,6.95817724824525,-1.71947029172069,1.03500164838472,4.43796840240182e-05
"Bcell","cg27274138","LM32","CpG ~ as.numeric(LM) +Age + Gender",47,-56.9868215588493,0.0851063829787234,0.708584159425825,"116769,117587","10-129-09,10-418-09",3.32217450952782,0.000486137554961313,-0.00617020881946636,0.380597180752372,5.66489414383003e-11,7.47779843639518e-06,0.358248094444267,0.0816617489150885,0.383719161042587,9.5465271356819e-05,0.00664419020314111,0.213469921426548,8.65782803366213,5.09229741928124,-0.928662279497859,1.78290776615726,0.00918272305476144
"Bcell","cg17690918","LM32","CpG ~ as.numeric(LM) +Age + Gender",47,-67.750995015014,0.0851063829787234,0.708584159425825,"116769,117587","10-129-09,10-418-09",4.16548504907914,0.000687359649409121,-0.01255510694033,0.282768071881497,1.60015404246776e-15,3.72900887029461e-10,0.039914205940412,0.144748867409538,0.342201056897925,8.51360058918846e-05,0.00592529417495882,0.190372647875081,12.1726247336567,8.07366568596145,-2.11890018784042,1.4853398060999,2.83402602470796e-06
"Bcell","ch.7.48734142F","LM32","CpG ~ as.numeric(LM) +Age + Gender",47,43.3804305905101,0.0851063829787234,0.708584159425825,"116769,117587","10-129-09,10-418-09",-4.2343932322992,-0.00130881979169277,-0.00243248375274651,0.20907527031467,0.000459186008343714,2.57382039716311e-05,0.900427561651157,0.737974652815827,1.11615794260746,0.000277688298334063,0.0193265450890725,0.6209388857743,-3.79372225977912,-4.71326951673793,-0.125862317425884,0.336708289824621,0.0254404665109477
"Bcell","cg02428402","LM32","CpG ~ as.numeric(LM) +Age + Gender",47,-60.2306913051006,0.0851063829787234,0.708584159425825,"116769,117587","10-129-09,10-418-09",4.00289299973882,0.000729337687738304,-0.00910137160400881,0.193666323634527,7.97574730924622e-14,6.40066483843303e-10,0.163420416696942,0.352932827944028,0.37070317720614,9.22270321572276e-05,0.0064188152907823,0.206228893797628,10.7981081519377,7.90806849877742,-1.41792078315118,0.939084335217218,3.88142589008907e-06
"Bcell","cg10683503","LM32","CpG ~ as.numeric(LM) +Age + Gender",47,-44.0820032353926,0.0851063829787234,0.708584159425825,"116769,117587","10-129-09,10-418-09",4.17788548463207,0.000595115110797666,-0.00551671346281714,0.271093815999257,4.11035704257944e-12,2.41610370076154e-06,0.473110535920285,0.274434160087918,0.440185502599137,0.000109513500286999,0.00762191858229706,0.244883170279095,9.49119282657689,5.43417121394224,-0.723795905617576,1.10703326688514,0.00353120267265468
"Bcell","cg05542295","LM32","CpG ~ as.numeric(LM) +Age + Gender",47,-141.706254050415,0.0851063829787234,0.708584159425825,"116769,117587","10-129-09,10-418-09",-3.44698720142506,0.00019220687608075,-0.00376288297355782,0.0610518656609781,4.02847738344494e-25,1.15993178500419e-05,0.17025590710803,0.485021654893344,0.155810476610744,3.87639996644035e-05,0.00269789613693271,0.0866801910781756,-22.1229488312043,4.95838607328364,-1.39474715947958,0.704334691716546,0.013412806337054
"Bcell","cg23344436","LM32","CpG ~ as.numeric(LM) +Age + Gender",47,-49.0138842594756,0.0851063829787234,0.708584159425825,"116769,117587","10-129-09,10-418-09",-4.557304637254,-0.000615077557144994,0.00681391757679284,-0.727464784751606,5.73506103152703e-14,4.79534388939172e-07,0.351380783110086,0.00313183768750099,0.417685775039869,0.000103915805892317,0.00723233035059017,0.232366164192807,-10.9108447296751,-5.91899905758675,0.94214689408329,-3.13068293431908,0.000884094674831399
"Bcell","cg02070077","LM32","CpG ~ as.numeric(LM) +Age + Gender",47,-117.631140709503,0.0851063829787234,0.708584159425825,"116769,117587","10-129-09,10-418-09",3.61022568562188,0.000257312360906658,-0.00351597900260905,0.161784531631894,1.40378837832014e-21,6.43224864196346e-06,0.318730026093919,0.155782129974848,0.201292405000178,5.00794227038246e-05,0.00348542674187818,0.111982611872697,17.9352305200919,5.13808560510836,-1.0087657159348,1.44472904253932,0.00810244182294622
"Bcell","cg25012656","LM32","CpG ~ as.numeric(LM) +Age + Gender",47,-96.1924284832164,0.0851063829787234,0.708584159425825,"116769,117587","10-129-09,10-418-09",3.26667292455359,-0.000372822218533302,-0.00514179217694289,0.172861475899222,2.11988327495541e-16,4.67774146313299e-07,0.246706120346637,0.225812354119787,0.252858491178042,6.29085198914747e-05,0.0043783060124009,0.140669759876342,12.9189765759279,-5.92641853879997,-1.17437935182683,1.22884602953171,0.000867087201104512
"Bcell","cg07100798","LM32","CpG ~ as.numeric(LM) +Age + Gender",47,-158.375979224675,0.0851063829787234,0.708584159425825,"116769,117587","10-129-09,10-418-09",3.33493014947187,0.000176913395517799,-0.00241425967929419,0.0259817641293638,1.25124104711956e-27,2.29693477147635e-06,0.291255927641129,0.722166770839709,0.130490819195211,3.24647365281346e-05,0.00225948013682969,0.0725944069219833,25.556818250048,5.44940185682649,-1.06850228065367,0.357903111699586,0.00340559237449743
"Bcell","cg13909175","LM32","CpG ~ as.numeric(LM) +Age + Gender",47,3.91106093332772,0.0851063829787234,0.708584159425825,"116769,117587","10-129-09,10-418-09",2.22956218785204,0.00159031022927132,-0.00946525584292205,0.574567610741768,0.00401915860953792,4.71639909250397e-11,0.460143394249473,0.166277904957623,0.73345096696717,0.000182474848006538,0.0126998811213047,0.408032061425598,3.03982445762027,8.71522977903421,-0.745302712089452,1.40814329328515,8.27177794173655e-07
"Bcell","cg20209046","LM32","CpG ~ as.numeric(LM) +Age + Gender",47,-30.8723483472467,0.0851063829787234,0.708584159425825,"116769,117587","10-129-09,10-418-09",2.54016813990773,0.000559436188691126,-0.00660607687820031,0.632015420522419,9.66448719541886e-06,6.20982941458324e-05,0.455497566709536,0.0301365460652595,0.506601388493665,0.000126037070681809,0.00877192573126084,0.281831530910495,5.01413576354518,4.43866384441343,-0.753093115535393,2.24252913959133,0.0499117775608445
"Bcell","cg12174682","LM32","CpG ~ as.numeric(LM) +Age + Gender",47,-39.4695664704943,0.0851063829787234,0.708584159425825,"116769,117587","10-129-09,10-418-09",3.51429389953176,0.000521094793411249,-0.00277993048167743,0.488077633306643,1.75185381146116e-09,4.63404822298821e-05,0.730087152584321,0.0644672024856677,0.462323430008429,0.000115021182628593,0.0080052421567858,0.257198900386938,7.60137529579172,4.53042458356457,-0.347263758825954,1.89766609644273,0.0399705651233647
"Bcell","cg18477774","LM32","CpG ~ as.numeric(LM) +Age + Gender",47,0.371732374803327,0.0851063829787234,0.708584159425825,"116769,117587","10-129-09,10-418-09",2.66343623015574,0.00111702042651692,-0.00891073692771864,0.245632792542112,0.000492104528603734,1.10766133236312e-07,0.470219382222613,0.535213702570745,0.706348199151258,0.000175731965850127,0.0122305901327828,0.392954300647677,3.77071284864335,6.35638724641348,-0.728561486484153,0.62509251619655,0.000245189259880166
"Bcell","cg13396289","LM32","CpG ~ as.numeric(LM) +Age + Gender",47,54.1297061966894,0.0851063829787234,0.708584159425825,"116769,117587","10-129-09,10-418-09",-3.01985672573394,-0.00166602281101693,0.0043967299800415,-0.502575040518783,0.0201463938935402,3.18040310645565e-06,0.840159285415627,0.474251699183876,1.25137929051191,0.000311329940403378,0.0216679354761492,0.696164971523898,-2.4132225526112,-5.35130931788418,0.202914116339379,-0.721919460294952,0.00449458641074408
"Bcell","cg22991943","LM32","CpG ~ as.numeric(LM) +Age + Gender",47,-160.098941128518,0.0851063829787234,0.708584159425825,"116769,117587","10-129-09,10-418-09",3.2934491496249,0.000148526977439833,-0.00713553558080236,0.16754322048384,9.89248904306305e-28,3.0600806165617e-05,0.00246657479516091,0.0233978779707072,0.128120790066807,3.18750983321896e-05,0.00221844250849412,0.0712759167781906,25.7058136146957,4.65965550574759,-3.21646179852817,2.3506287685535,0.0293148437160381
"Bcell","cg20899266","LM32","CpG ~ as.numeric(LM) +Age + Gender",47,54.7349088947511,0.0851063829787234,0.708584159425825,"116769,117587","10-129-09,10-418-09",5.21691083618395,0.00141168940079763,-0.0399749178647327,0.699839199342277,0.000157881200510061,5.02183305138456e-05,0.073724501997541,0.323466684111729,1.2594620709229,0.000313340850734665,0.0218078907764656,0.700661568708555,4.14217383486676,4.50528361523166,-1.83304833440712,0.998826295885196,0.0425112462621508
"Bcell","cg13261222","LM32","CpG ~ as.numeric(LM) +Age + Gender",47,-91.4360555861532,0.0851063829787234,0.708584159425825,"116769,117587","10-129-09,10-418-09",2.64370708595823,0.000307100011337889,0.00183982832241091,0.112293247081522,1.0377809268704e-12,3.25145060326091e-05,0.691516250263665,0.452059532715949,0.265982288109907,6.61735818496218e-05,0.0046055477346172,0.147970765883577,9.93941026955081,4.64082497507491,0.399480893137204,0.758888057455035,0.0305072147514053
"Bcell","cg10777549","LM32","CpG ~ as.numeric(LM) +Age + Gender",47,-143.97284476952,0.0851063829787234,0.708584159425825,"116769,117587","10-129-09,10-418-09",3.85862563870315,0.000172252981621263,-0.00656600793509814,0.0586031236529819,1.68470455116772e-27,4.32364998076886e-05,0.0165897057864245,0.492293813485477,0.152098404275178,3.784047530391e-05,0.00263362070544707,0.0846150979833979,25.3692710130086,4.55208292807739,-2.49314866089782,0.692584716553543,0.0380122746606169
"Bcell","cg17777998","LM32","CpG ~ as.numeric(LM) +Age + Gender",47,42.839160097354,0.0851063829787234,0.708584159425825,"116769,117587","10-129-09,10-418-09",1.82462968706889,0.00145278742721502,0.00960387755454402,0.255552655682435,0.107431280699748,4.27502345209626e-06,0.619766474160723,0.68097907758856,1.10974935424946,0.000276093909289354,0.019215578829612,0.61737367196136,1.64418179662102,5.261932184431,0.499796422460303,0.413935137322198,0.00573351895316977
"Bcell","cg22959338","LM32","CpG ~ as.numeric(LM) +Age + Gender",47,3.08753670671575,0.0851063829787234,0.708584159425825,"116769,117587","10-129-09,10-418-09",4.21255395944559,0.00141576762292589,-0.0205525648467478,0.698180021021789,7.28381727600244e-07,8.34674709775551e-10,0.109862622456185,0.0915005983349591,0.727053344675783,0.000180883187203292,0.0125891047419435,0.404472948234199,5.79400946339654,7.82697189725396,-1.63256762637554,1.72614763006975,4.53105815962641e-06
"Bcell","cg04046427","LM32","CpG ~ as.numeric(LM) +Age + Gender",47,0.707956521197384,0.0851063829787234,0.708584159425825,"116769,117587","10-129-09,10-418-09",-3.10658560095664,-0.00139446094391666,0.00803354206480738,-0.3918323592876,7.42441290813078e-05,6.42672408487981e-10,0.516278696560601,0.325983667849707,0.708879226416165,0.000176361658680684,0.0122744154828427,0.394362356971734,-4.38239051899207,-7.90682597537503,0.654494878068676,-0.993584586258277,3.88142589008907e-06
"Bcell","cg06027949","LM32","CpG ~ as.numeric(LM) +Age + Gender",47,-2.50513741614715,0.0851063829787234,0.708584159425825,"116769,117587","10-129-09,10-418-09",-5.7727335527881,-0.00133295119124785,0.0323116738595435,-0.29934265184819,1.18924858187359e-10,8.51534469449752e-10,0.00928560318442683,0.436496844088302,0.685057871109352,0.000170435157272015,0.0118619429466132,0.381110105424528,-8.4266363415984,-7.82086989904587,2.72397818847788,-0.785449264103729,4.58618361756916e-06
"Bcell","cg09295738","LM32","CpG ~ as.numeric(LM) +Age + Gender",47,9.99056031274687,0.0851063829787234,0.708584159425825,"116769,117587","10-129-09,10-418-09",3.7503178891866,0.00158230061330414,-0.015499587439362,0.700592613281156,1.98795219489108e-05,3.12231494872879e-10,0.258945532504816,0.114831564645456,0.782454890342292,0.00019466650617092,0.0135483959223895,0.435293831841381,4.7930148248495,8.12826327665661,-1.14401642291454,1.60947057374442,2.54243787304256e-06
"Bcell","cg02297504","LM32","CpG ~ as.numeric(LM) +Age + Gender",47,-122.050618164921,0.0851063829787234,0.708584159425825,"116769,117587","10-129-09,10-418-09",3.71151301735068,0.000225298870251822,-0.00550416362647363,0.200181618908013,8.0021271603709e-23,2.55617151859938e-05,0.105162877040732,0.0677826417968722,0.192047528289293,4.77793950964804e-05,0.00332534946269095,0.106839519461808,19.326012942795,4.71539812919102,-1.65521359130163,1.8736664102984,0.0253392541719476
"Bcell","cg14745896","LM32","CpG ~ as.numeric(LM) +Age + Gender",47,47.9160258872585,0.0851063829787234,0.708584159425825,"116769,117587","10-129-09,10-418-09",2.9363470746617,0.00139699749323581,0.00793760404548174,0.148111711636025,0.0160411199065739,1.98268072313445e-05,0.697461417416245,0.821273413058782,1.17133414422149,0.000291415554083319,0.0202819343826756,0.651634406402351,2.50683981948917,4.79383297720748,0.391363264258554,0.227292650880337,0.020799750018717
"Bcell","cg04697162","LM32","CpG ~ as.numeric(LM) +Age + Gender",47,-7.17807212766623,0.0851063829787234,0.708584159425825,"116769,117587","10-129-09,10-418-09",3.66782771079,0.00143176243001844,-0.0147572254698941,0.341067003659004,1.27225702012591e-06,3.28571440075443e-11,0.197994206090096,0.352192756319273,0.651834859367183,0.000162169623117715,0.0112866784522982,0.36262754206521,5.6269278300808,8.82879544573621,-1.30749055466263,0.940543571832917,6.38374625615243e-07
"Bcell","cg27495636","LM32","CpG ~ as.numeric(LM) +Age + Gender",47,34.7966992753552,0.0851063829787234,0.708584159425825,"116769,117587","10-129-09,10-418-09",4.18670962789119,0.00210933097735617,-0.0367326824157544,0.879569435883584,0.00017466967060172,1.66482871201456e-10,0.043293670790381,0.128002559774566,1.01874969785871,0.000253454156645478,0.0176398977407714,0.566748914399619,4.10965484131298,8.32233728289815,-2.08236368235025,1.55195610178689,1.69960375354388e-06
"Bcell","cg11395879","LM32","CpG ~ as.numeric(LM) +Age + Gender",47,24.3621666486521,0.0851063829787234,0.708584159425825,"116769,117587","10-129-09,10-418-09",2.60747721127656,0.00157235969478805,-0.0130823699249623,0.195532674177348,0.00651281481294422,1.61406160494922e-08,0.411848269666146,0.701758804506936,0.911713414070464,0.000226824660612215,0.0157865385647682,0.507202690468595,2.85997460499691,6.93204914555649,-0.828704143805088,0.385511902542747,4.77926436137334e-05
"Bcell","cg13871037","LM32","CpG ~ as.numeric(LM) +Age + Gender",47,-20.2353574162671,0.0851063829787234,0.708584159425825,"116769,117587","10-129-09,10-418-09",3.66841622151155,0.000807433438691957,-0.00503315639917083,0.335169271121561,7.65932241534111e-08,9.29882001906652e-07,0.610999862368259,0.294157930380113,0.567297556093371,0.000141137635622276,0.00982289457273973,0.315597908625899,6.46647633522991,5.72089390000041,-0.512390351123052,1.06201360009284,0.00155509691905658
"Bcell","cg22604496","LM32","CpG ~ as.numeric(LM) +Age + Gender",47,-83.1731941006005,0.0851063829787234,0.708584159425825,"116769,117587","10-129-09,10-418-09",3.96544588510723,0.000341513998826427,-0.00634431892238535,-0.0147300301979844,3.09699407601769e-17,2.46529648448946e-05,0.21388724974644,0.927780896014186,0.290421263669649,7.2253740648975e-05,0.00502871451510233,0.161566610767395,13.6541169024658,4.72659264086519,-1.26161843217227,-0.0911700142004653,0.0247978010133584
"Bcell","cg22776907","LM32","CpG ~ as.numeric(LM) +Age + Gender",47,60.6259140200668,0.0851063829787234,0.708584159425825,"116769,117587","10-129-09,10-418-09",4.11921012705388,0.001571089186776,-0.0277327248685064,0.233210083300436,0.00368157261665505,2.60612980110355e-05,0.238856102088695,0.756077849566256,1.34091869087089,0.000333606396781454,0.0232183318781528,0.745977362198573,3.07193132223295,4.709409657409,-1.19443227076108,0.312623539423649,0.0256855872234268
"Bcell","cg16050593","LM32","CpG ~ as.numeric(LM) +Age + Gender",47,-23.6335922905965,0.0851063829787234,0.708584159425825,"116769,117587","10-129-09,10-418-09",-3.76071336616922,-0.000624830260089608,0.00413967014984378,-0.0810029967268663,1.96431409015112e-08,3.82773333051021e-05,0.66433784430608,0.791423481156879,0.547155216369055,0.000136126434403346,0.0094741250823108,0.304392360102823,-6.87321120892435,-4.59007291881471,0.436944848614358,-0.266113764154605,0.0346774895285077
"Bcell","cg02013018","LM32","CpG ~ as.numeric(LM) +Age + Gender",47,9.18011709028208,0.0851063829787234,0.708584159425825,"116769,117587","10-129-09,10-418-09",3.54780766504129,0.00136186433891745,-0.0146026094361119,0.555090161517022,4.03728636265062e-05,1.06610087083712e-08,0.283029819350443,0.205238614961322,0.775737768760871,0.000192995357321421,0.0134320873354445,0.431556975406319,4.57346258995279,7.05646165699913,-1.08714372319324,1.28625000440416,3.40751245396372e-05
"Bcell","cg22259778","LM32","CpG ~ as.numeric(LM) +Age + Gender",47,-92.3437075284584,0.0851063829787234,0.708584159425825,"116769,117587","10-129-09,10-418-09",-4.3558040423455,-0.000295798315796603,0.00775048489317944,-0.177569942119294,2.99926474534716e-20,4.89316984469442e-05,0.0965088783965298,0.232252448504924,0.263426356984572,6.55376932018243e-05,0.00456129116818275,0.146548855090761,-16.5351868818525,-4.51340749644159,1.69918661348411,-1.2116774437393,0.041631895985716
"Bcell","cg02944864","LM32","CpG ~ as.numeric(LM) +Age + Gender",47,16.8055600411633,0.0851063829787234,0.708584159425825,"116769,117587","10-129-09,10-418-09",2.36034759116735,0.00165332186489034,0.0080138622593302,0.298906698000316,0.0075127850116942,6.59030947119548e-10,0.585074739462005,0.526434228962736,0.84128986675545,0.000209304026416959,0.0145671377877272,0.468024795179059,2.80562940841111,7.89914027548001,0.55013293456192,0.638655688927675,3.88142589008907e-06
"Bcell","cg02730299","LM32","CpG ~ as.numeric(LM) +Age + Gender",47,7.71562839248981,0.0851063829787234,0.708584159425825,"116769,117587","10-129-09,10-418-09",2.6265937970667,0.00143399540865318,0.00275732596605028,-0.164560900329422,0.00130869333837007,2.0967545705771e-09,0.835821335781609,0.700439819857076,0.763745691495956,0.000190011855254137,0.013224441613343,0.424885565554053,3.43909474883186,7.54687336079762,0.208502260183766,-0.387306403583829,9.19339514424284e-06
"Bcell","cg18527881","LM32","CpG ~ as.numeric(LM) +Age + Gender",47,-95.9744882237021,0.0851063829787234,0.708584159425825,"116769,117587","10-129-09,10-418-09",3.31254791785022,-0.000504944045025384,0.00241411399536673,0.00804639263513296,1.41998017989118e-16,4.61775199767032e-10,0.58509446119513,0.954755299043141,0.253445427124416,6.30545433510212e-05,0.00438846895045741,0.140996282977285,13.0700638612197,-8.00805173093378,0.550103925223194,0.0570681188555109,3.23291242279951e-06
"Bcell","cg23815775","LM32","CpG ~ as.numeric(LM) +Age + Gender",47,-2.22870650769069,0.0851063829787234,0.708584159425825,"116769,117587","10-129-09,10-418-09",-4.09018018081543,-0.00125709063310775,0.002984354263245,-0.155926263699156,4.27911607543094e-07,3.96592237019285e-09,0.803123450963465,0.685345048522713,0.687075423129032,0.000170937102888992,0.0118968773484478,0.382232506166636,-5.95302938094948,-7.35411219601701,0.250851898009554,-0.407935644361915,1.49871329922655e-05
"Bcell","cg22157146","LM32","CpG ~ as.numeric(LM) +Age + Gender",47,-61.8798834068853,0.0851063829787234,0.708584159425825,"116769,117587","10-129-09,10-418-09",-4.40444796928223,-0.000438356908302309,0.00815284914369875,-0.164975809848027,2.00111222833158e-15,1.72242744859771e-05,0.203042142829657,0.42005999935633,0.364256060822814,9.06230577470604e-05,0.0063071819092326,0.202642246146161,-12.091625762748,-4.83714541530716,1.29262945972185,-0.814123476153309,0.0185240843192388
"Bcell","cg23878318","LM32","CpG ~ as.numeric(LM) +Age + Gender",47,-103.190135442757,0.0851063829787234,0.708584159425825,"116769,117587","10-129-09,10-418-09",3.26129101401694,0.000319365208059486,-0.00419609387121415,0.338899912593832,1.67471376228734e-17,2.15208047438622e-06,0.307632939283478,0.012874365291401,0.234718357760804,5.8395446438431e-05,0.00406420520907639,0.130578074997423,13.8944863330224,5.4690087590341,-1.03245128022651,2.59538144210289,0.00324947524078985
"Bcell","cg08551495","LM32","CpG ~ as.numeric(LM) +Age + Gender",47,-103.494513884876,0.0851063829787234,0.708584159425825,"116769,117587","10-129-09,10-418-09",3.53197208309227,0.000347837258058412,-0.000807150760474331,0.204003586956537,8.55916980521062e-19,3.96369922257433e-07,0.843011039504373,0.124356754446279,0.233959552826582,5.82066637913627e-05,0.0040510663178718,0.130155938064656,15.0965072399086,5.97590096050183,-0.199244025434361,1.5673782540386,0.000746873402133534
"Bcell","cg08413906","LM32","CpG ~ as.numeric(LM) +Age + Gender",47,30.9920184462062,0.0851063829787234,0.708584159425825,"116769,117587","10-129-09,10-418-09",4.4586389491108,0.00137424693820149,-0.0300049825573278,0.876735922397737,4.25121237965955e-05,1.19373365644018e-06,0.0836096684285818,0.114528765271248,0.978338808503951,0.000243400354517013,0.0169401734048232,0.544267604496046,4.55735672586558,5.64603507225144,-1.77123231505911,1.6108545045769,0.00195336806779139
"Bcell","cg04770397","LM32","CpG ~ as.numeric(LM) +Age + Gender",47,31.0119941905186,0.0851063829787234,0.708584159425825,"116769,117587","10-129-09,10-418-09",3.88059708974117,0.00157534353683563,-0.0260080756512166,0.376600724078898,0.000272307573731968,7.54773784708732e-08,0.132118696730815,0.492785772488418,0.978546735339723,0.000243452084515968,0.0169437737083406,0.544383277961958,3.96567373799877,6.47085663681106,-1.53496358596988,0.691793336284688,0.000175599147915595
"Bcell","cg07725389","LM32","CpG ~ as.numeric(LM) +Age + Gender",47,9.18942752739778,0.0851063829787234,0.708584159425825,"116769,117587","10-129-09,10-418-09",4.64703039373699,0.00102037615793912,-0.0272398310792629,0.78667615369617,3.78255059075129e-07,3.94114979751057e-06,0.0488095206996226,0.0753071939288973,0.775814607222661,0.000193014473918532,0.0134334178120193,0.431599722034755,5.98987225875121,5.28652663825512,-2.02776623644436,1.82269847160101,0.00535929772514561
"Bcell","cg11893323","LM32","CpG ~ as.numeric(LM) +Age + Gender",47,-126.502439792312,0.0851063829787234,0.708584159425825,"116769,117587","10-129-09,10-418-09",-3.58945401623303,-0.000221108056553667,0.005958624367483,-0.226061522546894,4.66840353013598e-23,1.64049805097469e-05,0.0670637622485515,0.0318497388465733,0.183164211305593,4.55693197275742e-05,0.00317153267774299,0.101897569277811,-19.5969179276204,-4.85212546238371,1.87878384772735,-2.21851732233735,0.0178677144008986
"Bcell","cg03044092","LM32","CpG ~ as.numeric(LM) +Age + Gender",47,-93.8151193686275,0.0851063829787234,0.708584159425825,"116769,117587","10-129-09,10-418-09",2.70566192297465,0.000295749596928069,0.00310745837094498,0.111097885070925,2.3466411782217e-13,3.90485805654665e-05,0.492647785662545,0.445477630302345,0.259334966056074,6.45197983848059e-05,0.00449044774339655,0.144272740190325,10.4330779768032,4.5838580456215,0.692015261844361,0.770054584978178,0.0352361924325544
"Bcell","cg12396237","LM32","CpG ~ as.numeric(LM) +Age + Gender",47,3.35647794648873,0.0851063829787234,0.708584159425825,"116769,117587","10-129-09,10-418-09",3.2674548367978,0.00129177768966472,0.00251821729772148,0.727025813841034,5.42191725856749e-05,8.59707183454992e-09,0.842843165478892,0.0801177882349709,0.72913647887441,0.000181401448973187,0.0126251747150893,0.405631833530658,4.48126644526395,7.12109907046916,0.199459995964394,1.79232928420073,2.8825265438593e-05
"Bcell","cg04500632","LM32","CpG ~ as.numeric(LM) +Age + Gender",47,-97.8292856710946,0.0851063829787234,0.708584159425825,"116769,117587","10-129-09,10-418-09",3.5410428434041,-0.000417439500146232,-0.0066832280718803,0.0776755689108827,6.82992636404631e-18,2.94296341848214e-08,0.127692267422131,0.577112695473759,0.248493486643181,6.18225529012884e-05,0.00430272490175636,0.138241428769416,14.2500428934332,-6.75222035577783,-1.55325479189995,0.561883435395073,7.95641210839799e-05
"Bcell","cg22253947","LM32","CpG ~ as.numeric(LM) +Age + Gender",47,-119.450772557922,0.0851063829787234,0.708584159425825,"116769,117587","10-129-09,10-418-09",4.03129237288332,0.000352234282891,-0.00434704874237912,0.287159047365438,9.44071890921779e-24,7.28258400736835e-09,0.210355406475256,0.0122723664800382,0.197433302127411,4.91193186997881e-05,0.00341860544103284,0.109835723026208,20.4185024990454,7.17099284385065,-1.27158539274593,2.61444127150616,2.51578335763632e-05
"Bcell","cg03938800","LM32","CpG ~ as.numeric(LM) +Age + Gender",47,-55.5591724714592,0.0851063829787234,0.708584159425825,"116769,117587","10-129-09,10-418-09",3.52393411241815,0.000559713568364743,-0.0044410725309313,0.259219662106279,1.65669332596578e-11,7.77100467041359e-07,0.513829669773506,0.238245793270383,0.389591474885024,9.69262409704747e-05,0.00674587073948879,0.216736796010374,9.045203346552,5.77463401820402,-0.658339405309721,1.19601132284834,0.00132883208488489
"Bcell","cg00721453","LM32","CpG ~ as.numeric(LM) +Age + Gender",47,-33.7385921197518,0.0851063829787234,0.708584159425825,"116769,117587","10-129-09,10-418-09",2.37820002283602,0.000903028082927316,0.0030803995648151,0.0617888811448958,1.70780152848844e-05,3.56117593069528e-09,0.719096558517482,0.822250198398709,0.491387254850632,0.000122251955044777,0.00850848932264976,0.27336763271858,4.83976741228042,7.38661465656368,0.36203836521426,0.226028518923104,1.39990030500915e-05
"Bcell","cg06605797","LM32","CpG ~ as.numeric(LM) +Age + Gender",47,-94.7990641332129,0.0851063829787234,0.708584159425825,"116769,117587","10-129-09,10-418-09",3.9742549847736,0.000285711683231623,-0.00561296718680367,0.121851006884378,3.38033071744127e-19,5.5335357702788e-05,0.213347976448935,0.398125440438505,0.2566345359777,6.38479599248456e-05,0.00444368914259525,0.142770442011933,15.4860489436189,4.47487568229164,-1.26313227741343,0.853475027234232,0.0456013349300223
"Bcell","cg01508869","LM32","CpG ~ as.numeric(LM) +Age + Gender",47,-10.6235264168502,0.0851063829787234,0.708584159425825,"116769,117587","10-129-09,10-418-09",3.28015511894381,0.00147540998726523,-0.00190037192142926,0.575836209088694,4.9091503041954e-06,4.85367014297839e-12,0.862167368962607,0.106798586687912,0.6283752234623,0.000156333113672873,0.0108804691751149,0.349576521574849,5.22005801067458,9.4376037974432,-0.174659005125962,1.64723936977958,1.90500785110228e-07
"Bcell","cg25044514","LM32","CpG ~ as.numeric(LM) +Age + Gender",47,-59.5690301195355,0.0851063829787234,0.708584159425825,"116769,117587","10-129-09,10-418-09",-3.24054444226222,-0.000596100309434226,0.0152503487098442,-0.711398803096109,5.27253258607988e-11,9.00819636829955e-08,0.0229254571153515,0.00136162834933603,0.373321743047677,9.28785036603678e-05,0.00646415639249678,0.20768564941787,-8.68029923949103,-6.41806538587236,2.35921716367289,-3.42536330791327,0.000203351857258583
"Bcell","cg03758436","LM32","CpG ~ as.numeric(LM) +Age + Gender",47,-52.8327021131362,0.0851063829787234,0.708584159425825,"116769,117587","10-129-09,10-418-09",3.80130554455553,-0.000462426100014523,-0.00580975696284131,-0.446860724240139,4.27903996925872e-12,3.3181754074382e-05,0.407437047013222,0.0515263075475303,0.401057052853536,9.97787555779098e-05,0.00694439999876464,0.223115304765053,9.47821642210029,-4.63451460520019,-0.83661035710426,-2.00282416623412,0.0310282400158734
"Bcell","cg15664206","LM32","CpG ~ as.numeric(LM) +Age + Gender",47,-19.3973110200504,0.0851063829787234,0.708584159425825,"116769,117587","10-129-09,10-418-09",3.46437457868698,0.000714329778826051,-0.0083820947463033,0.182127773367863,3.06581898790953e-07,9.59599798812537e-06,0.402375022069995,0.570323277141808,0.572377846186498,0.000142401558098792,0.00991086102605458,0.318424166048273,6.05260074576365,5.01630591942317,-0.845748388991399,0.571965927172287,0.0112776883915598
"Bcell","cg07217625","LM32","CpG ~ as.numeric(LM) +Age + Gender",47,0.195280539187787,0.0851063829787234,0.708584159425825,"116769,117587","10-129-09,10-418-09",-4.45205489531633,-0.00120201586391834,0.00130079311799194,-0.000837634769099325,1.27349778127044e-07,2.10214233443237e-08,0.91563716944064,0.998305885078491,0.705023523310639,0.000175402400502801,0.0122076530497905,0.392217359477358,-6.31476078189624,-6.85290429590865,0.106555544516746,-0.00213563920326092,5.99106185850029e-05
"Bcell","cg25668121","LM32","CpG ~ as.numeric(LM) +Age + Gender",47,13.5784582489711,0.0851063829787234,0.708584159425825,"116769,117587","10-129-09,10-418-09",-5.23859050112865,-0.00117909685918018,0.0169423551801397,-0.831700022671623,8.24898132784245e-08,6.45440692747696e-07,0.235299919395131,0.0728107889638004,0.812897804243258,0.000202240381367956,0.0140755223492958,0.452229776402443,-6.444340818469,-5.83017521626867,1.20367505799792,-1.83910937773254,0.00112910027272624
"Bcell","cg22049174","LM32","CpG ~ as.numeric(LM) +Age + Gender",47,-98.7339534584142,0.0851063829787234,0.708584159425825,"116769,117587","10-129-09,10-418-09",3.91174382489634,0.000276105976760738,-0.0096597129666413,0.288787746612289,1.29997543911358e-19,4.95790446731554e-05,0.028493099776081,0.0407869685723135,0.246113425541461,6.12304188564204e-05,0.00426151356737327,0.136917357657111,15.894069233689,4.50929426774264,-2.26673289053856,2.1092120937326,0.0420742167012592
"Bcell","cg03114080","LM32","CpG ~ as.numeric(LM) +Age + Gender",47,20.339865294102,0.0851063829787234,0.708584159425825,"116769,117587","10-129-09,10-418-09",3.52298302034868,0.00138899009449195,-0.0102133020983845,0.29517774792158,0.000221358669619131,9.85190912247475e-08,0.503133708212667,0.546769846694677,0.87352370031304,0.000217323463494547,0.0151252744222156,0.485957060792585,4.03307090475755,6.39134896967442,-0.675247391437967,0.607415287762569,0.000220939560007446
"Bcell","cg10154310","LM32","CpG ~ as.numeric(LM) +Age + Gender",47,20.7869185664422,0.0851063829787234,0.708584159425825,"116769,117587","10-129-09,10-418-09",-4.69334720984408,-0.00139590522340938,0.0205291709269836,-0.200115897786754,3.22188361980709e-06,9.80762869527746e-08,0.183813834378127,0.683955339300653,0.877687973897521,0.000218359490746005,0.015197379827841,0.488273721635017,-5.34739833451572,-6.39269316227293,1.3508362072635,-0.40984367767459,0.000220670032546918
"Bcell","cg14883414","LM32","CpG ~ as.numeric(LM) +Age + Gender",47,-4.75771398828833,0.0851063829787234,0.708584159425825,"116769,117587","10-129-09,10-418-09",3.95983368183513,0.00138179636583375,-0.00916514899311823,1.23638609346722,4.77163327176154e-07,1.76594459647171e-10,0.43305986299665,0.00182652046227375,0.668836568134489,0.000166399468551001,0.0115810671571037,0.372085900685647,5.9204802346257,8.30409122016053,-0.791390712858134,3.3228512319035,1.75057575980242e-06
"Bcell","cg25663379","LM32","CpG ~ as.numeric(LM) +Age + Gender",47,-55.7394708513115,0.0851063829787234,0.708584159425825,"116769,117587","10-129-09,10-418-09",-4.60028920461021,-0.000532915658559668,0.00208180421814314,-0.0954166255219971,4.13647511447174e-15,1.88596244484375e-06,0.758665180662126,0.661359823111236,0.388844928186818,9.67405080429576e-05,0.00673294410260953,0.216321478556395,-11.8306524558809,-5.50871263073196,0.309196717872095,-0.4410871549083,0.00288588116881633
"Bcell","cg08104826","LM32","CpG ~ as.numeric(LM) +Age + Gender",47,-114.362798974699,0.0851063829787234,0.708584159425825,"116769,117587","10-129-09,10-418-09",3.65809098872747,0.000241139163816461,-0.0033928552107432,0.00864707943115105,3.18596292732308e-21,3.15077217317176e-05,0.352379118327628,0.940895282338041,0.208414356174827,5.18512888770712e-05,0.00360874505127217,0.115944682345084,17.5520105997828,4.65059150965665,-0.940175923357936,0.0745793533282958,0.0300025438940478
"Bcell","cg16323249","LM32","CpG ~ as.numeric(LM) +Age + Gender",47,-141.251506325382,0.0851063829787234,0.708584159425825,"116769,117587","10-129-09,10-418-09",0.223224009926692,-0.000198150665048334,0.00307597924461259,-0.103603581631922,0.161160187057576,7.60788822026941e-06,0.26281281181984,0.240781027941885,0.156566073677507,3.89519842279549e-05,0.00271097948313534,0.0871005434161554,1.42574955533781,-5.08704932433523,1.13463759639195,-1.18947112806079,0.00932573029251465
"Bcell","cg04617790","LM32","CpG ~ as.numeric(LM) +Age + Gender",47,-59.0145010365196,0.0851063829787234,0.708584159425825,"116769,117587","10-129-09,10-418-09",3.69275797049946,0.00074340929336797,-0.014292045962376,0.447649587414125,1.43367598580327e-12,5.45438594346318e-10,0.0333842676832326,0.0378359739797758,0.375530568480321,9.34280360807302e-05,0.0065024027397997,0.208914459025058,9.83344175001022,7.9570257981833,-2.1979638195736,2.1427410505868,3.50665661381699e-06
"Bcell","cg12483860","LM32","CpG ~ as.numeric(LM) +Age + Gender",47,-92.1046303766211,0.0851063829787234,0.708584159425825,"116769,117587","10-129-09,10-418-09",-4.21274354952122,-0.00043197845282973,0.00162645908243676,-0.174797736258663,1.13799863105607e-19,5.33300440767684e-08,0.723824518682721,0.24067989312046,0.264097201462736,6.5704592217167e-05,0.00457290700278829,0.146922058028175,-15.951488793476,-6.57455496264179,0.355672897228183,-1.18973106288194,0.000132645394539233
"Bcell","cg06047886","LM32","CpG ~ as.numeric(LM) +Age + Gender",47,-87.268454572236,0.0851063829787234,0.708584159425825,"116769,117587","10-129-09,10-418-09",3.06916195091483,-0.000382202824350821,-0.00463290406527463,0.0567459734524993,3.95501408394384e-14,1.78483531591872e-06,0.341272210836564,0.715520280934494,0.278040253928098,6.91734762925192e-05,0.00481433433297564,0.154678830731784,11.0385525389015,-5.52527998932091,-0.962314568296948,0.366863217054554,0.00275579781469938
"Bcell","cg06561772","LM32","CpG ~ as.numeric(LM) +Age + Gender",47,-5.46089318655548,0.0851063829787234,0.708584159425825,"116769,117587","10-129-09,10-418-09",3.47282974355922,0.0014340310941667,-0.0121487640524144,0.478775248214904,4.72978756615971e-06,5.23206020938924e-11,0.296460777080471,0.201754071709656,0.663851916803004,0.00016515933998748,0.0114947567121086,0.369312848839136,5.2313319516855,8.68271267174721,-1.05689614462365,1.29639477673155,8.94675755730298e-07
"Bcell","cg07764158","LM32","CpG ~ as.numeric(LM) +Age + Gender",47,6.01839456588422,0.0851063829787234,0.708584159425825,"116769,117587","10-129-09,10-418-09",3.65576229147624,0.00130582316488593,-0.0046699860033168,0.435304405366302,1.52854832017912e-05,1.29738624957438e-08,0.720930926535862,0.302690833943536,0.750079491975304,0.000186611849265093,0.012987808058942,0.417282811159547,4.87383314780269,6.99753616947938,-0.359566909375562,1.04318796203629,3.96163262400727e-05
"Bcell","cg07510085","LM32","CpG ~ as.numeric(LM) +Age + Gender",47,20.3163662075326,0.0851063829787234,0.708584159425825,"116769,117587","10-129-09,10-418-09",1.3416558404921,0.00171575116855221,-0.0145878802165357,1.01047288235692,0.131792064216865,6.63892938547979e-10,0.340083698620532,0.0435335886076084,0.873305355169513,0.000217269141530746,0.0151214937231763,0.485835591433313,1.53629636249245,7.89689302615215,-0.96471158759781,2.07986590561597,3.88142589008907e-06
"Bcell","cg09445448","LM32","CpG ~ as.numeric(LM) +Age + Gender",47,-67.171961523497,0.0851063829787234,0.708584159425825,"116769,117587","10-129-09,10-418-09",-4.29137065084319,-0.000411802188888181,0.00293074935158052,-0.207478416153811,7.21831006766534e-16,1.89793658712219e-05,0.625516863707069,0.284773342454096,0.344315497432352,8.56620563472188e-05,0.00596190622489085,0.191548949453347,-12.4634838769821,-4.80728815590184,0.491579243454837,-1.08316133680672,0.0200956522586477
"Bcell","cg15996550","LM32","CpG ~ as.numeric(LM) +Age + Gender",47,-33.7257278909691,0.0851063829787234,0.708584159425825,"116769,117587","10-129-09,10-418-09",3.04033264806566,0.000573372193806224,-0.00214185911507824,0.268667232410978,1.95815443428373e-07,2.77972863877014e-05,0.802473928980447,0.331266339223054,0.491454507516954,0.000122268686797298,0.00850965381885448,0.273405046595324,6.18639691276159,4.68944427903103,-0.251697561460445,0.982671079984275,0.0272221210941483
"Bcell","cg26536949","LM32","CpG ~ as.numeric(LM) +Age + Gender",47,8.5234851159407,0.0851063829787234,0.708584159425825,"116769,117587","10-129-09,10-418-09",0.628536305514498,-0.00102289023724969,0.0364509129131747,-0.375364086501131,0.419041167126983,3.33225965973341e-06,0.00907829071050664,0.38595799021629,0.770337776687905,0.00019165189637157,0.0133385851649228,0.428552861980271,0.815922994477712,-5.33722992892563,2.73274207590109,-0.875887480407053,0.00468018264057362
"Bcell","cg21892257","LM32","CpG ~ as.numeric(LM) +Age + Gender",47,-42.5033722624329,0.0851063829787234,0.708584159425825,"116769,117587","10-129-09,10-418-09",3.66068332714077,0.000567718271902638,-0.010267131028081,0.412597011642219,2.65894884708742e-10,7.34690870987322e-06,0.192294356825893,0.104837190479666,0.447640377563273,0.000111368194380066,0.007751001547734,0.249030452287413,8.17773264125027,5.09766971677018,-1.32461991716188,1.65681348546895,0.0090708462509201
"Bcell","cg24843778","LM32","CpG ~ as.numeric(LM) +Age + Gender",47,6.19636219265489,0.0851063829787234,0.708584159425825,"116769,117587","10-129-09,10-418-09",2.67458151091911,0.00161052931572056,-0.0100844156637896,0.651777849475572,0.000922981156253955,6.51622117606607e-11,0.442590257861602,0.126326203890155,0.751500942115923,0.000186965491035355,0.0130124208123758,0.418073589626291,3.55898623811245,8.61404586911718,-0.774983825776567,1.55900268672361,9.77665841670019e-07
"Bcell","cg21596469","LM32","CpG ~ as.numeric(LM) +Age + Gender",47,-108.5031541118,0.0851063829787234,0.708584159425825,"116769,117587","10-129-09,10-418-09",1.12936088861928,-0.000342999154183661,-0.00169098862870373,-0.0290983044436809,7.50120678102494e-06,1.77745724303878e-07,0.661952011487773,0.814707137024665,0.221819689541558,5.51863941243736e-05,0.0038408616450411,0.12340231217185,5.09134644879075,-6.21528475679428,-0.440262832921082,-0.235800317932119,0.000369535521870003
"Bcell","cg24300610","LM32","CpG ~ as.numeric(LM) +Age + Gender",47,-1.55240813037576,0.0851063829787234,0.708584159425825,"116769,117587","10-129-09,10-418-09",3.82372709105726,0.00145278795861856,-0.0182830396152693,0.488669308889476,1.7845647971383e-06,1.1464002969984e-10,0.134388026575345,0.211162845699611,0.692036524987608,0.000172171372592571,0.0119827800286162,0.384992457014703,5.52532554712445,8.43803436507683,-1.52577611969905,1.26929580043905,1.30688678524237e-06
"Bcell","cg25892281","LM32","CpG ~ as.numeric(LM) +Age + Gender",47,-51.0982138362111,0.0851063829787234,0.708584159425825,"116769,117587","10-129-09,10-418-09",3.09101421584138,0.000495914473836616,0.000889917639046291,0.329044463719351,1.96686330918456e-09,1.50169707210105e-05,0.900471846098342,0.15492250964208,0.408526055890249,0.000101636964586101,0.00707372759519982,0.227270446476116,7.56625965779715,4.8792727710449,0.125806037491489,1.44781016987148,0.0167016794931993
"Bcell","cg24870927","LM32","CpG ~ as.numeric(LM) +Age + Gender",47,7.81427921988054,0.0851063829787234,0.708584159425825,"116769,117587","10-129-09,10-418-09",3.35748407898122,0.00149604298404919,-0.0118604486200802,0.628498500589937,7.21392419015944e-05,7.36537549197589e-10,0.375285126936114,0.146784673871748,0.764547645689419,0.000190211372980817,0.0132383276444213,0.425331707201505,4.39146480655717,7.86516053485438,-0.89591744052945,1.47766670095014,4.19406228533129e-06
"Bcell","cg17636696","LM32","CpG ~ as.numeric(LM) +Age + Gender",47,21.6407977172568,0.0851063829787234,0.708584159425825,"116769,117587","10-129-09,10-418-09",3.68549410886535,0.00132270433487016,-0.0111009092460521,0.348781031030188,0.00014883433601295,3.62367920472367e-07,0.473081508207776,0.482854538936202,0.885697055588107,0.000220352065614649,0.015336059016965,0.492729318886253,4.16112268366768,6.00268634278789,-0.72384367025271,0.707855241532125,0.000698191114826751
"Bcell","cg23342296","LM32","CpG ~ as.numeric(LM) +Age + Gender",47,56.1585923393172,0.0851063829787234,0.708584159425825,"116769,117587","10-129-09,10-418-09",3.6729737185931,0.0014774520370225,-0.0128256424065702,1.46934300728168,0.0063011673987935,3.215440423981e-05,0.565423491984564,0.0449304850633516,1.27868252500755,0.000318122696550773,0.02214069759378,0.711354255547763,2.87246728312911,4.64428364603247,-0.579279056237745,2.06555734477226,0.0302940106446403
"Bcell","cg11535368","LM32","CpG ~ as.numeric(LM) +Age + Gender",47,7.4796379107869,0.0851063829787234,0.708584159425825,"116769,117587","10-129-09,10-418-09",2.79489063603136,0.00149532007157534,-0.00291420044346784,0.548266615440291,0.000667634177726846,6.80375232619472e-10,0.826201444535008,0.20269920652386,0.761830684502597,0.000189535421755808,0.0131912828034737,0.423820212467976,3.66865065018503,7.8893963868235,-0.220918654150939,1.29363017456775,3.94384116301318e-06
"Bcell","cg11119879","LM32","CpG ~ as.numeric(LM) +Age + Gender",47,61.9892424241943,0.0851063829787234,0.708584159425825,"116769,117587","10-129-09,10-418-09",3.57294970548353,0.00164528926837158,-0.0185166012928349,0.661927763763147,0.011914344412804,1.59474540908775e-05,0.436168209919597,0.386675788006384,1.36050841291604,0.000338480112562975,0.0235575326596333,0.756875479494526,2.62618714560203,4.86081517733327,-0.78601615714042,0.874553056211057,0.0175087943192452
"Bcell","cg04985251","LM32","CpG ~ as.numeric(LM) +Age + Gender",47,23.7012802764374,0.0851063829787234,0.708584159425825,"116769,117587","10-129-09,10-418-09",-4.38539629487007,-0.0012681691964477,0.014364851025983,-0.699298924704878,1.68446385324968e-05,1.25755671769393e-06,0.364587382950082,0.172146873839743,0.9053259056789,0.000225235516040342,0.0156759373100318,0.503649203822909,-4.8439973575941,-5.63041397174928,0.91636313299047,-1.3884642711572,0.00204314134707615
"Bcell","cg13734860","LM32","CpG ~ as.numeric(LM) +Age + Gender",47,-0.425285277983054,0.0851063829787234,0.708584159425825,"116769,117587","10-129-09,10-418-09",3.6864781769709,0.00144553925647465,-0.0167850074191146,0.27853496206886,4.25283548607671e-06,1.81356260171359e-10,0.17348059623504,0.478559905259462,0.700384454254895,0.000174248249156681,0.0121273264455935,0.389636561312024,5.26350657067733,8.29586101134851,-1.38406494575839,0.714858382721962,1.76874621598798e-06
"Bcell","cg25908655","LM32","CpG ~ as.numeric(LM) +Age + Gender",47,52.4625364791766,0.0851063829787234,0.708584159425825,"116769,117587","10-129-09,10-418-09",4.18441987079098,0.00157510584445018,-0.0159154501162908,0.338578874889564,0.00144939574307826,6.18861119535776e-06,0.458734908544191,0.623084156419685,1.22938067624626,0.000305856917699382,0.0212870241424817,0.683926743841908,3.40368117999668,5.14981271732523,-0.747659701504682,0.495051374928873,0.00785339353352269
"Bcell","cg11447689","LM32","CpG ~ as.numeric(LM) +Age + Gender",47,-94.087606866076,0.0851063829787234,0.708584159425825,"116769,117587","10-129-09,10-418-09",3.21396632792813,0.000359495233580081,-0.00781359757348375,0.292591483875058,7.92647400226394e-16,1.44831776745349e-06,0.0881109649065375,0.0481574697799808,0.258584293587371,6.43330390091987e-05,0.00447744966780196,0.143855127495469,12.429085631383,5.58803437730772,-1.74510003533318,2.03393155995968,0.00229847357621659
"Bcell","cg20506240","LM32","CpG ~ as.numeric(LM) +Age + Gender",47,-85.5400862991842,0.0851063829787234,0.708584159425825,"116769,117587","10-129-09,10-418-09",3.48081169120409,-0.000493894959585722,0.00309443425372921,-0.30534286300431,1.15580314250473e-15,1.24515054050472e-08,0.531351861904956,0.0591973161514053,0.283199840335609,7.04571268538924e-05,0.00490367382117816,0.157549202130524,12.2910086639848,-7.00986517105525,0.631044063405046,-1.93807939916665,3.86516097287039e-05
"Bcell","cg20671304","LM32","CpG ~ as.numeric(LM) +Age + Gender",47,0.915527292993747,0.0851063829787234,0.708584159425825,"116769,117587","10-129-09,10-418-09",-3.92215903069989,-0.00149344483541167,0.0146270147977634,-0.479758243525725,1.8122558553214e-06,1.10521682047153e-10,0.24094947044723,0.231426993411338,0.710446302883364,0.000176751530741729,0.0123015497913892,0.395234150002381,-5.52069736274467,-8.44940255478696,1.18903837693703,-1.21385827495634,1.28129284596343e-06
"Bcell","cg05755118","LM32","CpG ~ as.numeric(LM) +Age + Gender",47,-7.14228373972075,0.0851063829787234,0.708584159425825,"116769,117587","10-129-09,10-418-09",5.08725096407644,0.000722651296343124,-0.0239385964232405,0.30145389503118,9.07248616566972e-10,5.90562485100764e-05,0.0398025596440506,0.410570989054771,0.652083078092881,0.000162231377312997,0.0112909764196476,0.362765630639487,7.80153807848365,4.45444838299619,-2.12015290206297,0.830988025243112,0.0479740839663298
"Bcell","cg02337436","LM32","CpG ~ as.numeric(LM) +Age + Gender",47,-108.668857053409,0.0851063829787234,0.708584159425825,"116769,117587","10-129-09,10-418-09",3.74491428655953,0.000300750260777025,-0.00859126109167691,0.351902357466954,1.2900402584418e-20,2.22239504261405e-06,0.0302604618302803,0.00656939765436385,0.221429010847413,5.50891973947432e-05,0.00383409694883683,0.123184970536068,16.9124825704982,5.45933277302972,-2.24075217875836,2.85669879966339,0.00333356819555438
"Bcell","cg15454969","LM32","CpG ~ as.numeric(LM) +Age + Gender",47,-96.2136132610781,0.0851063829787234,0.708584159425825,"116769,117587","10-129-09,10-418-09",4.02094756814029,0.000349835788768416,-0.00818478755222863,0.196057388336873,1.26580174437906e-19,1.5780416792149e-06,0.0683276639642951,0.170463014601575,0.252801510886701,6.28943437972708e-05,0.00437731938485677,0.140638060707913,15.9055519646098,5.56227742666419,-1.86981730886344,1.39405639803338,0.00245870755893985
"Bcell","cg24899501","LM32","CpG ~ as.numeric(LM) +Age + Gender",47,-110.208207264857,0.0851063829787234,0.708584159425825,"116769,117587","10-129-09,10-418-09",3.07425633032116,0.000245058281781905,-0.00239465285295317,0.0770803574036516,9.63503568769105e-18,4.76307298527778e-05,0.52887070219121,0.528108565601706,0.217832404244081,5.41943996879569e-05,0.00377182083446848,0.121184113120114,14.1129431178497,4.52183773956191,-0.634879798920942,0.636059920884614,0.0409286194292095
"Bcell","cg03745493","LM32","CpG ~ as.numeric(LM) +Age + Gender",47,-168.907801775246,0.0851063829787234,0.708584159425825,"116769,117587","10-129-09,10-418-09",3.46118833293152,0.000137708296309375,-0.00325701584654167,0.157963964515767,2.86904310931244e-30,2.32514596100569e-05,0.11419365418676,0.019162738411811,0.116659823439465,2.90237309776956e-05,0.0020199930957074,0.0648999733961517,29.6690688438041,4.74467932517712,-1.6123895935402,2.43396038934484,0.0238007643335832
"Bcell","cg14517318","LM32","CpG ~ as.numeric(LM) +Age + Gender",47,18.6048065023768,0.0851063829787234,0.708584159425825,"116769,117587","10-129-09,10-418-09",2.82032711816573,0.00139456348594093,-0.00851185375891574,0.211759074344701,0.00201171815061049,6.05704323408379e-08,0.569467576422851,0.6593589070033,0.857548030347627,0.000213348885669944,0.0148486518277525,0.477069506147185,3.28882700252072,6.53653981628171,-0.573240847563473,0.44387467992844,0.00014743726999634
"Bcell","cg07040517","LM32","CpG ~ as.numeric(LM) +Age + Gender",47,29.876922416812,0.0851063829787234,0.708584159425825,"116769,117587","10-129-09,10-418-09",4.20102946531229,0.00144430754210758,-0.0127250209535991,0.355601619435286,8.34937965274807e-05,3.59948064912322e-07,0.451319829492318,0.512040189216435,0.966801612100381,0.000240530021999943,0.0167404040549996,0.537849253108377,4.34528595394616,6.004687190807,-0.760138220785578,0.661154807560236,0.000695487787174304
"Bcell","cg27195274","LM32","CpG ~ as.numeric(LM) +Age + Gender",47,34.5834850716702,0.0851063829787234,0.708584159425825,"116769,117587","10-129-09,10-418-09",-6.88541951506415,-0.00113443577485794,0.0419545817895795,-0.479155571917964,2.73589317018269e-08,5.33955816895191e-05,0.0216206736284039,0.401483141407406,1.01644155160575,0.000252879914254841,0.017599931629411,0.565464850820615,-6.77404372557058,-4.48606516733753,2.38379231652638,-0.847365793333754,0.0445619872381953
"Bcell","cg27047750","LM32","CpG ~ as.numeric(LM) +Age + Gender",47,-68.7422393435424,0.0851063829787234,0.708584159425825,"116769,117587","10-129-09,10-418-09",-4.64104031598115,-0.000481308284054961,0.010539944650004,-0.442520645705172,2.70989215475289e-17,9.53643086610848e-07,0.0792547648461652,0.0234807179594664,0.338611454307736,8.42429507095359e-05,0.0058631393367743,0.188375686918536,-13.7060936862558,-5.71333601210717,1.79766231784673,-2.34913885620782,0.00158372615082339
"Bcell","cg00080484","LM32","CpG ~ as.numeric(LM) +Age + Gender",47,-78.6105386313417,0.0851063829787234,0.708584159425825,"116769,117587","10-129-09,10-418-09",2.64515874979681,-0.000337292521163474,-0.000484594154680716,0.133498792509776,5.3373672775864e-11,6.04749075827679e-05,0.927283566416192,0.435523891756199,0.304865711730631,7.58473666487673e-05,0.00527882363145658,0.169602318925022,8.67647179730719,-4.44699052935354,-0.0917996486552445,0.787128344446715,0.048894248714037
"Bcell","cg21113826","LM32","CpG ~ as.numeric(LM) +Age + Gender",47,-99.1858011508161,0.0851063829787234,0.708584159425825,"116769,117587","10-129-09,10-418-09",4.18952356847737,0.000290231342218168,-0.00691220680994609,0.335093690740756,8.43738500487194e-21,2.19242086970015e-05,0.110443708980269,0.0180239106596667,0.244933224114443,6.09367972161044e-05,0.00424107809384148,0.136260790220633,17.1047581789878,4.76282567311342,-1.62982304428287,2.45920847954994,0.0226869124473609
"Bcell","cg20246901","LM32","CpG ~ as.numeric(LM) +Age + Gender",47,-52.54069003234,0.0851063829787234,0.708584159425825,"116769,117587","10-129-09,10-418-09",3.70479053352358,0.000476482537039151,-0.000570107754154136,0.270236614074954,9.90459940382488e-12,2.20844074579516e-05,0.935152601772079,0.23386238569792,0.402304878388195,0.00010008920138142,0.00696600640009754,0.22380949271781,9.20891277373159,4.76057886827741,-0.0818414054494915,1.20744035828579,0.0228181635637486
"Bcell","cg05117620","LM32","CpG ~ as.numeric(LM) +Age + Gender",47,-90.6883689469605,0.0851063829787234,0.708584159425825,"116769,117587","10-129-09,10-418-09",2.68839301971506,-0.000422049707466621,-0.00313973265717161,0.164714014532528,7.94550801891917e-13,1.22072078941794e-07,0.502454683707752,0.275590020484232,0.268106377760042,6.67020329029531e-05,0.00464232686132454,0.149152435439732,10.027337067383,-6.32738897299689,-0.676327357155499,1.10433338917275,0.000265913030687237
"Bcell","cg19886981","LM32","CpG ~ as.numeric(LM) +Age + Gender",47,-92.5782082257413,0.0851063829787234,0.708584159425825,"116769,117587","10-129-09,10-418-09",3.31539504358153,0.000501678436818159,-0.00819979509902329,0.373763509793907,4.76120394851581e-16,1.37959954133396e-09,0.0785295109616948,0.0141762359164088,0.262770009373805,6.53744008538581e-05,0.00454992635034706,0.146183717023331,12.6170983191053,7.67392787185373,-1.80218194046104,2.5568067183177,6.50785647086015e-06
"Bcell","cg06620193","LM32","CpG ~ as.numeric(LM) +Age + Gender",47,-35.7346774910475,0.0851063829787234,0.708584159425825,"116769,117587","10-129-09,10-418-09",2.88144633440438,0.000536789787916184,-0.00711542711861341,0.712669346430664,3.78406910270885e-07,5.3562844906173e-05,0.397716115928668,0.0108548056470108,0.481062679577212,0.000119683309847485,0.00832971680136919,0.267623884435615,5.98975238930772,4.4850847507495,-0.854221972761886,2.66295120831085,0.0445619872381953
"Bcell","cg16952974","LM32","CpG ~ as.numeric(LM) +Age + Gender",47,-138.09401796307,0.0851063829787234,0.708584159425825,"116769,117587","10-129-09,10-418-09",-1.62924890452675,0.000190212994684658,0.00199614323161748,0.0150337520349812,7.14472029065528e-13,2.50249270546285e-05,0.480312796679981,0.868230497494101,0.161914500080759,4.02826161842303e-05,0.00280358878159768,0.0900759699258868,-10.0624027107771,4.72196229298338,0.711995726591522,0.166900806589713,0.0250751563685217
"Bcell","cg15833019","LM32","CpG ~ as.numeric(LM) +Age + Gender",47,17.1680460111256,0.0851063829787234,0.708584159425825,"116769,117587","10-129-09,10-418-09",3.31328497991969,0.00148468067057282,-0.0167121906069573,0.455789876026249,0.000310093224006845,1.03237030992063e-08,0.25942947386434,0.3374169780487,0.844540340375424,0.000210112709896111,0.0146234205256617,0.46983309254521,3.92318142961274,7.06611547348521,-1.14283731207963,0.97011020138474,3.34661673049366e-05
"Bcell","cg15679331","LM32","CpG ~ as.numeric(LM) +Age + Gender",47,-109.757004591445,0.0851063829787234,0.708584159425825,"116769,117587","10-129-09,10-418-09",-4.47993143744936,-0.000288584814830482,0.00826941136484137,-0.464455621509284,8.59706823790485e-24,3.77565355827506e-06,0.034627203068713,0.000431566075375574,0.218880519458742,5.44551596747895e-05,0.00378996920324448,0.121767198603549,-20.4674744400623,-5.29949441988479,2.18192046462071,-3.81429175373792,0.00517540712543557
"Bcell","cg17895363","LM32","CpG ~ as.numeric(LM) +Age + Gender",47,0.569837695233814,0.0851063829787234,0.708584159425825,"116769,117587","10-129-09,10-418-09",3.35643744131098,0.00135303265011758,-0.00357825891725204,0.508064480549404,2.34682055397758e-05,1.33815129934262e-09,0.771728500164999,0.203871946502463,0.707838400139056,0.00017610271210447,0.0122563933237856,0.393783326456319,4.74181316053439,7.68320166082911,-0.291950398679505,1.29021328841297,6.35617220829066e-06
"Bcell","cg19370234","LM32","CpG ~ as.numeric(LM) +Age + Gender",47,-67.2730860621814,0.0851063829787234,0.708584159425825,"116769,117587","10-129-09,10-418-09",4.14695748287516,-0.000448126177564683,-0.00247402758346328,-0.280984774679322,2.20223199130111e-15,4.64273500477309e-06,0.67990075863549,0.149249805190251,0.343945284414553,8.55699512615409e-05,0.00595549589682889,0.191342993244108,12.0570267155542,-5.23695726079128,-0.41541924070179,-1.46848740011531,0.00615427815811971
"Bcell","cg19298209","LM32","CpG ~ as.numeric(LM) +Age + Gender",47,-78.0124918615019,0.0851063829787234,0.708584159425825,"116769,117587","10-129-09,10-418-09",-3.5343564935901,-0.000360392623643062,0.00529857669629112,0.042887051624384,9.94097323093189e-15,2.50691293709699e-05,0.324161676851593,0.802806439219898,0.306811511483835,7.63314610602657e-05,0.00531251562542003,0.170684802581297,-11.5196345681323,-4.72141655140759,0.997376209292974,0.251264617445698,0.0250751563685217
"Bcell","cg03443427","LM32","CpG ~ as.numeric(LM) +Age + Gender",47,61.4041397562118,0.0851063829787234,0.708584159425825,"116769,117587","10-129-09,10-418-09",6.58496350255142,0.00166005733239847,-0.0720310872893775,0.939264844785753,1.54625925244913e-05,1.25177600680107e-05,0.00363318428294942,0.218521457179291,1.35206623451732,0.000336379787811179,0.0234113542961199,0.752178942697806,4.87029653906134,4.9350686115847,-3.07675866924604,1.24872525866908,0.0143178683908344
"Bcell","cg06151567","LM32","CpG ~ as.numeric(LM) +Age + Gender",47,-42.6984109031797,0.0851063829787234,0.708584159425825,"116769,117587","10-129-09,10-418-09",-2.28142918199111,-0.000564352075302305,0.00205388259199304,-0.377273875343325,7.12137278769292e-06,7.8382748350993e-06,0.791867647479922,0.136303478587965,0.446712540781559,0.000111137358396008,0.00773493582915371,0.248514279875405,-5.10715275196789,-5.07796913159828,0.265533242596759,-1.51811749221201,0.00955675721182486
"Bcell","cg04745673","LM32","CpG ~ as.numeric(LM) +Age + Gender",47,-152.903844379943,0.0851063829787234,0.708584159425825,"116769,117587","10-129-09,10-418-09",-3.24236546839912,-0.000203414495846364,0.0114613279102454,-0.316586922809753,4.0217970426761e-26,4.91939572784979e-07,2.03578518639153e-05,0.00017210983289059,0.138312701377344,3.44107381377742e-05,0.00239491792112863,0.0769458616950287,-23.4422828569685,-5.91136682485364,4.78568714573909,-4.11441129952551,0.000902102434549763
"Bcell","cg12287196","LM32","CpG ~ as.numeric(LM) +Age + Gender",47,-0.481457304265625,0.0851063829787234,0.708584159425825,"116769,117587","10-129-09,10-418-09",2.94445207077231,0.00143634651823031,-0.000345211643667573,0.518246306380815,0.000129147684815894,2.11711485541793e-10,0.977409016983883,0.190245598737101,0.699966047218551,0.000174144153908599,0.0121200816264287,0.3894037938971,4.20656413617868,8.24803179430408,-0.0284826170571998,1.33087123059146,1.93079463404212e-06
"Bcell","cg09437909","LM32","CpG ~ as.numeric(LM) +Age + Gender",47,23.2977981156171,0.0851063829787234,0.708584159425825,"116769,117587","10-129-09,10-418-09",3.19793413988195,0.00154925398858058,-0.0275135473784123,0.354352151195064,0.000954451277445595,1.7491608156603e-08,0.0850585178699319,0.483629156973528,0.901448246000428,0.000224270795299191,0.0156087946936016,0.501491991489198,3.54755156945575,6.90796136212823,-1.76269519322275,0.706595832453482,5.11289423977593e-05
"Bcell","cg09681025","LM32","CpG ~ as.numeric(LM) +Age + Gender",47,-68.7032400376318,0.0851063829787234,0.708584159425825,"116769,117587","10-129-09,10-418-09",3.73579215220479,0.00042834068871658,-0.0129519642168263,0.211805250318918,4.07677763930102e-14,7.72300343766715e-06,0.0326170305418799,0.267286479208759,0.33875196868522,8.42779092014174e-05,0.00586557237725042,0.188453857612539,11.0281046238766,5.08247882245014,-2.20813304888376,1.12391039908766,0.00944990292727575
"Bcell","cg25374458","LM32","CpG ~ as.numeric(LM) +Age + Gender",47,-4.50329815600272,0.0851063829787234,0.708584159425825,"116769,117587","10-129-09,10-418-09",3.46972678596729,0.00144111789374874,-0.00777775227504428,0.440398577451366,5.72055550898355e-06,6.05134172310165e-11,0.506581032803304,0.244331911121107,0.670649260655409,0.000166850447290051,0.0116124543671041,0.373094334376995,5.17368315977328,8.63718328092652,-0.669776778376603,1.18039470684206,9.62578484161142e-07
"Bcell","cg04654677","LM32","CpG ~ as.numeric(LM) +Age + Gender",47,4.16958481198339,0.0851063829787234,0.708584159425825,"116769,117587","10-129-09,10-418-09",-4.94927275444084,-0.00136977930039135,0.022076295168114,-0.595681000880991,3.17640520836893e-08,2.56302316173387e-09,0.0901670356273454,0.152689234070533,0.735470919862164,0.000182977390935915,0.0127348570948768,0.409155797818141,-6.72939285671336,-7.4860576674803,1.73353301129663,-1.45587818639626,1.1025754890001e-05
"Bcell","cg21953307","LM32","CpG ~ as.numeric(LM) +Age + Gender",47,44.9016526877237,0.0851063829787234,0.708584159425825,"116769,117587","10-129-09,10-418-09",-5.50761575824425,-0.00131239998226145,0.0265525235609301,-1.54214030073429,1.62401193771206e-05,3.15379923242427e-05,0.183496886045792,0.01871622057734,1.13436791574623,0.000282218747171618,0.0196418551840892,0.631069423755646,-4.85522878582222,-4.65029341747937,1.35183379126218,-2.44369358216825,0.0300025438940478
"Bcell","cg24993869","LM32","CpG ~ as.numeric(LM) +Age + Gender",47,-69.9179008565378,0.0851063829787234,0.708584159425825,"116769,117587","10-129-09,10-418-09",2.39286283083979,0.000369614713056883,0.00589385455344199,0.0889927809518976,7.66422407331983e-09,6.13052791486017e-05,0.314423310523585,0.634811980361522,0.334402801941975,8.31958824863797e-05,0.00579026550180334,0.186034337356034,7.15563032649168,4.4427043984706,1.01789020755722,0.478367500412477,0.0494487080321319
"Bcell","cg27418500","LM32","CpG ~ as.numeric(LM) +Age + Gender",47,-52.2774380825713,0.0851063829787234,0.708584159425825,"116769,117587","10-129-09,10-418-09",3.16899029505589,0.000454394683942475,0.00484092746689944,0.306938129885712,7.61309886537092e-10,4.682082033155e-05,0.492040514513964,0.178546159344515,0.403433133515865,0.000100369899331531,0.00698554241087569,0.224437161486809,7.85505708824301,4.52720075409828,0.692992352227749,1.36759049995271,0.0402832792486523
"Bcell","cg26844909","LM32","CpG ~ as.numeric(LM) +Age + Gender",47,-100.831287275374,0.0851063829787234,0.708584159425825,"116769,117587","10-129-09,10-418-09",3.98245787874844,0.000347610729404577,-0.00606734983895909,0.508014067495503,2.92380304151893e-20,7.01681385476371e-07,0.152689116263586,0.000458682316472084,0.240682935560582,5.98793703494432e-05,0.00416748331819004,0.133896277692336,16.5464903835944,5.80518344424791,-1.45587861443298,3.79408655902152,0.00121198626075482
"Bcell","cg03775500","LM32","CpG ~ as.numeric(LM) +Age + Gender",47,19.4319807134817,0.0851063829787234,0.708584159425825,"116769,117587","10-129-09,10-418-09",2.95651555862615,0.00141379977751256,-0.0101565976304744,0.497245879904873,0.00139312334965748,5.43957530844512e-08,0.501394345458485,0.307304712245165,0.865127517540517,0.000215234581968375,0.0149798924841091,0.481286112196056,3.41743326698389,6.56864600745382,-0.678015389045597,1.03316066535973,0.000134319217079419
"Bcell","cg10617143","LM32","CpG ~ as.numeric(LM) +Age + Gender",47,-51.5725603354337,0.0851063829787234,0.708584159425825,"116769,117587","10-129-09,10-418-09",3.56644349634439,0.000604321976137345,-0.00964183815374936,0.506137689905205,3.90867605398876e-11,3.96281111722567e-07,0.177815366590684,0.0304325795134477,0.406469728354198,0.000101125372030508,0.00703812178590857,0.226126474211724,8.77419214165093,5.97596789018517,-1.36994477319984,2.23829470507422,0.000746873402133534
"Bcell","ch.22.363412F","LM32","CpG ~ as.numeric(LM) +Age + Gender",47,47.743758640244,0.0851063829787234,0.708584159425825,"116769,117587","10-129-09,10-418-09",-2.23861811940798,-0.00147478165171638,0.00516735811045579,-1.07805337821631,0.0622022343178243,8.04523982698443e-06,0.799751792161946,0.104714263239237,1.16918948757374,0.000290881986178375,0.0202447991334237,0.650441295052797,-1.91467520295061,-5.07003431560733,0.255243733286768,-1.65741841180117,0.00979164379974772
"Bcell","cg07179220","LM32","CpG ~ as.numeric(LM) +Age + Gender",47,3.66452224125947,0.0851063829787234,0.708584159425825,"116769,117587","10-129-09,10-418-09",3.31279459586829,0.00145062227790429,-0.0082152302515037,0.613661808743025,4.66140607569869e-05,5.21812752279474e-10,0.520062999104951,0.13889164178041,0.731529827382563,0.000181996888784328,0.0126666161241328,0.4069632966679,4.52858444299063,7.97058833034957,-0.648573397266838,1.50790455495007,3.46521663587766e-06
"Bcell","cg15855450","LM32","CpG ~ as.numeric(LM) +Age + Gender",47,39.3612323459816,0.0851063829787234,0.708584159425825,"116769,117587","10-129-09,10-418-09",-2.99112572249225,-0.00121234838196839,-0.0117558243186906,-2.60243202496843,0.00768593006387511,4.26178086731908e-05,0.528892736299789,7.61925764166594e-05,1.06943979088292,0.000266065315995745,0.0185176089776892,0.594948731540838,-2.7969089498931,-4.55658182063752,-0.634845693785547,-4.37421224216829,0.0376133781205408
"Bcell","cg16528905","LM32","CpG ~ as.numeric(LM) +Age + Gender",47,59.25521583077,0.0851063829787234,0.708584159425825,"116769,117587","10-129-09,10-418-09",2.45046007056109,0.00149222911047904,0.000770784131074953,0.00800513832975318,0.0705640724438553,4.51257275733387e-05,0.973284342006952,0.991362609214776,1.32150742495101,0.00032877707899762,0.0228822211077002,0.735178523278337,1.85429156453808,4.53872610289189,0.0336848476136599,0.0108886999229199,0.0394198876520125
"Bcell","cg14553338","LM32","CpG ~ as.numeric(LM) +Age + Gender",47,-97.703575447622,0.0851063829787234,0.708584159425825,"116769,117587","10-129-09,10-418-09",3.3495501876548,0.000296785857880708,-0.00107507484271628,0.0215956131028605,5.09517544904323e-17,1.98036869852903e-05,0.804142762230188,0.876756933846682,0.248826029931735,6.1905286156499e-05,0.00430848296933352,0.138426428625784,13.4614139387818,4.79419248835102,-0.249525146175194,0.156007875932718,0.020799750018717
"Bcell","cg25730628","LM32","CpG ~ as.numeric(LM) +Age + Gender",47,-88.6442922931995,0.0851063829787234,0.708584159425825,"116769,117587","10-129-09,10-418-09",3.65985406377526,0.000349783459477921,-0.00145377146904362,0.16964412903395,6.68339349041985e-17,6.58038777923715e-06,0.760764060193326,0.271925211431525,0.274000335272963,6.81683872330517e-05,0.00474438216306835,0.152431350789584,13.3571152755316,5.13116818037801,-0.306419554554479,1.11292150961863,0.00824350245248959
"Bcell","cg02160482","LM32","CpG ~ as.numeric(LM) +Age + Gender",47,52.1648418537817,0.0851063829787234,0.708584159425825,"116769,117587","10-129-09,10-418-09",5.29196726779515,0.00139434785546183,-0.0319034268952928,0.287735481501111,9.09384191545691e-05,4.03959287861903e-05,0.140024900270554,0.675094578667661,1.2254934304124,0.000304889812024097,0.0212197155394494,0.681764198556276,4.31823389376662,4.57328451287059,-1.5034804230048,0.422045455174132,0.0362131236043384
"Bcell","cg15308917","LM32","CpG ~ as.numeric(LM) +Age + Gender",47,50.1923616427408,0.0851063829787234,0.708584159425825,"116769,117587","10-129-09,10-418-09",4.37656426664585,0.00148317815716688,-0.0159605993270858,1.68657765804003,0.000711955005381221,1.12478857019977e-05,0.446620392219922,0.0152896729186745,1.2000458101601,0.000298558713086607,0.0207790838318374,0.667607226355586,3.64699766424916,4.96779391173434,-0.768108904909039,2.52630227993025,0.0130841795590781
"Bcell","cg18393109","LM32","CpG ~ as.numeric(LM) +Age + Gender",47,-46.5971119791391,0.0851063829787234,0.708584159425825,"116769,117587","10-129-09,10-418-09",-4.51785031039101,-0.000690449749834778,0.0137133406350346,-0.857820330933675,1.6983442109152e-13,7.42703561799969e-08,0.0714896502785647,0.000822999252438576,0.428563860190824,0.000106622158496542,0.00742068702945012,0.238417840049014,-10.5418368883913,-6.47566846864361,1.84798800712268,-3.59797039834487,0.000173380724489205
"Bcell","cg11742981","LM32","CpG ~ as.numeric(LM) +Age + Gender",47,-44.1160381456308,0.0851063829787234,0.708584159425825,"116769,117587","10-129-09,10-418-09",3.34244853683823,0.000497801592047258,-0.0104913607651388,0.299504222250893,1.7830316630925e-09,4.39153120112221e-05,0.175648081563055,0.227806259830209,0.440026151937831,0.000109473855526802,0.00761915938700476,0.244794520619131,7.59602246847924,4.54721896522026,-1.37697090088873,1.22349234571669,0.0385595042864132
"Bcell","cg17827524","LM32","CpG ~ as.numeric(LM) +Age + Gender",47,-88.4582393375985,0.0851063829787234,0.708584159425825,"116769,117587","10-129-09,10-418-09",2.81183651026312,0.000321001507349439,0.00404959454678983,0.391608918559336,4.15831156319723e-13,2.68971398190391e-05,0.399006998950204,0.0139245646663675,0.27454319757213,6.83034456350312e-05,0.00475378195524963,0.152733354922069,10.2418728095581,4.69963856676661,0.85186796216386,2.56400390575557,0.0264332028024765
"Bcell","cg22452650","LM32","CpG ~ as.numeric(LM) +Age + Gender",47,-88.9139758545418,0.0851063829787234,0.708584159425825,"116769,117587","10-129-09,10-418-09",3.05472560456191,0.000305994949594296,-0.00849997656740987,0.520695984023552,2.62211494858644e-14,5.07952552564062e-05,0.0794042540098965,0.00136010254377834,0.273215361991918,6.79730941778933e-05,0.00473079016060103,0.151994655931366,11.1806509791066,4.50170693706355,-1.79673506514818,3.42575191761132,0.0429464778975347
"Bcell","cg24663514","LM32","CpG ~ as.numeric(LM) +Age + Gender",47,-57.0790225002826,0.0851063829787234,0.708584159425825,"116769,117587","10-129-09,10-418-09",3.14730881939818,0.000531299711777786,0.00241587400387865,0.16921745293961,2.39346538191342e-10,1.53371827432295e-06,0.717668608556008,0.431856743844993,0.383342970377775,9.53716790957482e-05,0.00663767637067346,0.213260639743974,8.21016442872705,5.5708331531459,0.36396381338392,0.793477188958829,0.00240766461247261
"Bcell","cg03221563","LM32","CpG ~ as.numeric(LM) +Age + Gender",47,2.39657588120725,0.0851063829787234,0.708584159425825,"116769,117587","10-129-09,10-418-09",4.08374194612358,0.00150497543747175,-0.0242459743012835,0.58925928515548,1.14597035006387e-06,1.37527402320721e-10,0.0589365483392709,0.149488383106556,0.721728626169513,0.000179558453521194,0.012496905951459,0.401510710857093,5.65827902351268,8.3815348593104,-1.94015817958947,1.46760539438065,1.50488014143292e-06
"Bcell","cg09301114","LM32","CpG ~ as.numeric(LM) +Age + Gender",47,23.9455977459291,0.0851063829787234,0.708584159425825,"116769,117587","10-129-09,10-418-09",-2.93646272320162,-0.00112050062277909,-0.0218230204976467,0.212957748418577,0.002340751236225,1.14674730577265e-05,0.172129625383974,0.675321661481097,0.907682018758195,0.000225821692070361,0.0157167339786069,0.504959952216454,-3.23512272196271,-4.96188214916913,-1.38852133829787,0.421731956135981,0.0133169681394221
"Bcell","cg21168902","LM32","CpG ~ as.numeric(LM) +Age + Gender",47,46.580982730539,0.0851063829787234,0.708584159425825,"116769,117587","10-129-09,10-418-09",-5.07226391980858,-0.00131357632371281,0.0276246573147869,-0.585814454719216,7.19550469210183e-05,4.05565697899433e-05,0.174257276756049,0.36693080576187,1.15481574903211,0.000287305951959598,0.0199959143695215,0.642444923881884,-4.39227116885079,-4.57204702775364,1.38151508374598,-0.911851635747254,0.0363095431328171
"Bcell","cg27028514","LM32","CpG ~ as.numeric(LM) +Age + Gender",47,-180.206213583293,0.0851063829787234,0.708584159425825,"116769,117587","10-129-09,10-418-09",2.84255485614438,0.000121798052553005,-0.00814968837475875,0.178513126923587,6.60817242166935e-29,2.41889643349251e-05,4.35549601510081e-05,0.00339081918119173,0.103447717232511,2.57366986053353e-05,0.00179122227700607,0.0575498393392169,27.4781786605827,4.73246605637897,-4.54979177033265,3.10188749392287,0.0245841465977223
"Bcell","cg07605826","LM32","CpG ~ as.numeric(LM) +Age + Gender",47,-18.204454524187,0.0851063829787234,0.708584159425825,"116769,117587","10-129-09,10-418-09",2.15046771014754,0.000811863913464069,-0.0174031201985621,0.700385176907822,0.000590787347923993,1.26207626779633e-06,0.0901151533710597,0.0354321902712158,0.579687581760006,0.000144220143045594,0.0100374308677927,0.322490704383981,3.70970118700567,5.62933787416509,-1.73382217300283,2.17179958177613,0.00204562525306007
"Bcell","cg11420582","LM32","CpG ~ as.numeric(LM) +Age + Gender",47,6.16451858309429,0.0851063829787234,0.708584159425825,"116769,117587","10-129-09,10-418-09",-4.47224812077377,-0.00127547755873609,0.0143175477693695,-0.561098334594804,4.27804468825801e-07,2.31286541115331e-08,0.277163284443454,0.186459853384822,0.751246405417277,0.000186902164995184,0.0130080134477946,0.417931986249195,-5.95310418595571,-6.82430596119075,1.10067135361064,-1.34255896427187,6.56426712407389e-05
"Bcell","cg27209108","LM32","CpG ~ as.numeric(LM) +Age + Gender",47,-95.6432018852816,0.0851063829787234,0.708584159425825,"116769,117587","10-129-09,10-418-09",3.69250590444821,0.000326000161067574,-0.00561187028914823,0.113481578852549,3.50825994932026e-18,6.14539530604797e-06,0.209408993568631,0.42694965459519,0.254340226463553,6.32771599685716e-05,0.00440396261771842,0.141494076061423,14.5179783622523,5.15194046682074,-1.27427745788987,0.802023533503171,0.00782759713661133
"Bcell","cg26225431","LM32","CpG ~ as.numeric(LM) +Age + Gender",47,-2.83126529720165,0.0851063829787234,0.708584159425825,"116769,117587","10-129-09,10-418-09",-3.97593534784674,-0.00122666963341516,0.00409091050255119,-0.587373535451622,6.58980170781312e-07,6.14117644586975e-09,0.730973582370252,0.129294992735518,0.682685218406295,0.000169844866358428,0.0118208598904472,0.379790155738623,-5.82396577609872,-7.2222944367744,0.346075542766325,-1.54657388185665,2.14312958321055e-05
"Bcell","cg25965156","LM32","CpG ~ as.numeric(LM) +Age + Gender",47,58.7516589490038,0.0851063829787234,0.708584159425825,"116769,117587","10-129-09,10-418-09",5.15311153597861,0.00147023960787459,-0.0353919463509196,-0.525089839104203,0.000312770187198622,5.17518581901786e-05,0.127274209822887,0.476597112628843,1.31444705344389,0.000327020533194759,0.022759969065163,0.731250710690686,3.92036447757808,4.49586328268563,-1.55500854371069,-0.718070876961257,0.0435399904585378
"Bcell","cg04156246","LM32","CpG ~ as.numeric(LM) +Age + Gender",47,-63.5331674834374,0.0851063829787234,0.708584159425825,"116769,117587","10-129-09,10-418-09",3.97536186203716,0.000517909867970819,-0.0124912458589713,0.49655254454534,3.24082404435415e-14,6.75871182266982e-07,0.050116505688558,0.0165604203852511,0.357905489467583,8.90431027194022e-05,0.00619722022822576,0.199109308243004,11.1072950234736,5.81639511824837,-2.01562077818034,2.4938690658265,0.00117631681759467
"Bcell","cg14394812","LM32","CpG ~ as.numeric(LM) +Age + Gender",47,-64.0353217461908,0.0851063829787234,0.708584159425825,"116769,117587","10-129-09,10-418-09",4.7288509643061,0.000432065328930516,-0.0248245513732825,0.0605984871692262,8.10392126891057e-17,1.50642818736431e-05,0.000225392070826243,0.761097914490071,0.355998632311138,8.85686968143542e-05,0.00616420253475636,0.198048489058859,13.2833402578164,4.87830739833683,-4.02721215490751,0.305978033244256,0.0167270998054586
"Bcell","cg14416830","LM32","CpG ~ as.numeric(LM) +Age + Gender",47,-16.2819535076674,0.0851063829787234,0.708584159425825,"116769,117587","10-129-09,10-418-09",-3.14327505733991,-0.0014938067773404,0.00244344711431089,-0.279903170181831,3.61554353866119e-06,5.51405405375691e-13,0.812622170376789,0.399829334859446,0.591665501977643,0.000147200122989155,0.010244831457192,0.329154238414352,-5.31258801946963,-10.1481353887895,0.238505350187636,-0.850370852066861,5.6681692679999e-08
"Bcell","cg02589578","LM32","CpG ~ as.numeric(LM) +Age + Gender",47,20.3599135134778,0.0851063829787234,0.708584159425825,"116769,117587","10-129-09,10-418-09",3.87841701283518,0.00133376863591005,-0.0139941049292531,-0.263256536509705,6.20278246380423e-05,2.31888760994063e-07,0.360119959525376,0.590881010275115,0.873710024381554,0.000217369818953349,0.0151285006685862,0.486060716247678,4.43902084742643,6.13594215761984,-0.925015983792192,-0.541612452333136,0.00047065505363838
"Bcell","cg01030737","LM32","CpG ~ as.numeric(LM) +Age + Gender",47,-7.95959436248007,0.0851063829787234,0.708584159425825,"116769,117587","10-129-09,10-418-09",3.67738746988018,0.00112407325019505,-0.00709943269953033,0.448974696055629,1.0353932358415e-06,1.33334640484165e-08,0.529270335466576,0.218620495015064,0.646437927424652,0.00016082692349597,0.0111932292686761,0.359625131045165,5.68869386196219,6.98933503023337,-0.634261349349637,1.24845194981449,4.03540829283037e-05
"Bcell","cg09772927","LM32","CpG ~ as.numeric(LM) +Age + Gender",47,37.8905609811293,0.0851063829787234,0.708584159425825,"116769,117587","10-129-09,10-418-09",3.03426386545903,0.00128941283249146,0.00108217063596607,0.811962014298902,0.00614423782755802,1.30360790238133e-05,0.952939128875339,0.172808131127935,1.05283814343011,0.000261935001588857,0.0182301474314316,0.585712934277875,2.88198512220835,4.9226442616301,0.0593615954032406,1.38627980838424,0.0147650079933223
"Bcell","cg15048607","LM32","CpG ~ as.numeric(LM) +Age + Gender",47,17.1037026980823,0.0851063829787234,0.708584159425825,"116769,117587","10-129-09,10-418-09",2.91592148512537,0.00138535010462484,-0.00156811993261332,0.676611817278754,0.00124970042555462,4.93234196946342e-08,0.915044638638479,0.156800224584626,0.843962447507269,0.00020996893625884,0.0146134141706946,0.469511600272521,3.45503700281671,6.59788123571309,-0.107306883545256,1.4410971249401,0.00012403298696335
"Bcell","cg16337108","LM32","CpG ~ as.numeric(LM) +Age + Gender",47,13.2889692623689,0.0851063829787234,0.708584159425825,"116769,117587","10-129-09,10-418-09",2.37164239322024,0.00146742680721528,-0.0028965754252285,0.576566237891021,0.00545726134485919,5.10036817592597e-09,0.837434925820895,0.207800660944896,0.810398198161985,0.000201618505795766,0.0140322410646402,0.450839200252123,2.92651488934602,7.27823471076484,-0.206422866588829,1.27887334900911,1.82650593219502e-05
"Bcell","cg12983550","LM32","CpG ~ as.numeric(LM) +Age + Gender",47,-86.087412841712,0.0851063829787234,0.708584159425825,"116769,117587","10-129-09,10-418-09",3.1223265518882,-0.000400521911707808,0.00216961025325584,-0.066803728884498,3.41155877305729e-14,9.3949034051497e-07,0.658530641202292,0.671875370794876,0.281555665839481,7.0048073618176e-05,0.00487520454158902,0.156634518069539,11.089553259668,-5.71781479517918,0.445029584861003,-0.426494298369406,0.00156733340356229
"Bcell","cg23194094","LM32","CpG ~ as.numeric(LM) +Age + Gender",47,11.0641853959263,0.0851063829787234,0.708584159425825,"116769,117587","10-129-09,10-418-09",2.95457201339453,0.00154496707840898,-0.0137285432540148,0.474112264782605,0.000550798144284025,7.83331230037297e-10,0.322049850708927,0.287570334025599,0.791442963988585,0.000196902643890202,0.0137040265943204,0.440294060054736,3.73314584604374,7.84635009406221,-1.00178901139206,1.07680822385763,4.32092455394646e-06
"Bcell","cg24073089","LM32","CpG ~ as.numeric(LM) +Age + Gender",47,-115.877691612226,0.0851063829787234,0.708584159425825,"116769,117587","10-129-09,10-418-09",3.27431486922362,0.000331818670076634,-0.00312323663530678,0.0394499576619588,1.10082351759232e-19,6.76818618430761e-08,0.384006121392743,0.731197165969339,0.205082495646743,5.10223571954413e-05,0.00355105307931336,0.114091107967402,15.9658427156244,6.50339749701492,-0.879524063861837,0.345775918603845,0.000161303327844442
"Bcell","cg17927376","LM32","CpG ~ as.numeric(LM) +Age + Gender",47,7.96296724594838,0.0851063829787234,0.708584159425825,"116769,117587","10-129-09,10-418-09",2.8453968338824,0.00147017100276095,-0.0103901445480177,0.426577414290375,0.000580138393150689,1.19771272436484e-09,0.437562496288604,0.322262576525931,0.7657579545806,0.00019051248503998,0.0132592844359866,0.426005023965777,3.71579141537067,7.71692733131074,-0.783612765694821,1.0013436234138,5.83422992403473e-06
"Bcell","cg06371723","LM32","CpG ~ as.numeric(LM) +Age + Gender",47,-61.598181920175,0.0851063829787234,0.708584159425825,"116769,117587","10-129-09,10-418-09",3.83264412227617,0.000526062510081883,-0.0106091058516092,0.477350367082743,1.97884598997912e-13,7.44196984544947e-07,0.100791913387701,0.0235117356278073,0.365349309566051,9.08950464787411e-05,0.00632611177598637,0.203250440229261,10.4903554541501,5.78758172707377,-1.67703420794442,2.34858220500927,0.00127896235287392
"Bcell","cg13247779","LM32","CpG ~ as.numeric(LM) +Age + Gender",47,-82.0269154123542,0.0851063829787234,0.708584159425825,"116769,117587","10-129-09,10-418-09",3.54010548357604,0.000326183243047243,-0.0055008035359125,0.48036642826191,2.29707360319846e-15,5.80774873038213e-05,0.285889701496092,0.00530426012097519,0.293984473994957,7.31402297147873e-05,0.00509041236482871,0.163548889228817,12.0418110367174,4.4596967266743,-1.08062041769333,2.93714271327054,0.0474600389534852
"Bcell","cg26541248","LM32","CpG ~ as.numeric(LM) +Age + Gender",47,-65.0716177433319,0.0851063829787234,0.708584159425825,"116769,117587","10-129-09,10-418-09",3.01642646077928,0.0007543243226181,-0.00360158070215426,0.308672085286497,7.5741977430476e-11,6.5749937816535e-11,0.557780073608295,0.122390995627636,0.352095506302955,8.75976403195504e-05,0.00609661896265969,0.195877109344536,8.56706889688006,8.61124020996883,-0.590750500271228,1.57584562238746,9.77665841670019e-07
"Bcell","cg17984924","LM32","CpG ~ as.numeric(LM) +Age + Gender",47,30.9755518720491,0.0851063829787234,0.708584159425825,"116769,117587","10-129-09,10-418-09",-8.4806111176332,-0.00141506302012783,0.082842257874865,-0.523926428341716,5.45062482857189e-11,6.79610295648275e-07,1.44471850716028e-05,0.341033698581506,0.9781674417211,0.000243357720272787,0.0169372061474763,0.544172270049961,-8.66989715248694,-5.81474472452177,4.89114067299754,-0.962795160976531,0.00117750116798584
"Bcell","cg05558399","LM32","CpG ~ as.numeric(LM) +Age + Gender",47,-67.907180285191,0.0851063829787234,0.708584159425825,"116769,117587","10-129-09,10-418-09",3.36703444318927,0.000480177113608591,0.00628058640264824,0.087841396019073,1.33940238114468e-12,1.18003129236916e-06,0.294287650647598,0.646278450315947,0.341632946397982,8.49946660044252e-05,0.00591545720406644,0.190056597711063,9.85570764965647,5.64949703530326,1.06172459473307,0.462185459894508,0.00193557674777948
"Bcell","cg22805310","LM32","CpG ~ as.numeric(LM) +Age + Gender",47,-88.5885931658949,0.0851063829787234,0.708584159425825,"116769,117587","10-129-09,10-418-09",3.51963900352176,-0.000406129595591524,-0.00316808067335895,-0.0908304666630452,2.6324085010936e-16,4.26221194035189e-07,0.508108974826847,0.554614312241165,0.274162740613677,6.82087919651972e-05,0.00474719425087438,0.152521699823047,12.8377729068637,-5.95421182358349,-0.667358550321682,-0.595524877892296,0.000796538703863659
"Bcell","cg03469461","LM32","CpG ~ as.numeric(LM) +Age + Gender",47,56.6718045909554,0.0851063829787234,0.708584159425825,"116769,117587","10-129-09,10-418-09",-2.70943978313044,-0.00164863284046843,0.00269222052073784,-0.682075206462484,0.0409526443155303,6.10056774770106e-06,0.904306704940466,0.345606457844688,1.28568284658864,0.000319864302566768,0.0222619098573052,0.715248661273598,-2.10739358491055,-5.15416327248428,0.120933942235616,-0.953619689756505,0.00778499596378505
"Bcell","cg10397930","LM32","CpG ~ as.numeric(LM) +Age + Gender",47,-98.89808995015,0.0851063829787234,0.708584159425825,"116769,117587","10-129-09,10-418-09",2.85948660100668,-0.000311716988713347,0.00249518595816,-0.0266936873354247,7.09238098281285e-15,7.29607788136794e-06,0.560579706758736,0.846075871589957,0.245684053773433,6.11235956989935e-05,0.00425407889122396,0.136678490363294,11.6388774814163,-5.09978160068355,0.586539653344817,-0.1953027668397,0.0090243775596135
"Bcell","cg26658371","LM32","CpG ~ as.numeric(LM) +Age + Gender",47,6.13842162862088,0.0851063829787234,0.708584159425825,"116769,117587","10-129-09,10-418-09",-4.44828078303698,-0.00133926794871793,0.0204330536046251,-0.514305742328387,4.73402239349966e-07,7.36521074892222e-09,0.123456795234228,0.225036579232198,0.751037867948999,0.000186850283077317,0.0130044025710275,0.417815973077356,-5.92284486957328,-7.16759924930783,1.57124123872849,-1.23093844053005,2.52440449249297e-05
"Bcell","cg20050194","LM32","CpG ~ as.numeric(LM) +Age + Gender",47,-90.1905542153065,0.0851063829787234,0.708584159425825,"116769,117587","10-129-09,10-418-09",4.41424017707864,0.000419829540525208,-0.0112933604431337,0.314472864859237,4.28483872353445e-20,1.52566705422287e-07,0.019827438559167,0.041886459459198,0.269530009079744,6.70562173275156e-05,0.00466697738240238,0.149944427335919,16.3775462040393,6.26085927982902,-2.41984469128075,2.0972627689239,0.00032509303325644
"Bcell","cg25597833","LM32","CpG ~ as.numeric(LM) +Age + Gender",47,-63.1103785336743,0.0851063829787234,0.708584159425825,"116769,117587","10-129-09,10-418-09",-5.06852300453151,-0.000427778517830268,0.011277558549809,-0.351972100120186,1.00027694966114e-17,2.05618113361947e-05,0.0770345282654023,0.0855546052021678,0.359518886206873,8.94444987745381e-05,0.00622515658350144,0.200006870080235,-14.0980716145605,-4.78261406448891,1.81161042273186,-1.7598000507632,0.0214392929038117
"Bcell","cg27024073","LM32","CpG ~ as.numeric(LM) +Age + Gender",47,15.6997286774263,0.0851063829787234,0.708584159425825,"116769,117587","10-129-09,10-418-09",-2.88986070709394,-0.00156301805953702,0.0226756143269728,-0.298385353604807,0.00117706433738544,2.03414473831212e-09,0.122574963731546,0.522298507494085,0.831450783027223,0.000206856166384467,0.0143967716701287,0.462551134638712,-3.4756846299095,-7.55606219943168,1.57504854883692,-0.645086199686591,8.9914046921661e-06
"Bcell","cg04249642","LM32","CpG ~ as.numeric(LM) +Age + Gender",47,27.354701402672,0.0851063829787234,0.708584159425825,"116769,117587","10-129-09,10-418-09",1.38546155947941,0.00164091830621845,-0.00731644266847583,1.36195671920769,0.148300502435857,1.25449124039975e-08,0.655730322672728,0.0126912065621897,0.941205196366826,0.000234161904319485,0.0162971959175943,0.523609503285624,1.47200797958561,7.00762282826168,-0.448938744153959,2.6010924375159,3.86516097287039e-05
"Bcell","cg03814610","LM32","CpG ~ as.numeric(LM) +Age + Gender",47,-45.4048309649473,0.0851063829787234,0.708584159425825,"116769,117587","10-129-09,10-418-09",-4.32401827780281,-0.000583162730575874,0.0037139721175098,-0.446109515182635,9.67731337826692e-13,2.70180597952247e-06,0.623693609520745,0.0715555934503886,0.434034315722971,0.000107983150010239,0.00751540929183248,0.241461153574046,-9.96238804436532,-5.4004974898452,0.494180951867256,-1.84754155515053,0.00388239869950309
"Bcell","cg27049827","LM32","CpG ~ as.numeric(LM) +Age + Gender",47,-38.2124225239516,0.0851063829787234,0.708584159425825,"116769,117587","10-129-09,10-418-09",1.94277841895465,-0.000635373423312126,-0.00336870007753754,-0.373484703674223,0.000155827593850709,2.28793509038197e-06,0.680044504274798,0.159136327342809,0.468548014901129,0.00011656979355605,0.00811302235168232,0.260661749738394,4.14638064225843,-5.45058375698864,-0.41522134803918,-1.43283279594747,0.0034020351350996
"Bcell","cg25537948","LM32","CpG ~ as.numeric(LM) +Age + Gender",47,-103.053824730436,0.0851063829787234,0.708584159425825,"116769,117587","10-129-09,10-418-09",3.55871422991712,0.000281744407684817,-0.00344295212512098,0.0510581344695022,7.71570736843616e-19,1.83436941032823e-05,0.402284323965011,0.698131829650644,0.235058973034058,5.8480187918114e-05,0.0040701030450235,0.130767565445126,15.1396655230068,4.8177753477695,-0.845912766098308,0.390449530016888,0.0195132115834752
"Bcell","cg23945072","LM32","CpG ~ as.numeric(LM) +Age + Gender",47,-84.4859957098102,0.0851063829787234,0.708584159425825,"116769,117587","10-129-09,10-418-09",3.32007323176233,0.000443721302388647,-0.00589795585604555,0.558216868797461,8.08133944494752e-15,1.7060283483023e-07,0.240827947744898,0.00108519997534095,0.28639343940163,7.12516605451844e-05,0.00495897176243698,0.15932585915187,11.5927000237822,6.22752226395146,-1.18935056269551,3.50361750295265,0.00035685469727738
"Bcell","cg14690524","LM32","CpG ~ as.numeric(LM) +Age + Gender",47,13.5739157315446,0.0851063829787234,0.708584159425825,"116769,117587","10-129-09,10-418-09",4.18299733148693,0.00094397740890527,-0.0108985445936482,0.173737520922549,6.26610849958197e-06,2.98052581799149e-05,0.442973768393431,0.702724902809754,0.812858522187712,0.000202230608407748,0.0140748421709907,0.452207923083239,5.14603367905757,4.66782657846717,-0.774328014569919,0.38419831244436,0.0287135881250294
"Bcell","cg24990123","LM32","CpG ~ as.numeric(LM) +Age + Gender",47,-7.65822751431734,0.0851063829787234,0.708584159425825,"116769,117587","10-129-09,10-418-09",2.86541218665959,0.000779249493628343,-0.00245529448677803,0.473527979903078,6.62231943777414e-05,1.76430010892545e-05,0.8279546953274,0.196310232340886,0.648513752808273,0.000161343366909946,0.01122917268792,0.360779950315417,4.41842933052913,4.82975847444216,-0.218653195120898,1.31251190507978,0.0188793265686089
"Bcell","cg12640806","LM32","CpG ~ as.numeric(LM) +Age + Gender",47,38.1498410476638,0.0851063829787234,0.708584159425825,"116769,117587","10-129-09,10-418-09",3.93096975596568,0.00135292332176121,-0.0170190704208814,0.407520481538509,0.000567087131059969,6.16682397434142e-06,0.357053466865735,0.491506710161609,1.05574619417863,0.000262658493877001,0.0182805010344185,0.587330735596698,3.72340414546695,5.1508835742992,-0.930995840258317,0.693851788846856,0.00784029138351238
"Bcell","cg20517640","LM32","CpG ~ as.numeric(LM) +Age + Gender",47,-29.741878552148,0.0851063829787234,0.708584159425825,"116769,117587","10-129-09,10-418-09",4.30862890738326,0.00122034417026269,-0.0140269026199341,0.50978606636513,1.2820991916853e-10,3.25426382553816e-12,0.121446763312297,0.0809537435280541,0.512730698318172,0.000127561978179357,0.00887805621527774,0.285241377015343,8.40329810857076,9.56667643196033,-1.57995199397319,1.78720938630762,1.90500785110228e-07
"Bcell","cg02570721","LM32","CpG ~ as.numeric(LM) +Age + Gender",47,-67.684148029962,0.0851063829787234,0.708584159425825,"116769,117587","10-129-09,10-418-09",2.61648848833355,0.000390161263613784,-0.011622369216075,0.0479507665796407,1.53942182405235e-09,3.95931614634374e-05,0.056486025774003,0.802472525751224,0.342444495669679,8.51965708851497e-05,0.00592950937624811,0.190508077274377,7.64062065946422,4.57954187076081,-1.96008952488225,0.251699388633166,0.0356805329053806
"Bcell","cg03480210","LM32","CpG ~ as.numeric(LM) +Age + Gender",47,13.0883901049408,0.0851063829787234,0.708584159425825,"116769,117587","10-129-09,10-418-09",-4.8244707627386,-0.00123886353179106,0.0110584593666686,-0.759389315328519,4.09829348362388e-07,2.15569976293873e-07,0.434002452909377,0.0986547295312696,0.808670797248708,0.000201188746707165,0.0140023306994822,0.4498782158274,-5.96592677657287,-6.15771782501461,0.789758476928242,-1.68798863472835,0.000440145629657098
"Bcell","cg22390693","LM32","CpG ~ as.numeric(LM) +Age + Gender",47,-20.8006062263116,0.0851063829787234,0.708584159425825,"116769,117587","10-129-09,10-418-09",3.87546878707636,0.000633247289957214,-0.00363284295819275,0.0299479543803131,1.96793192266326e-08,4.88708045273767e-05,0.711671932183251,0.924388933806613,0.563896470186091,0.000140291481398014,0.00976400394657504,0.31370582291556,6.87266012819235,4.51379715750994,-0.372064880152682,0.0954650892418219,0.041631895985716
"Bcell","cg18060242","LM32","CpG ~ as.numeric(LM) +Age + Gender",47,4.52176812303075,0.0851063829787234,0.708584159425825,"116769,117587","10-129-09,10-418-09",-3.48013125702492,-0.00129743851138533,0.00309093697283478,-0.756237280500291,2.56654340261413e-05,1.03902017502308e-08,0.810079183289484,0.0724717205717351,0.738231626431989,0.000183664225549826,0.0127826593977254,0.410691628900803,-4.71414544219007,-7.06418741865083,0.24180703534859,-1.84137495698251,3.35228587082505e-05
"Bcell","cg14825359","LM32","CpG ~ as.numeric(LM) +Age + Gender",47,-132.624559136532,0.0851063829787234,0.708584159425825,"116769,117587","10-129-09,10-418-09",3.57038546011052,0.000219020916892797,-0.0032271457944493,0.28320638899158,4.53539631537298e-24,6.61066376134446e-06,0.283524636883377,0.00490400666599317,0.171615095247359,4.26960217264135e-05,0.00297155693621221,0.0954725867702954,20.8046119425818,5.12977340831035,-1.08601176545615,2.96636341982613,0.00826629060226838
"Bcell","cg09750262","LM32","CpG ~ as.numeric(LM) +Age + Gender",47,-45.1333689006478,0.0851063829787234,0.708584159425825,"116769,117587","10-129-09,10-418-09",4.28020739728654,0.00051080400606458,-0.0304233295526214,0.458647863245971,1.435562191264e-12,2.5449131938185e-05,0.000219062255303851,0.0649657411875122,0.435289572602009,0.000108295444653681,0.00753714436869302,0.24215947571832,9.83301155527564,4.71676355084079,-4.03645307352617,1.89399098212234,0.02528558817912
"Bcell","cg26574003","LM32","CpG ~ as.numeric(LM) +Age + Gender",47,-12.2733769628587,0.0851063829787234,0.708584159425825,"116769,117587","10-129-09,10-418-09",-4.00029008141126,-0.000736024896823006,0.00212013925574998,-0.275884650885882,7.34936766349734e-08,1.99827834925206e-05,0.843739019698446,0.426293562910603,0.617442456359906,0.000153613156777119,0.0106911656650228,0.343494425158341,-6.47880630851775,-4.79141834114459,0.198307586111608,-0.803170679578589,0.0208992721635575
"Bcell","cg12548855","LM32","CpG ~ as.numeric(LM) +Age + Gender",47,7.67073054254014,0.0851063829787234,0.708584159425825,"116769,117587","10-129-09,10-418-09",3.95003181601468,0.00133594540693772,-0.00792755562586455,0.531134268159961,5.70722194439248e-06,1.14811941201511e-08,0.551821144951257,0.217820785180392,0.763380985628402,0.000189921120289229,0.0132181266429213,0.424682673072273,5.17439114987006,7.0342119133629,-0.599748802536249,1.25066149819014,3.61893058627316e-05
"Bcell","cg23468137","LM32","CpG ~ as.numeric(LM) +Age + Gender",47,-87.0144659871691,0.0851063829787234,0.708584159425825,"116769,117587","10-129-09,10-418-09",3.52780651509137,0.000395299899551707,-0.00154508741455779,0.255175230674527,4.31161058637822e-16,9.99730680517809e-07,0.75046628715117,0.107208111811746,0.278792536302905,6.93606361957484e-05,0.00482736028448431,0.155097339046575,12.653877187223,5.69919656498102,-0.320068800235167,1.64525859852373,0.00165054205621783
"Bcell","cg23250715","LM32","CpG ~ as.numeric(LM) +Age + Gender",47,34.2511225131361,0.0851063829787234,0.708584159425825,"116769,117587","10-129-09,10-418-09",3.50831576081188,0.00141350908640163,-0.018853731515032,0.741673715255855,0.00121839229339558,1.34859982178668e-06,0.288355186108411,0.195059191112505,1.0128539922636,0.000251987367411008,0.0175378121705611,0.563469026559974,3.46379220263647,5.60944423890944,-1.07503326707306,1.31626350393,0.00217555550731835
"Bcell","cg15568266","LM32","CpG ~ as.numeric(LM) +Age + Gender",47,59.2430661835426,0.0851063829787234,0.708584159425825,"116769,117587","10-129-09,10-418-09",4.56099725107988,0.00154342420163964,-0.0370415225454345,1.71112064375375,0.00126144859132784,2.72990018455721e-05,0.112759766199997,0.0246969486051173,1.32133662908458,0.000328734586791364,0.0228792637359094,0.7350835064434,3.45180565700336,4.69504659276755,-1.61899976209887,2.32779082751125,0.0267896424208925
"Bcell","cg03751883","LM32","CpG ~ as.numeric(LM) +Age + Gender",47,5.61003537240564,0.0851063829787234,0.708584159425825,"116769,117587","10-129-09,10-418-09",3.03221823763328,0.00146048812757309,0.00346896324799238,0.336864534380861,0.000203622482876679,7.48069209293076e-10,0.789784522280698,0.421948006523414,0.746828029279901,0.00018580291971443,0.0129315081949269,0.415473963552814,4.06012913114278,7.86041537892832,0.268256663932925,0.810795775264119,4.19406228533129e-06
"Bcell","cg15954171","LM32","CpG ~ as.numeric(LM) +Age + Gender",47,-9.6703120435117,0.0851063829787234,0.708584159425825,"116769,117587","10-129-09,10-418-09",2.82034065176741,0.00160000610558649,-0.00693582558819495,0.72875398723024,6.12432606550706e-05,5.8008004263188e-13,0.531364229139413,0.0451202554709945,0.634779729521563,0.000157926487084805,0.010991364748584,0.353139464331036,4.44302254877154,10.1313347439135,-0.631024967949358,2.06364357665531,5.6681692679999e-08
"Bcell","cg06520672","LM32","CpG ~ as.numeric(LM) +Age + Gender",47,-45.3910553990451,0.0851063829787234,0.708584159425825,"116769,117587","10-129-09,10-418-09",-5.02477442981093,-0.000490417135324368,0.0117187996281221,-0.253839163384683,8.49155955297761e-15,4.48067291185386e-05,0.126309230302892,0.299080038324177,0.434097927493753,0.000107998975946433,0.00751651074504915,0.241496541954636,-11.5752094436877,-4.54094245826565,1.55907441971541,-1.05110889510114,0.0391954353961505
"Bcell","cg16588745","LM32","CpG ~ as.numeric(LM) +Age + Gender",47,-51.6855711821678,0.0851063829787234,0.708584159425825,"116769,117587","10-129-09,10-418-09",4.27695807285036,0.000491183530485067,-0.00740999692772069,0.328254711102646,1.73384124533397e-13,1.58335348230339e-05,0.297722580608797,0.153375705942054,0.405981346583721,0.000101003867808207,0.00702966533727572,0.225854778584416,10.5348635074995,4.86301704225582,-1.05410379757742,1.45338838150797,0.0174397079730774
"Bcell","cg26347359","LM32","CpG ~ as.numeric(LM) +Age + Gender",47,59.2674125173798,0.0851063829787234,0.708584159425825,"116769,117587","10-129-09,10-418-09",4.99176768975009,0.00161864621266113,-0.034062174608409,1.40246046455864,0.000483125027404971,1.3038201782128e-05,0.143944855525173,0.063162723105993,1.32167890428751,0.000328819741244007,0.022885190313941,0.735273920340061,3.77683843901634,4.92259438723901,-1.48839376649882,1.90739862486896,0.0147650079933223
"Bcell","cg01389954","LM32","CpG ~ as.numeric(LM) +Age + Gender",47,-99.734111145693,0.0851063829787234,0.708584159425825,"116769,117587","10-129-09,10-418-09",3.3746585379625,0.000292575057541419,-0.00291121997767886,0.16044653484187,1.83549380617324e-17,1.76649960948687e-05,0.493621679079989,0.242766359880793,0.243508666607898,6.05823823660453e-05,0.00421641153561415,0.135468283069925,13.8584740533956,4.82937524268439,-0.69044967577028,1.18438450097615,0.0188793265686089
"Bcell","cg21387683","LM32","CpG ~ as.numeric(LM) +Age + Gender",47,-127.620520043487,0.0851063829787234,0.708584159425825,"116769,117587","10-129-09,10-418-09",3.47794416854097,0.000216036334397693,-0.0105552245736685,0.197074090946345,9.99048893409829e-23,1.95887282362398e-05,0.00160597277494638,0.0568378326265471,0.180998475624004,4.50305075818157e-05,0.00313403243991513,0.100692731279825,19.2153229829728,4.79755494661431,-3.367937242524,1.95718289137153,0.0206449802310429
"Bcell","cg06463109","LM32","CpG ~ as.numeric(LM) +Age + Gender",47,-29.5864023282453,0.0851063829787234,0.708584159425825,"116769,117587","10-129-09,10-418-09",3.26204571601445,0.000826202953861504,-0.00683210558020724,0.897848200152917,1.12561759036073e-07,7.66716636882769e-08,0.446521053080424,0.00303124974286916,0.513579457846129,0.000127773140578526,0.00889275269205818,0.285713557318381,6.35158915758616,6.46617082526619,-0.768277924371917,3.14247671192029,0.000177772998659196
"Bcell","cg24050470","LM32","CpG ~ as.numeric(LM) +Age + Gender",47,2.06056408833296,0.0851063829787234,0.708584159425825,"116769,117587","10-129-09,10-418-09",-2.2739161456128,-0.0016331462277094,0.00647423910280971,-0.664492323963034,0.00287192887933644,1.27702031239486e-11,0.605784047901808,0.10400769908028,0.71915334521741,0.000178917750841024,0.0124523143380879,0.40007803540507,-3.16193501808069,-9.1279161515982,0.519922556324083,-1.660906786073,3.78372504890864e-07
"Bcell","cg13307554","LM32","CpG ~ as.numeric(LM) +Age + Gender",47,57.6555753248828,0.0851063829787234,0.708584159425825,"116769,117587","10-129-09,10-418-09",3.73523615080424,0.00150934036718072,-0.0110435593547214,0.158424168334947,0.00625891650116458,2.96388345544856e-05,0.625986566216585,0.827539774976398,1.29920900479809,0.000323229467757819,0.0224961185624872,0.722773508149444,2.87500789865964,4.66956301246519,-0.49090954619775,0.21918922947324,0.0286158326067412
"Bcell","cg00106942","LM32","CpG ~ as.numeric(LM) +Age + Gender",47,0.412951320710062,0.0851063829787234,0.708584159425825,"116769,117587","10-129-09,10-418-09",-3.35474554021225,-0.00135188330496473,-0.000194924845219334,-0.442967227205756,2.30520439806466e-05,1.31072679059918e-09,0.987363527034073,0.266084482994409,0.70665800034897,0.00017580904111352,0.0122359544155493,0.393126648666873,-4.74733964457428,-7.68949819874064,-0.0159304978262771,-1.12677995426638,6.2694445533978e-06
"Bcell","cg01558324","LM32","CpG ~ as.numeric(LM) +Age + Gender",47,-77.9370829235485,0.0851063829787234,0.708584159425825,"116769,117587","10-129-09,10-418-09",-5.33359724679109,-0.000399348680388445,0.0152075424183478,-0.329430093959657,4.72455145973371e-21,4.78882462857093e-06,0.00650735168299987,0.0604116146677401,0.307057741408943,7.63927204629829e-05,0.00531677915620562,0.170821784749773,-17.3700139339192,-5.22757506170964,2.86029228816058,-1.92850165125145,0.00633565203446687
"Bcell","cg11964154","LM32","CpG ~ as.numeric(LM) +Age + Gender",47,38.6800157543518,0.0851063829787234,0.708584159425825,"116769,117587","10-129-09,10-418-09",-3.02859940204373,-0.00179275676534623,0.00105811110070769,-0.0691815997354067,0.0066417677481403,2.61958503963779e-08,0.954368608904648,0.907304498780817,1.06171759186841,0.000264144114504559,0.0183838972315791,0.590652732319978,-2.8525470664134,-6.78704035752911,0.0575564085992664,-0.117127367655905,7.22493173059294e-05
"Bcell","cg02569697","LM32","CpG ~ as.numeric(LM) +Age + Gender",47,33.4793936318807,0.0851063829787234,0.708584159425825,"116769,117587","10-129-09,10-418-09",3.04125611311376,0.00130188959082404,0.00816550300081296,0.18284329842779,0.0041572902234397,5.09030212739639e-06,0.641132366258999,0.745126162798693,1.00457262184299,0.000249927049984425,0.0173944182361334,0.558861950154959,3.02741289876511,5.20907837268984,0.469432371348343,0.32717077692817,0.00669565616082403
"Bcell","cg25391620","LM32","CpG ~ as.numeric(LM) +Age + Gender",47,-7.27492428879974,0.0851063829787234,0.708584159425825,"116769,117587","10-129-09,10-418-09",3.94788300195194,0.0014291495739393,-0.014075920662907,0.636672746899971,2.96271461125105e-07,3.35989101121335e-11,0.218634770952721,0.0859451344711538,0.651163592320187,0.000162002618971713,0.011275055300811,0.362254104045099,6.06281286072073,8.82176833319492,-1.24841256094723,1.75753080445628,6.38374625615243e-07
"Bcell","cg05262600","LM32","CpG ~ as.numeric(LM) +Age + Gender",47,-109.699808268099,0.0851063829787234,0.708584159425825,"116769,117587","10-129-09,10-418-09",3.1751723061303,0.00030742721648751,0.00251595826127685,0.144323631404662,3.68958720348602e-18,1.20959300896005e-06,0.510588405218898,0.242712808275788,0.219013742549319,5.44883041715573e-05,0.00379227599332198,0.121841313022543,14.4975939371261,5.64207716062461,0.663442815266435,1.18452130746457,0.00196989421467531
"Bcell","cg22756426","LM32","CpG ~ as.numeric(LM) +Age + Gender",47,-5.94955182992105,0.0851063829787234,0.708584159425825,"116769,117587","10-129-09,10-418-09",-3.97669993126196,-0.00131291772191838,0.0092689268075532,-0.441102567161952,3.40168586682113e-07,4.88452180101823e-10,0.422079660269487,0.236473938844572,0.660409839696195,0.000164302987586053,0.0114351563133968,0.367397958981829,-6.02156372032758,-7.99083291915641,0.81056406694627,-1.20061245953674,3.30790939533412e-06
"Bcell","cg02159643","LM32","CpG ~ as.numeric(LM) +Age + Gender",47,-77.2662114996707,0.0851063829787234,0.708584159425825,"116769,117587","10-129-09,10-418-09",3.69648904405669,0.000363915466715585,-0.00178676112646394,0.242221026230019,2.94137073954318e-15,2.43931520717345e-05,0.740249659388625,0.166352128009577,0.309257029776417,7.6939880162338e-05,0.00535486036691543,0.172045288714818,11.9528052336567,4.7298678649843,-0.333670909049898,1.40789107356218,0.0246816480048906
"Bcell","cg17891312","LM32","CpG ~ as.numeric(LM) +Age + Gender",47,-89.2048071607501,0.0851063829787234,0.708584159425825,"116769,117587","10-129-09,10-418-09",3.50302475746932,0.000363537492292899,-0.00288770792981099,0.211995184071238,2.4727274843205e-16,3.04105432787359e-06,0.543564728456865,0.168962401663997,0.272371353637764,6.7763113820546e-05,0.00471617595154563,0.151525118792395,12.8612084592718,5.3648286183489,-0.612298599433001,1.39907617800117,0.00431548953318236
"Bcell","cg23939673","LM32","CpG ~ as.numeric(LM) +Age + Gender",47,-49.4928692165743,0.0851063829787234,0.708584159425825,"116769,117587","10-129-09,10-418-09",2.26681184692805,0.000683937522952894,-0.0076313412090215,0.423759802232598,2.25611999922783e-06,4.65335957543514e-08,0.294810389370844,0.0737334983948199,0.415562835219345,0.00010338764090444,0.00719557113346101,0.231185134307697,5.45479926214182,6.61527351789612,-1.06056087383169,1.83298897440608,0.000117998011355616
"Bcell","cg01159004","LM32","CpG ~ as.numeric(LM) +Age + Gender",47,12.2406434994785,0.0851063829787234,0.708584159425825,"116769,117587","10-129-09,10-418-09",-3.75399732013318,-0.00129278057541256,0.0115351972075367,-0.611296646231945,2.82683937039825e-05,7.22445816480009e-08,0.410414203484575,0.177453084292116,0.801410522133462,0.000199382466999582,0.0138766172775573,0.445839193240737,-4.68423762410748,-6.48392305936946,0.831268671378046,-1.3711146429019,0.0001705952701855
"Bcell","cg19069346","LM32","CpG ~ as.numeric(LM) +Age + Gender",47,-59.7064650689999,0.0851063829787234,0.708584159425825,"116769,117587","10-129-09,10-418-09",-4.50698894980995,-0.000503461238295904,0.00899216268568018,-0.296975836756443,2.00829303725035e-15,2.46141967002909e-06,0.170745292146051,0.159367066241156,0.372776317882607,9.2742807644441e-05,0.0064547122236717,0.207382219516649,-12.0903306717817,-5.42857447475692,1.3931159707946,-1.43202169139,0.00358976278721012
"Bcell","cg15235998","LM32","CpG ~ as.numeric(LM) +Age + Gender",47,-180.502155002307,0.0851063829787234,0.708584159425825,"116769,117587","10-129-09,10-418-09",2.87758780099973,0.000138325261683904,-0.00403791623646522,0.0633627556665256,3.52752655040777e-29,2.78293537439561e-06,0.028848975257664,0.275527841893345,0.10312254358561,2.56557988390708e-05,0.00178559181655892,0.0573689393480215,27.9045463867058,5.3915788220654,-2.26138818458904,1.10447842310877,0.00398224661382788
"Bcell","cg03701951","LM32","CpG ~ as.numeric(LM) +Age + Gender",47,32.0305877233703,0.0851063829787234,0.708584159425825,"116769,117587","10-129-09,10-418-09",2.78697292993786,0.00130528095152048,0.00515831496736658,0.430576441295262,0.00728523620088406,3.72264902417785e-06,0.764746986981765,0.438255982465602,0.989208026093941,0.0002461045009658,0.0171283765397175,0.550314347167428,2.81737799979515,5.30376708429995,0.301156093539012,0.78241907286539,0.00513338201464204
"Bcell","cg01077764","LM32","CpG ~ as.numeric(LM) +Age + Gender",47,-24.9245509785895,0.0851063829787234,0.708584159425825,"116769,117587","10-129-09,10-418-09",-4.62876227240452,-0.000784273765983018,0.00693979446775472,-0.371002287765421,7.34467077613354e-11,6.22428870919549e-07,0.461744156920284,0.223284602130372,0.539692168383758,0.000134269706949003,0.00934490059903309,0.300240531294756,-8.57667119066503,-5.84103282716549,0.74262903004798,-1.23568355733156,0.0010944427649476
"Bcell","cg15208462","LM32","CpG ~ as.numeric(LM) +Age + Gender",47,6.16245671472808,0.0851063829787234,0.708584159425825,"116769,117587","10-129-09,10-418-09",4.61715067998658,0.00133377604614163,-0.0255198317054068,0.687914855557749,2.24111858175004e-07,8.17089279218913e-09,0.0562681213067485,0.107047799601873,0.751229927180995,0.000186898065384172,0.0130077281231427,0.417922819107802,6.14612186353189,7.13638230229953,-1.96189768603814,1.6460332484987,2.76675733435317e-05
"Bcell","cg20764748","LM32","CpG ~ as.numeric(LM) +Age + Gender",47,-98.6330807333406,0.0851063829787234,0.708584159425825,"116769,117587","10-129-09,10-418-09",4.74397373092381,0.000279311762958236,-0.0110510536291108,0.0237166823386031,9.22759132623228e-23,4.25937816570448e-05,0.0130347493149592,0.863437291150124,0.246377675087352,6.12961613503211e-05,0.00426608911225673,0.137064364467104,19.2548847181136,4.55675782634915,-2.59044134764096,0.173033176280441,0.0376133781205408
"Bcell","cg22984212","LM32","CpG ~ as.numeric(LM) +Age + Gender",47,56.6975780378017,0.0851063829787234,0.708584159425825,"116769,117587","10-129-09,10-418-09",2.78580335771284,0.00153609735282377,0.00409413311576526,0.344965659016325,0.0358850441292636,1.93693558114211e-05,0.85498983058971,0.632130884669054,1.28603541064924,0.000319952016778442,0.0222680145893988,0.715444799048183,2.16619490773311,4.80102412946336,0.18385712382793,0.482169497178904,0.0204617127074764
"Bcell","cg25124558","LM32","CpG ~ as.numeric(LM) +Age + Gender",47,-61.3877731199524,0.0851063829787234,0.708584159425825,"116769,117587","10-129-09,10-418-09",3.93150712562789,0.00045032431386091,-0.00637083851587719,0.502760347397677,9.54651110545077e-14,1.21873917142244e-05,0.32060543503768,0.017639003159075,0.366168020307833,9.10987330575261e-05,0.00634028795075695,0.203705903848134,10.7368937416291,4.94325550692943,-1.00481848227675,2.46806959395979,0.0139867701267968
"Bcell","cg24330297","LM32","CpG ~ as.numeric(LM) +Age + Gender",47,-90.9796482998847,0.0851063829787234,0.708584159425825,"116769,117587","10-129-09,10-418-09",-4.43763284332222,-0.00032221738084956,0.00186426830911281,-0.194849940576067,2.57382134548951e-20,1.67521213462845e-05,0.689071407645565,0.197005224914226,0.26727687795415,6.64956621190582e-05,0.00462796387129601,0.148690969669021,-16.6031303466642,-4.84569023875032,0.402826893415385,-1.31043560351912,0.0181016860035575
"Bcell","cg15138712","LM32","CpG ~ as.numeric(LM) +Age + Gender",47,-7.42726048887963,0.0851063829787234,0.708584159425825,"116769,117587","10-129-09,10-418-09",4.12981850325253,0.00138645765264442,-0.0139140262743176,0.782286112343535,1.12218671244892e-07,7.45250011340544e-11,0.223147719687805,0.0361456316841801,0.650109172613313,0.000161740290493857,0.0112567977682255,0.361667511258423,6.35249997573708,8.57212292874594,-1.23605545385142,2.16299802440526,9.80283233667068e-07
"Bcell","cg15498733","LM32","CpG ~ as.numeric(LM) +Age + Gender",47,-63.1442331604412,0.0851063829787234,0.708584159425825,"116769,117587","10-129-09,10-418-09",3.71273370638139,0.000433336024598261,-0.00561123696904396,0.0378147362239294,3.18618941325523e-13,1.67084348991998e-05,0.372236440161089,0.850876695190736,0.359389426779465,8.94122906373848e-05,0.00622291496216318,0.19993484945525,10.330670380739,4.84649282004947,-0.901705551684641,0.189135292456322,0.0181016860035575
"Bcell","cg08553347","LM32","CpG ~ as.numeric(LM) +Age + Gender",47,-0.220106124370677,0.0851063829787234,0.708584159425825,"116769,117587","10-129-09,10-418-09",2.72767521154122,0.00144803411489859,-0.00107823600378324,0.00654230953173776,0.000347232480043735,1.83599268028489e-10,0.929719711674624,0.986710214923241,0.701914892972657,0.000174629006132926,0.0121538263626355,0.390487972098864,3.88604834980681,8.2920595321739,-0.0887157650283752,0.0167541896273347,1.76874621598798e-06
"Bcell","cg17212902","LM32","CpG ~ as.numeric(LM) +Age + Gender",47,2.08870487984907,0.0851063829787234,0.708584159425825,"116769,117587","10-129-09,10-418-09",3.71167079433497,0.000846180462758621,-0.00383722941038712,0.17867326894511,5.99183935150662e-06,2.45391932245743e-05,0.759522782498281,0.657503690654224,0.719368670471838,0.000178971321488338,0.0124560427470161,0.400197824745324,5.15962252276078,4.72802265593015,-0.308061676434623,0.446462369101616,0.0247802238779999
"Bcell","cg09678323","LM32","CpG ~ as.numeric(LM) +Age + Gender",47,-87.7209701024675,0.0851063829787234,0.708584159425825,"116769,117587","10-129-09,10-418-09",3.84844091308096,0.000307411730427665,-0.00392764615492172,-0.02322137713257,1.61773190440997e-17,5.70110608887091e-05,0.416873721716899,0.880798822263986,0.276704986100215,6.88412757707194e-05,0.00479121384715865,0.153935997047047,13.908101069372,4.4655147218875,-0.819760144342324,-0.15085085735647,0.0467569311661542
"Bcell","cg24749564","LM32","CpG ~ as.numeric(LM) +Age + Gender",47,-64.8996310082551,0.0851063829787234,0.708584159425825,"116769,117587","10-129-09,10-418-09",3.19621658114939,0.000429561368077478,-0.0010520199154738,0.178078521778605,1.57573699510034e-11,1.4274132533494e-05,0.864055019656291,0.369214993618583,0.352740306177086,8.77580597127011e-05,0.00610778382863887,0.196235823196856,9.06110394865052,4.89483666211126,-0.172242493347745,0.907472034807649,0.0159478477336882
"Bcell","cg00375056","LM32","CpG ~ as.numeric(LM) +Age + Gender",47,31.3628264255107,0.0851063829787234,0.708584159425825,"116769,117587","10-129-09,10-418-09",3.5995614954085,0.00120392275677058,-0.000879633799311008,0.576196915135657,0.000675370327564225,1.28607311959893e-05,0.958990158218905,0.297544780597803,0.982205747985868,0.000244362408186574,0.0170071303984539,0.546418852990188,3.66477339680595,4.92679199597414,-0.0517214708597152,1.05449676925039,0.0146611263906678
"Bcell","cg25997979","LM32","CpG ~ as.numeric(LM) +Age + Gender",47,-108.665596683504,0.0851063829787234,0.708584159425825,"116769,117587","10-129-09,10-418-09",-4.6671549814521,-0.000259837354877135,0.00809726469844314,-0.261150502381733,2.72368092575214e-24,2.54706105386935e-05,0.0405489558040831,0.0398239018465388,0.221436691198513,5.50911081849155e-05,0.00383422993597616,0.123189243254535,-21.076701228651,-4.71650259793251,2.11183597062539,-2.11991319600966,0.02528558817912
"Bcell","cg02739853","LM32","CpG ~ as.numeric(LM) +Age + Gender",47,1.843975019583,0.0851063829787234,0.708584159425825,"116769,117587","10-129-09,10-418-09",3.72963127026757,0.00138317886669664,-0.0164235837015951,0.600706034886638,5.27795880965955e-06,1.0792156200979e-09,0.19317095860044,0.139651300884621,0.71749822347424,0.000178505974045956,0.012423655504265,0.399157261192216,5.1981052332201,7.74864188209492,-1.32196064966201,1.50493575662993,5.42778005932988e-06
"Bcell","cg12227863","LM32","CpG ~ as.numeric(LM) +Age + Gender",47,29.9900066059789,0.0851063829787234,0.708584159425825,"116769,117587","10-129-09,10-418-09",4.09571760818461,0.00142218720591222,-0.0251307984293516,1.08344262583898,0.000119536762424458,5.01502173021223e-07,0.141076295837526,0.0505145582986528,0.967965396845307,0.000240819559343278,0.0167605552697052,0.538496687647173,4.23126448686384,5.90561335545403,-1.49940130413076,2.01197639779887,0.000912300475626733
"Bcell","cg14568768","LM32","CpG ~ as.numeric(LM) +Age + Gender",47,-16.0068171355436,0.0851063829787234,0.708584159425825,"116769,117587","10-129-09,10-418-09",-3.24062274924005,-0.000847947802024867,-0.00384784754081989,-0.292737283666034,2.2092990381015e-06,8.61771912918646e-07,0.70987929854345,0.380139572069394,0.593399833596673,0.000147631606364089,0.0102748618291986,0.330119078516254,-5.46111165821908,-5.74367388466707,-0.37449141455949,-0.886762694788089,0.00145184157531229
"Bcell","cg14167748","LM32","CpG ~ as.numeric(LM) +Age + Gender",47,-52.2152123759247,0.0851063829787234,0.708584159425825,"116769,117587","10-129-09,10-418-09",3.94802846020712,0.000589232122751201,-0.00591597873628269,0.411440344475611,1.69040186550985e-12,5.71188896124466e-07,0.4020549784606,0.0738840677587978,0.40370028482161,0.000100436363752611,0.00699016820043377,0.224585782598383,9.77960286045301,5.86672098367242,-0.846328524099831,1.83199639672371,0.00101478012728482
"Bcell","cg16240835","LM32","CpG ~ as.numeric(LM) +Age + Gender",47,-101.218949523609,0.0851063829787234,0.708584159425825,"116769,117587","10-129-09,10-418-09",3.0770161140742,0.000312875232913471,-0.00874133674247665,0.26192672727904,2.63535365346699e-16,4.49592144112934e-06,0.0410637335396493,0.0559826850568829,0.239692387083804,5.9632932358516e-05,0.00415033173142211,0.133345217628167,12.8373543753744,5.24668535554231,-2.10617784508551,1.96427537438517,0.0059945181016087
"Bcell","cg17032757","LM32","CpG ~ as.numeric(LM) +Age + Gender",47,-2.04137433918788,0.0851063829787234,0.708584159425825,"116769,117587","10-129-09,10-418-09",3.66873282097963,0.00145285028520261,-0.012913605206158,0.316406105391669,3.42427116786778e-06,9.93926313579282e-11,0.28471220835191,0.413287238797638,0.688446057898069,0.000171278102331922,0.0119206102214161,0.382995015121508,5.32900548836146,8.48240531289349,-1.08330068396649,0.826136353997421,1.19598283902666e-06
"Bcell","cg12861338","LM32","CpG ~ as.numeric(LM) +Age + Gender",47,-111.355095726059,0.0851063829787234,0.708584159425825,"116769,117587","10-129-09,10-418-09",4.45990420909142,0.000262034654328548,-0.00565293583035407,0.0427722073194554,5.26718137966743e-24,1.42925469641604e-05,0.136552909173066,0.722626091279463,0.215190791764203,5.35371944248006e-05,0.00372608067462967,0.119714536237409,20.7253487592462,4.89444127851353,-1.51712652623012,0.357284993650501,0.0159478477336882
"Bcell","cg00168147","LM32","CpG ~ as.numeric(LM) +Age + Gender",47,-112.973051202327,0.0851063829787234,0.708584159425825,"116769,117587","10-129-09,10-418-09",2.53104479716675,-0.000353173283310285,0.001067436050911,-0.0274427625924957,2.83482145706312e-15,3.3744160062925e-08,0.772108167076398,0.816701240818588,0.211518559386245,5.26235818246518e-05,0.00366249508165852,0.117671606832861,11.9660648432506,-6.71131213544342,0.291450507676209,-0.23321481987983,8.94606076055829e-05
"Bcell","cg07325378","LM32","CpG ~ as.numeric(LM) +Age + Gender",47,-94.721349831368,0.0851063829787234,0.708584159425825,"116769,117587","10-129-09,10-418-09",3.80381766616831,0.000306520595390536,-0.00907334191981341,0.211818481665047,1.71454734317804e-18,1.96354019814637e-05,0.0475062889371048,0.145525202391301,0.256846795769903,6.39007679175603e-05,0.00444736447230264,0.142888525980012,14.8096753738597,4.79682178132795,-2.04016153304288,1.48240371444995,0.0206623335050943
"Bcell","cg17184704","LM32","CpG ~ as.numeric(LM) +Age + Gender",47,23.6838763882421,0.0851063829787234,0.708584159425825,"116769,117587","10-129-09,10-418-09",-5.92191812872357,-0.00169807115308252,0.0300584499842089,-1.00322378051755,5.93909233179033e-08,2.14140575988958e-09,0.0617877750139645,0.0527138057499296,0.905158302143569,0.00022519381805232,0.0156730352142271,0.503555962939601,-6.5424115480126,-7.54048742442832,1.91784485732053,-1.99227862313664,9.32936836137372e-06
"Bcell","cg02339369","LM32","CpG ~ as.numeric(LM) +Age + Gender",47,14.0769937495516,0.0851063829787234,0.708584159425825,"116769,117587","10-129-09,10-418-09",2.44724578888904,0.00141866889666186,0.000636793935540201,0.468840720500396,0.00454428586513918,1.38626832471476e-08,0.96431411799201,0.308190522835988,0.817220516734039,0.000203315826544602,0.0141503711629548,0.454634579679009,2.99459660982237,6.9776609168723,0.045001924557803,1.03124738296726,4.17709516635803e-05
"Bcell","cg07434284","LM32","CpG ~ as.numeric(LM) +Age + Gender",47,-109.116720583487,0.0851063829787234,0.708584159425825,"116769,117587","10-129-09,10-418-09",-4.14091421447249,-0.000277860169545263,0.0078687207570478,-0.561285156288442,2.36550731586512e-22,8.1015111568003e-06,0.0452735809168119,3.97636186290446e-05,0.220376520365986,5.48273488877858e-05,0.00381587282125717,0.122599451012461,-18.790178770386,-5.06791182105037,2.0621024666266,-4.57820285207799,0.0098251651129355
"Bcell","cg27203309","LM32","CpG ~ as.numeric(LM) +Age + Gender",47,24.6964439297001,0.0851063829787234,0.708584159425825,"116769,117587","10-129-09,10-418-09",0.259143359832959,0.00175505289170608,-0.0056254526380319,0.5324915846438,0.778360631178149,1.22521112981386e-09,0.724265493284605,0.301344959917995,0.914961367452554,0.00022763271708282,0.0158427776641734,0.509009585780749,0.283228745006436,7.7100203968814,-0.355079946034539,1.04613272425318,5.9016780756129e-06
"Bcell","cg00328586","LM32","CpG ~ as.numeric(LM) +Age + Gender",47,47.1755938073621,0.0851063829787234,0.708584159425825,"116769,117587","10-129-09,10-418-09",8.24759041734694,0.0015378075834695,-0.0857742810620344,0.0853685765027463,9.31879335796581e-09,3.54245538985103e-06,0.000108363362493136,0.895566316576663,1.16214386209305,0.000289129109031022,0.0201228024219052,0.646521685946809,7.09687559894077,5.31875738358984,-4.26254153192215,0.132042866246206,0.00490490237728979
"Bcell","cg04084786","LM32","CpG ~ as.numeric(LM) +Age + Gender",47,54.4196634763153,0.0851063829787234,0.708584159425825,"116769,117587","10-129-09,10-418-09",-0.775294982415778,-0.00233527499071164,0.0127727512540824,-0.462104847208105,0.540067325964129,2.63337237099189e-09,0.55983311437167,0.511667382680494,1.25524531964327,0.000312291767587344,0.0217348767068396,0.698315713573535,-0.61764419295832,-7.47786279719492,0.587661546295452,-0.661742014716161,1.12575845931037e-05
"Bcell","cg16989086","LM32","CpG ~ as.numeric(LM) +Age + Gender",47,-151.822754930573,0.0851063829787234,0.708584159425825,"116769,117587","10-129-09,10-418-09",2.72907102009962,0.000160715391651884,-0.00311685985419045,0.106732796675954,5.59524747922193e-23,3.50944475747093e-05,0.205129631177201,0.177410050096763,0.139912611670224,3.48087789075948e-05,0.00242262075531854,0.077835920777777,19.505539833193,4.61709363831829,-1.28656532284213,1.37125372976159,0.0323946378797075
"Bcell","cg08620697","LM32","CpG ~ as.numeric(LM) +Age + Gender",47,-53.7074047590688,0.0851063829787234,0.708584159425825,"116769,117587","10-129-09,10-418-09",3.94255567388304,-0.000576050428710151,0.00313873396681418,-0.395717770903128,1.09321967530278e-12,6.51783222075411e-07,0.65053771876141,0.080467320217326,0.397342387620014,9.88545861318118e-05,0.00688007967062294,0.221048769194165,9.92231334164474,-5.82725042156416,0.456206049504945,-1.79018310007208,0.00113728690046804
"Bcell","cg03148461","LM32","CpG ~ as.numeric(LM) +Age + Gender",47,-38.3550498308211,0.0851063829787234,0.708584159425825,"116769,117587","10-129-09,10-418-09",-3.21111058652281,-0.000622394339711621,0.0159652404176823,-0.573896608571295,2.02750667456851e-08,3.22240535660134e-06,0.0552008828384965,0.032849163483904,0.467837620562008,0.000116393054953343,0.00810072170165606,0.260266544496774,-6.86372887812087,-5.34734946136701,1.97084173554789,-2.20503411101464,0.00453520401623155
"Bcell","cg27482690","LM32","CpG ~ as.numeric(LM) +Age + Gender",47,13.9236337251411,0.0851063829787234,0.708584159425825,"116769,117587","10-129-09,10-418-09",2.15381652436194,0.0014547770830843,0.000320997435709006,0.50260104662238,0.0115101861972168,7.38135364291542e-09,0.981977320386115,0.274315609633823,0.815888316973143,0.000202984389325439,0.0141273038014607,0.453893452815523,2.63984234061883,7.16694070868621,0.0227217762299284,1.10731063315569,2.52440449249297e-05
"Bcell","cg03717277","LM32","CpG ~ as.numeric(LM) +Age + Gender",47,-84.7177332474191,0.0851063829787234,0.708584159425825,"116769,117587","10-129-09,10-418-09",-4.43317551591148,-0.000470591232276623,0.00902245036037756,-0.394459066061729,3.13809725681001e-19,4.56596001360849e-08,0.0751203758509624,0.0170526341459096,0.285688265261177,7.10762206727284e-05,0.00494676150141489,0.158933558001347,-15.5175275115296,-6.62093774574014,1.82391052364197,-2.48191175622197,0.000116969805974088
"Bcell","cg19595107","LM32","CpG ~ as.numeric(LM) +Age + Gender",47,-89.0682764510235,0.0851063829787234,0.708584159425825,"116769,117587","10-129-09,10-418-09",-4.69913577753281,-0.00030297252399517,0.0149291491031406,-0.167587754673842,6.44429046920667e-21,5.71839214824812e-05,0.0028799960768518,0.27556096235047,0.27276724803724,6.78616081625328e-05,0.00472303095895086,0.15174536201955,-17.2276393568016,-4.46456445991572,3.16092552280388,-1.10440116550153,0.0468425345801314
"Bcell","cg09374521","LM32","CpG ~ as.numeric(LM) +Age + Gender",47,86.6590012413715,0.0851063829787234,0.708584159425825,"116769,117587","10-129-09,10-418-09",1.66370273416266,0.00207011910779761,0.0203230522761372,-0.48917155735867,0.352173556311172,2.65052774432304e-05,0.510513288374966,0.621638868077658,1.76880239688682,0.000440059340108511,0.0306272418733439,0.984016820157213,0.940581456182365,4.70418172987114,0.663561294881899,-0.497117068873392,0.026085578769471
"Bcell","cg22789925","LM32","CpG ~ as.numeric(LM) +Age + Gender",47,-79.5885123063301,0.0851063829787234,0.708584159425825,"116769,117587","10-129-09,10-418-09",3.95225035309284,0.000348717433208066,-0.00468552823960616,0.320097748292516,1.31381640533996e-16,3.20076545002802e-05,0.374771081793578,0.0632048877993156,0.301710339078022,7.50623432850791e-05,0.00522418758980371,0.167846927950034,13.0994859678004,4.64570406340331,-0.896891269515499,1.90708136396637,0.0302940106446403
"Bcell","cg06040355","LM32","CpG ~ as.numeric(LM) +Age + Gender",47,31.8535611003864,0.0851063829787234,0.708584159425825,"116769,117587","10-129-09,10-418-09",1.7031397052217,0.00158544910080816,-0.00220281864915017,-0.249589890378772,0.0917154829605582,7.97766658518885e-08,0.898078067969223,0.651829738862788,0.987346841360367,0.000245641457876805,0.0170961496753111,0.54927893637961,1.72496597333022,6.45432214298003,-0.128848816311623,-0.454395524474069,0.000183110203219337
"Bcell","cg08998414","LM32","CpG ~ as.numeric(LM) +Age + Gender",47,39.3157181381099,0.0851063829787234,0.708584159425825,"116769,117587","10-129-09,10-418-09",2.26029741394416,0.00137946843304597,0.0046368300319419,0.467936755775795,0.0403033590870825,5.47106772116496e-06,0.803376569983916,0.435657858212679,1.06892210021423,0.000265936520029362,0.0185086450383856,0.594660730842437,2.11455765905782,5.18720946221926,0.250522392229439,0.786897017922949,0.00712172905653533
"Bcell","cg22942751","LM32","CpG ~ as.numeric(LM) +Age + Gender",47,-154.172671991111,0.0851063829787234,0.708584159425825,"116769,117587","10-129-09,10-418-09",3.05114002160943,0.000170468085839807,-0.00759154734665711,0.238860171959406,2.6426985838245e-25,9.44195445058062e-06,0.00249106783024756,0.00299806523689296,0.136458277381561,3.39493770488803e-05,0.00236280812053442,0.0759142120281322,22.3595085630307,5.02124341175296,-3.2129343388832,3.14644867644664,0.0111541444463297
"Bcell","cg18525081","LM32","CpG ~ as.numeric(LM) +Age + Gender",47,-42.9418799422582,0.0851063829787234,0.708584159425825,"116769,117587","10-129-09,10-418-09",3.69074295554481,-0.000633311988951658,0.00589799705641197,-0.32727893545776,1.88791874590308e-10,9.53947286367937e-07,0.448749556018239,0.193700854534006,0.445557009459494,0.000110849874417042,0.00771492752446383,0.247871436865281,8.28343596259893,-5.71324047304734,0.764491570103488,-1.32035759987803,0.00158372615082339
"Bcell","cg25580773","LM32","CpG ~ as.numeric(LM) +Age + Gender",47,15.893627536446,0.0851063829787234,0.708584159425825,"116769,117587","10-129-09,10-418-09",-4.57774787852903,-0.00134408776520683,0.0234846072699538,-1.36293106586435,1.97796320920623e-06,7.21526362287725e-08,0.110856646133633,0.00525704239626712,0.833167631414547,0.00020728330011615,0.0144264993157442,0.463506248502058,-5.49438997138782,-6.48430319496882,1.62787983113299,-2.94048045796366,0.0001705952701855
"Bcell","cg02294693","LM32","CpG ~ as.numeric(LM) +Age + Gender",47,8.37467607673106,0.0851063829787234,0.708584159425825,"116769,117587","10-129-09,10-418-09",2.27561549959726,0.00157548684093675,-0.00878176473916925,0.329502719909467,0.00500575877661852,2.21850084483137e-10,0.513144914626515,0.445456178961803,0.769119239073134,0.000191348737092954,0.0133174858910158,0.42787496742798,2.95872913326106,8.23358891661458,-0.659416109844996,0.770091136413419,1.99663616494794e-06
"Bcell","cg21480965","LM32","CpG ~ as.numeric(LM) +Age + Gender",47,-50.0670818303432,0.0851063829787234,0.708584159425825,"116769,117587","10-129-09,10-418-09",3.35607671192132,0.000601027529599591,-0.00575249300325331,0.488603569578694,3.15085680039079e-10,6.06144972666254e-07,0.425621066139789,0.0392478501254209,0.413032047168027,0.000102758007587695,0.00715174992544235,0.229777211062493,8.12546322962688,5.84896052102475,-0.804347616069294,2.12642310053023,0.00107222407991068
"Bcell","cg03844714","LM32","CpG ~ as.numeric(LM) +Age + Gender",47,-90.1303140671654,0.0851063829787234,0.708584159425825,"116769,117587","10-129-09,10-418-09",2.94455510695699,-0.000323705585159063,-0.00644736097872924,0.205381240159985,5.62021769797392e-14,1.79598052388096e-05,0.174536563608998,0.178158565069923,0.269702793456316,6.70992042540763e-05,0.00466996918572791,0.150040550415075,10.9177775625595,-4.8242835180776,-1.38060032567951,1.36883822134626,0.0191346058945788
"Bcell","cg02432009","LM32","CpG ~ as.numeric(LM) +Age + Gender",47,-29.0233313827314,0.0851063829787234,0.708584159425825,"116769,117587","10-129-09,10-418-09",3.81140372630857,0.000692905722650979,-0.00299083806305023,0.153611639061808,3.67719090103535e-09,2.79244538518065e-06,0.739767412807226,0.595795877835579,0.516665091025257,0.000128540813498359,0.00894618117783812,0.287430150960747,7.37693293492175,5.39055031466583,-0.334314497280613,0.534431195016787,0.00398751290446062
"Bcell","cg17703079","LM32","CpG ~ as.numeric(LM) +Age + Gender",47,0.781121623803372,0.0851063829787234,0.708584159425825,"116769,117587","10-129-09,10-418-09",3.14244311974608,0.00138738651464281,-0.00600639079087309,0.681388244119777,6.39291911028704e-05,7.47636517046221e-10,0.627353698936842,0.0914405231004446,0.709431198876563,0.000176498983594483,0.012283973019672,0.394669429251968,4.42952484289156,7.86059209173922,-0.488961574667597,1.72647839841874,4.19406228533129e-06
"Bcell","cg09754508","LM32","CpG ~ as.numeric(LM) +Age + Gender",47,-21.6321234715889,0.0851063829787234,0.708584159425825,"116769,117587","10-129-09,10-418-09",2.32841399561476,0.000760245023109082,-0.00554724215600713,0.320371502984589,0.000146661925624906,2.16513956996325e-06,0.569508500754149,0.308619513422521,0.558930280195457,0.00013905594582096,0.00967801316416778,0.310943041447442,4.16583978023255,5.46718817825976,-0.573179852301239,1.03032214997723,0.00326199259946479
"Bcell","cg18730782","LM32","CpG ~ as.numeric(LM) +Age + Gender",47,73.7822660421563,0.0851063829787234,0.708584159425825,"116769,117587","10-129-09,10-418-09",-4.24483934934301,-0.00186714608465237,0.0206573405387323,-0.268207827797946,0.00863399238548965,1.56876638292769e-05,0.443459614202429,0.756110574613144,1.54236377886656,0.0003837238054007,0.0267064023630751,0.858044914387943,-2.75216483134894,-4.86585939775778,0.773497690100468,-0.312580173019571,0.0173189667296095
"Bcell","cg19795796","LM32","CpG ~ as.numeric(LM) +Age + Gender",47,-109.460542559998,0.0851063829787234,0.708584159425825,"116769,117587","10-129-09,10-418-09",2.73327571683778,-0.00032174921777544,-0.00328009223052005,-0.023170254951109,7.52461392257022e-16,5.28553389423128e-07,0.393066048690255,0.850449307536113,0.21957192581446,5.46271742679287e-05,0.00380194107173957,0.122151840485981,12.448202140138,-5.88991142388885,-0.862741470377196,-0.189684042900427,0.000953899407911537
"Bcell","cg06624369","LM32","CpG ~ as.numeric(LM) +Age + Gender",47,11.3191748169402,0.0851063829787234,0.708584159425825,"116769,117587","10-129-09,10-418-09",-3.06307862318321,-0.00134294120104601,0.000795333344737681,0.400554825502774,0.000376089620916011,2.49304516897521e-08,0.954112946631312,0.369315671315864,0.793592788994442,0.000197437497628014,0.0137412513349447,0.441490046655546,-3.85976115920159,-6.80185485118032,0.0578792517035991,0.907279401964162,6.93183101769593e-05
"Bcell","cg21589955","LM32","CpG ~ as.numeric(LM) +Age + Gender",47,9.98216861788618,0.0851063829787234,0.708584159425825,"116769,117587","10-129-09,10-418-09",3.05409166792498,0.00154736928578527,-0.0082528493298909,1.54493456882733,0.000329204667529088,5.58954250635522e-10,0.545602029301099,0.000949036056968359,0.782385041091219,0.000194649128415559,0.013547186465691,0.435254973437496,3.90356602890226,7.94953102734563,-0.609192864569459,3.54949320079208,3.5400177098467e-06
"Bcell","cg12477724","LM32","CpG ~ as.numeric(LM) +Age + Gender",47,-54.8481123700649,0.0851063829787234,0.708584159425825,"116769,117587","10-129-09,10-418-09",3.84110658215734,-0.000566618033482192,0.00823025116167757,-0.273463484209792,1.66258982166886e-12,7.09627919730831e-07,0.232566712883685,0.217257136679158,0.392549702186766,9.7662216654693e-05,0.00679709316164643,0.218382511454839,9.78501973319502,-5.80181418045834,1.21084866220724,-1.25222245310767,0.00122262455656496
"Bcell","cg22027844","LM32","CpG ~ as.numeric(LM) +Age + Gender",47,-92.6312384971919,0.0851063829787234,0.708584159425825,"116769,117587","10-129-09,10-418-09",3.59734217216474,-0.000467860041883349,-0.000347065003299928,-0.03049771072644,2.7681564121805e-17,7.53703395676251e-09,0.939516692174227,0.835634074968623,0.262621809001426,6.53375301676876e-05,0.00454736022500792,0.146101270471115,13.6978044049084,-7.16066310866962,-0.0763223026386313,-0.208743638081297,2.56482265734118e-05
"Bcell","cg16336121","LM32","CpG ~ as.numeric(LM) +Age + Gender",47,-2.7262797028323,0.0851063829787234,0.708584159425825,"116769,117587","10-129-09,10-418-09",3.55025997618798,0.00140669809890801,-0.0109674523967302,0.733707936073561,5.33880922746042e-06,1.95269685106835e-10,0.359219084047376,0.0602558775679592,0.68344811364536,0.000170034666630106,0.0118340696062707,0.380214568182081,5.19462985602767,8.27300765653951,-0.926769299288104,1.92972073527229,1.85504844812013e-06
"Bcell","cg04446722","LM32","CpG ~ as.numeric(LM) +Age + Gender",47,-52.8999601672079,0.0851063829787234,0.708584159425825,"116769,117587","10-129-09,10-418-09",3.12928858067733,0.00050082677359467,-0.000804441295754278,-0.109988818590706,8.87683961678676e-10,9.38880361056139e-06,0.90825310231903,0.624295742547839,0.400770194672315,9.97073882945124e-05,0.00693943297988505,0.222955720361607,7.80818689183199,5.02296552102382,-0.115923202671755,-0.493321357318472,0.0111105445079688
"Bcell","cg21684318","LM32","CpG ~ as.numeric(LM) +Age + Gender",47,27.0405756519002,0.0851063829787234,0.708584159425825,"116769,117587","10-129-09,10-418-09",3.67030046680636,0.00169189061250281,-0.018549233572976,1.02340196315317,0.000320237392572817,5.61093763515066e-09,0.259775374258464,0.05636944260535,0.938065160927882,0.000233380696692442,0.0162428254435105,0.521862644680475,3.91262848220043,7.2494882245229,-1.1419955005665,1.9610561774924,1.9782748905953e-05
"Bcell","cg14910458","LM32","CpG ~ as.numeric(LM) +Age + Gender",47,-15.9664022975681,0.0851063829787234,0.708584159425825,"116769,117587","10-129-09,10-418-09",-4.19219268453793,-0.00133561545851879,0.0119464625070287,-0.250931560340942,1.04778606321286e-08,1.66792797698952e-11,0.251568921138248,0.451521275903127,0.593655017792141,0.000147695093494625,0.010279280405344,0.330261042107563,-7.06166470238741,-9.04305909503617,1.1621886003633,-0.759797639890012,4.22538665415165e-07
"Bcell","cg25195795","LM32","CpG ~ as.numeric(LM) +Age + Gender",47,46.4998807356547,0.0851063829787234,0.708584159425825,"116769,117587","10-129-09,10-418-09",-3.66753789301592,-0.00141972463111823,0.0130423314585809,-1.87928095439579,0.00274175920759605,1.20875353743754e-05,0.517352167812563,0.00543961166643743,1.15381981850885,0.000287058174972393,0.0199786695913152,0.641890869687744,-3.17860538897287,-4.94577320870508,0.652812811131847,-2.92772657026573,0.0138954853082284
"Bcell","cg26548718","LM32","CpG ~ as.numeric(LM) +Age + Gender",47,-116.37820595539,0.0851063829787234,0.708584159425825,"116769,117587","10-129-09,10-418-09",3.8877060861669,0.000231755480067963,-0.00549635978267386,0.345188014339044,1.37194872890392e-22,4.12864906708068e-05,0.127020598960079,0.00399866514852804,0.203993411204836,5.07514044979148e-05,0.00353219531844563,0.113485230560579,19.057998310853,4.56648406799234,-1.5560747034489,3.04169989904352,0.0366782332469767
"Bcell","cg18982477","LM32","CpG ~ as.numeric(LM) +Age + Gender",47,-32.9619857512189,0.0851063829787234,0.708584159425825,"116769,117587","10-129-09,10-418-09",3.99414982076165,0.000837473550631381,-0.0102611431638577,0.233508570393913,3.88046451787376e-10,2.5591273226706e-08,0.238224571693043,0.401594133914562,0.495463799821772,0.000123266156344527,0.00857907568608889,0.275635488543962,8.06143621834416,6.79402664499944,-1.1960662825829,0.847164389561795,7.08676232012177e-05
"Bcell","cg04751223","LM32","CpG ~ as.numeric(LM) +Age + Gender",47,-108.809155055268,0.0851063829787234,0.708584159425825,"116769,117587","10-129-09,10-418-09",2.83354932212264,-0.000377493335992409,-0.00590800108244603,0.0009073762880051,2.7919298211373e-16,2.0349113695632e-08,0.130107519936272,0.994148203825318,0.221098767488146,5.50070363376291e-05,0.00382837870509228,0.123001250172032,12.8157626309452,-6.86263723926849,-1.54321229364993,0.00737696801240661,5.84818992531253e-05
"Bcell","cg05608389","LM32","CpG ~ as.numeric(LM) +Age + Gender",47,2.52625312742208,0.0851063829787234,0.708584159425825,"116769,117587","10-129-09,10-418-09",-5.2294384044208,-0.00126253145637311,0.0218277020880484,-0.27291380721122,5.87330302322913e-09,1.19732192045442e-08,0.0882623772136894,0.500914256157381,0.722724970504592,0.000179806333460404,0.0125141578949171,0.402064995262243,-7.23572398608243,-7.02161838282039,1.74424058505081,-0.678780322652098,3.73955345653526e-05
"Bcell","cg21602675","LM32","CpG ~ as.numeric(LM) +Age + Gender",47,-120.302957017021,0.0851063829787234,0.708584159425825,"116769,117587","10-129-09,10-418-09",2.31450004439095,0.000228251573054552,-0.00460004543549947,0.216295533495599,4.14743080381072e-15,2.78193007913942e-05,0.181595729101299,0.0532943098077974,0.195651501772568,4.86760256051283e-05,0.00338775313636961,0.108844475206545,11.8297075331495,4.68919905060006,-1.35784552484511,1.98719809237127,0.0272221210941483
"Bcell","cg04617043","LM32","CpG ~ as.numeric(LM) +Age + Gender",47,13.1564691580655,0.0851063829787234,0.708584159425825,"116769,117587","10-129-09,10-418-09",3.51275147850236,0.00147566355761225,-0.0136556818135051,0.247690505890226,8.47088480765293e-05,4.30420367197848e-09,0.335240497683026,0.585046996355771,0.809256685366933,0.000201334509478144,0.0140124754941405,0.450204156002559,4.34071357335727,7.32941193954849,-0.974537426967519,0.5501737435956,1.59138042735942e-05
"Bcell","cg13685067","LM32","CpG ~ as.numeric(LM) +Age + Gender",47,3.52944183963228,0.0851063829787234,0.708584159425825,"116769,117587","10-129-09,10-418-09",4.2257401028554,0.00142536417185945,-0.0169235727694857,0.637839312837237,7.50930076757306e-07,7.91798476796244e-10,0.187930200948372,0.123845963918957,0.730479355288985,0.000181735542430933,0.0126484269454275,0.406378900010023,5.78488642048433,7.84306774994852,-1.33799822242746,1.56956798894211,4.33268959308998e-06
"Bcell","cg02544037","LM32","CpG ~ as.numeric(LM) +Age + Gender",47,-56.0556896101326,0.0851063829787234,0.708584159425825,"116769,117587","10-129-09,10-418-09",-4.90682311559476,-0.000458227838196972,0.00788164030892766,-0.279509007179363,4.22403870719643e-16,2.26604078912619e-05,0.246637388526712,0.201733828593687,0.387539040190426,9.64156169126883e-05,0.00671033233569007,0.215594989404213,-12.6614936992765,-4.75263087941378,1.17455290060789,-1.29645409641371,0.0233076777377198
"Bcell","cg23920151","LM32","CpG ~ as.numeric(LM) +Age + Gender",47,10.3511276020921,0.0851063829787234,0.708584159425825,"116769,117587","10-129-09,10-418-09",-4.32311178314908,-0.00138748370294618,0.0199532211751239,-0.638463566195035,1.91633153221547e-06,9.21615104858038e-09,0.14962564292399,0.151250214627137,0.785462011907107,0.000195414646230979,0.0136004649605535,0.436966748050248,-5.50390944133954,-7.10020323300733,1.46709845825093,-1.46112620478301,3.04531460699214e-05
"Bcell","cg07026953","LM32","CpG ~ as.numeric(LM) +Age + Gender",47,59.01855940932,0.0851063829787234,0.708584159425825,"116769,117587","10-129-09,10-418-09",5.67860999160752,0.0016573176384927,-0.0638541447282414,0.801846631748146,9.39496452895686e-05,8.49229090156853e-06,0.00767224513526571,0.280291911611347,1.31818455405996,0.000327950383842665,0.0228246847934839,0.733329949998613,4.30790208709212,5.05356212447002,-2.79759152452658,1.09343226981206,0.0102085843852695
"Bcell","cg08799738","LM32","CpG ~ as.numeric(LM) +Age + Gender",47,12.1834258398509,0.0851063829787234,0.708584159425825,"116769,117587","10-129-09,10-418-09",3.88419360384076,0.00134135002039973,-0.00917272858848869,0.699504035458532,1.65377975194145e-05,3.1528484049184e-08,0.511869906066926,0.123765009366113,0.800922853182144,0.000199261140119154,0.0138681731715608,0.44556789416764,4.84964761388502,6.73161871701441,-0.661422991695765,1.56991570670788,8.45699037145946e-05
"Bcell","cg05142047","LM32","CpG ~ as.numeric(LM) +Age + Gender",47,-114.616207555696,0.0851063829787234,0.708584159425825,"116769,117587","10-129-09,10-418-09",3.12023418418368,0.000229682998804738,-0.00281594323043514,0.172094349852374,1.05005102659278e-18,6.15197697042458e-05,0.438256975264321,0.143973016157549,0.207853261906061,5.17116945537672e-05,0.00359902956812183,0.115632535437588,15.0117162250447,4.44160650287577,-0.78241736477443,1.48828657264253,0.0495632684085461
"Bcell","cg14662172","LM32","CpG ~ as.numeric(LM) +Age + Gender",47,7.04950880973385,0.0851063829787234,0.708584159425825,"116769,117587","10-129-09,10-418-09",3.6265344555231,0.00146665905070202,-0.0123538642649103,0.670352694219139,2.05946865365175e-05,9.94099061345468e-10,0.352056501038628,0.119399403989286,0.758352631618127,0.000188670118961162,0.013131059475459,0.421885308633756,4.78212154124793,7.7736689772477,-0.940812452186272,1.58894533775074,5.11247208620296e-06
"Bcell","cg06763538","LM32","CpG ~ as.numeric(LM) +Age + Gender",47,2.70861634971098,0.0851063829787234,0.708584159425825,"116769,117587","10-129-09,10-418-09",4.59309787095752,0.00145473396612505,-0.0308114220895848,1.17681627896641,1.1587537927819e-07,3.71430610107732e-10,0.0181054616608999,0.00553446166077121,0.724128442674012,0.000180155502501459,0.0125384593554256,0.402845772257889,6.34293255212631,8.07487945650326,-2.45735310983419,2.92125761273485,2.83402602470796e-06
"Bcell","cg12640631","LM32","CpG ~ as.numeric(LM) +Age + Gender",47,57.6754823873821,0.0851063829787234,0.708584159425825,"116769,117587","10-129-09,10-418-09",4.04685874060858,0.00148599404835295,-0.0193813290579608,1.3184892477577,0.00327766923996346,3.75122047173051e-05,0.393818518438088,0.0751340441081154,1.29948417685868,0.000323297927657925,0.0225008832333579,0.722926591352255,3.11420393774344,4.59636119265585,-0.861358590103151,1.82382175940081,0.0341198942361876
"Bcell","cg16326050","LM32","CpG ~ as.numeric(LM) +Age + Gender",47,-36.0540567126712,0.0851063829787234,0.708584159425825,"116769,117587","10-129-09,10-418-09",4.18001945676093,0.000607815767299228,0.00224765706850555,0.0632093033177236,4.6643489957067e-11,7.39175329069007e-06,0.787875448822246,0.813789281020922,0.479430969901469,0.000119277357727328,0.00830146335316377,0.266716134780045,8.71870971877348,5.09581850973524,0.2707543203993,0.236990924339283,0.00910976989561361
"Bcell","cg02302348","LM32","CpG ~ as.numeric(LM) +Age + Gender",47,-100.320614663981,0.0851063829787234,0.708584159425825,"116769,117587","10-129-09,10-418-09",2.8058474994432,0.000369181594952972,-0.00268418591227206,0.308570588057662,8.03581819651349e-15,2.34958047468232e-07,0.525189153498037,0.0268591654902127,0.241994048910993,6.02055614925608e-05,0.00419018556337984,0.13462567380363,11.5946962831107,6.13201813587586,-0.640588792947625,2.29206346263309,0.000475473756443886
"Bcell","cg16855179","LM32","CpG ~ as.numeric(LM) +Age + Gender",47,53.5792105101713,0.0851063829787234,0.708584159425825,"116769,117587","10-129-09,10-418-09",2.12478513022897,0.00151892567747855,0.0126169871941593,0.311605946519233,0.0948608621770384,1.36972309316682e-05,0.561133161619697,0.654804566495874,1.2440722088093,0.000309512015711604,0.0215414115868284,0.692099909584651,1.70792749422689,4.90748533295667,0.585708468700074,0.45023260688798,0.0154346581072593
"Bcell","cg14980563","LM32","CpG ~ as.numeric(LM) +Age + Gender",47,56.448297099015,0.0851063829787234,0.708584159425825,"116769,117587","10-129-09,10-418-09",4.11548713306125,0.0014402403571866,-0.00991390023276369,0.547541357448804,0.0025212463485709,4.89360951067123e-05,0.657555319721756,0.447067612026358,1.28262945950564,0.00031910465213481,0.022209039720489,0.713550006718734,3.20863293959229,4.51337938056179,-0.446390314823814,0.767348261920252,0.041631895985716
"Bcell","cg23602637","LM32","CpG ~ as.numeric(LM) +Age + Gender",47,18.1425058446215,0.0851063829787234,0.708584159425825,"116769,117587","10-129-09,10-418-09",6.14758125568842,0.00160711089664765,-0.0571017898488549,1.16833015302883,6.52308199307877e-09,1.94325460763353e-09,0.000370668621042799,0.0179434486129684,0.853340884197165,0.000212302192177234,0.0147758040732642,0.474728994519544,7.20413303702441,7.56992134733118,-3.86454703688016,2.461046547644,8.68742768201501e-06
"Bcell","cg17218309","LM32","CpG ~ as.numeric(LM) +Age + Gender",47,-56.649531850554,0.0851063829787234,0.708584159425825,"116769,117587","10-129-09,10-418-09",3.57838495416723,0.000463537269787217,0.0055562249925043,-0.156231569214601,7.63489692240145e-12,1.71671042068153e-05,0.409303961694169,0.469805222932202,0.385098490847448,9.58084340327558e-05,0.00666807363276046,0.214237267587384,9.29212925839473,4.83816768812586,0.833257894035,-0.729245527512514,0.0184916747117175
"Bcell","cg05648629","LM32","CpG ~ as.numeric(LM) +Age + Gender",47,-74.4356276184969,0.0851063829787234,0.708584159425825,"116769,117587","10-129-09,10-418-09",3.96393021121866,0.000540183045835177,-0.021011121076519,0.30806412543406,7.74962996392502e-16,2.40526670071186e-08,0.000440696529405463,0.0894604326392898,0.318711191591019,7.9291975691344e-05,0.00551856146835851,0.177304810220685,12.4373737597057,6.81258148917767,-3.8073547240507,1.73748317967586,6.76776107330356e-05
"Bcell","cg15273609","LM32","CpG ~ as.numeric(LM) +Age + Gender",47,9.86515190005579,0.0851063829787234,0.708584159425825,"116769,117587","10-129-09,10-418-09",3.16294761596209,0.00160740162877866,-0.0267110438336519,0.980685667993737,0.000211568064225276,1.9831162532757e-10,0.0548093791254868,0.02921610158561,0.781411688234898,0.000194406968513244,0.0135303326252557,0.434713479608534,4.04773522534165,8.26823051185614,-1.97416017576635,2.25593572317302,1.85813918035522e-06
"Bcell","cg12771853","LM32","CpG ~ as.numeric(LM) +Age + Gender",47,-159.431553366372,0.0851063829787234,0.708584159425825,"116769,117587","10-129-09,10-418-09",2.57991199144771,0.000146636301363458,-0.00352735547471496,0.171510100802205,2.14141148878167e-23,4.11134326915896e-05,0.121718991381461,0.0213396194285434,0.129033667818134,3.21022126676042e-05,0.00223424920784047,0.0717837672105703,19.9940994863756,4.56779421660972,-1.57876545836369,2.38926023900498,0.0366641230689489
"Bcell","cg17731069","LM32","CpG ~ as.numeric(LM) +Age + Gender",47,5.16208332011188,0.0851063829787234,0.708584159425825,"116769,117587","10-129-09,10-418-09",3.74955613452527,0.00129531337209678,-0.00722865947590603,0.887855602525405,8.74503831205641e-06,1.26661007476578e-08,0.577259494671585,0.037459855957822,0.743277526202729,0.000184919592077638,0.0128700303742795,0.413498754363758,5.04462465545148,7.0047384246497,-0.561666077366249,2.14717842110923,3.88499981206018e-05
"Bcell","cg07586149","LM32","CpG ~ as.numeric(LM) +Age + Gender",47,-184.756282784738,0.0851063829787234,0.708584159425825,"116769,117587","10-129-09,10-418-09",2.46369590025957,0.000132970528765936,-0.00254931713092669,0.0494821491204051,3.05796634527934e-27,2.5089560073244e-06,0.14252671981303,0.37184187379078,0.098559590609569,2.45205843690335e-05,0.0017065831807159,0.0548304859368813,24.9970184030003,5.42281239161092,-1.49381358010177,0.90245687731761,0.00364355279029693
"Bcell","ch.17.795614F","LM32","CpG ~ as.numeric(LM) +Age + Gender",47,16.283618533654,0.0851063829787234,0.708584159425825,"116769,117587","10-129-09,10-418-09",-4.39319264318518,-0.00132996846645173,0.0127024199191736,-0.741252566697497,4.43157555829251e-06,9.90907109127235e-08,0.385442521665385,0.118573728087794,0.836631491472943,0.000208145071885687,0.0144864768915382,0.465433256609992,-5.25104862530418,-6.38962265309913,0.876846731905758,-1.592607653558,0.000221495264087413
"Bcell","cg15009088","LM32","CpG ~ as.numeric(LM) +Age + Gender",47,-64.4156665782958,0.0851063829787234,0.708584159425825,"116769,117587","10-129-09,10-418-09",3.44071769674822,0.000431939570938332,0.00491626054185789,0.0495984155495338,2.13058737232401e-12,1.41894947075303e-05,0.427659422755029,0.802663220395724,0.354561093211216,8.82110522810783e-05,0.0061393111970958,0.197248760012558,9.70416033407972,4.89666044978114,0.800783733553615,0.251451089205205,0.0158932366400564
"Bcell","cg25342213","LM32","CpG ~ as.numeric(LM) +Age + Gender",47,-41.6259354969567,0.0851063829787234,0.708584159425825,"116769,117587","10-129-09,10-418-09",2.78901845856089,0.000728337744631362,-0.00412895735768901,0.239893289569353,2.05081258912986e-07,7.34101621822659e-08,0.600385389586092,0.34523654394588,0.45183840962218,0.000112412620383134,0.00782369148951975,0.251365893580796,6.17260153003155,6.47914568799288,-0.527750533519882,0.954358947238182,0.000172427953110191
"Bcell","cg20672205","LM32","CpG ~ as.numeric(LM) +Age + Gender",47,-83.4387355048237,0.0851063829787234,0.708584159425825,"116769,117587","10-129-09,10-418-09",-3.2728295037636,-0.000397613796198168,0.00758887198072852,-0.185840462902376,1.85440770251529e-14,1.82501932506557e-06,0.137500019759718,0.255078990194064,0.289602007863371,7.20499184639049e-05,0.00501452890240801,0.161110843919268,-11.3011284966907,-5.51858773299462,1.5133768552185,-1.15349444135182,0.00281149570551402
"Bcell","cg03432603","LM32","CpG ~ as.numeric(LM) +Age + Gender",47,40.5203104442842,0.0851063829787234,0.708584159425825,"116769,117587","10-129-09,10-418-09",2.80352374267721,0.00128620576340988,0.00380667331128031,0.377573293793359,0.0130700318238257,2.10806047554811e-05,0.840052803108308,0.534068994432117,1.0827082807143,0.000269366376017887,0.0187473560925026,0.602330232829587,2.5893620586587,4.77493064436695,0.203051208527621,0.626854295557473,0.0219134167928956
"Bcell","cg09371063","LM32","CpG ~ as.numeric(LM) +Age + Gender",47,64.5343681596242,0.0851063829787234,0.708584159425825,"116769,117587","10-129-09,10-418-09",-2.99919715542765,-0.00164415971922504,0.0188976770891182,-0.480775359666542,0.0375948762317462,2.45630330474403e-05,0.439218625860635,0.539676570994263,1.39784849968103,0.000347769931465481,0.024204085305048,0.777648446281293,-2.14558098113781,-4.72772246955525,0.780763943398302,-0.618242551586909,0.0247802238779999
"Bcell","cg10095534","LM32","CpG ~ as.numeric(LM) +Age + Gender",47,-1.71847622673814,0.0851063829787234,0.708584159425825,"116769,117587","10-129-09,10-418-09",4.87801569635453,0.00154895761848868,-0.0383048514839994,1.05088644056523,1.04924272522329e-08,1.83661048299635e-11,0.00256623234267145,0.00903826698846348,0.690814995945573,0.000171867469078472,0.0119616289574216,0.384312898277228,7.06124754816245,9.0125119476883,-3.20231062344005,2.734455297431,4.48654424041817e-07
"Bcell","cg10972590","LM32","CpG ~ as.numeric(LM) +Age + Gender",47,10.341331600762,0.0851063829787234,0.708584159425825,"116769,117587","10-129-09,10-418-09",-3.89721462272287,-0.00133214811055222,0.0138301393397158,-0.718980526313158,1.14555031722403e-05,2.36413630779067e-08,0.314844919325738,0.107145498379502,0.785380160992207,0.000195394282588515,0.0135990476921393,0.436921212903333,-4.96220151244888,-6.81774355372319,1.01699322282031,-1.64556104185363,6.68205542912099e-05
"Bcell","cg09059787","LM32","CpG ~ as.numeric(LM) +Age + Gender",47,-53.5571015167736,0.0851063829787234,0.708584159425825,"116769,117587","10-129-09,10-418-09",4.44283491148833,0.000460505070161242,-0.0125646578221979,0.583276018881545,2.75499048945805e-14,3.14697280127422e-05,0.075211425065657,0.0116679644879342,0.397978234655776,9.90127781534079e-05,0.00689108951603757,0.221402502420295,11.1635122843617,4.65096605458082,-1.82331949003946,2.63445992030521,0.0300025438940478
"Bcell","cg22360345","LM32","CpG ~ as.numeric(LM) +Age + Gender",47,49.3658428268544,0.0851063829787234,0.708584159425825,"116769,117587","10-129-09,10-418-09",3.8626164041497,0.00138124124991256,-0.00195931240925514,0.29904833922862,0.00226290294013795,2.98634434498105e-05,0.924657243092707,0.653614837387435,1.1895403569431,0.000295945067368832,0.0205971793651585,0.661762852395501,3.24715036493249,4.66722173203563,-0.0951252778120411,0.451896533850611,0.0287291786251099
"Bcell","cg19511994","LM32","CpG ~ as.numeric(LM) +Age + Gender",47,14.7903272191683,0.0851063829787234,0.708584159425825,"116769,117587","10-129-09,10-418-09",4.14345533342771,0.00129036400106372,-0.0103768095272839,0.445405621786836,9.11925546995421e-06,1.34429545018519e-07,0.47069260693304,0.336342318536835,0.82344571096959,0.00020486458907012,0.0142581619087703,0.458097768018933,5.03185003969342,6.29861903865712,-0.727780312334723,0.972293804689369,0.000291902021095054
"Bcell","cg19348870","LM32","CpG ~ as.numeric(LM) +Age + Gender",47,-186.611342993514,0.0851063829787234,0.708584159425825,"116769,117587","10-129-09,10-418-09",2.32105099438247,0.000108208096931281,-0.00120987166187203,0.063095063322271,1.52049068947718e-26,5.09259016456434e-05,0.473549619890087,0.246989395208786,0.096633615090178,2.40414220173654e-05,0.00167323444816198,0.0537590308610473,24.0190847896612,4.50090251953987,-0.72307360346367,1.17366444877615,0.0430037803655702
"Bcell","cg23772033","LM32","CpG ~ as.numeric(LM) +Age + Gender",47,8.0997871819588,0.0851063829787234,0.708584159425825,"116769,117587","10-129-09,10-418-09",4.03207149212468,0.0015066445760107,-0.0184496151041634,0.419010874536036,4.33371641417666e-06,6.63932966089549e-10,0.171856687744129,0.331519306883897,0.766873350751356,0.00019078998381753,0.0132785977908115,0.426625539064068,5.25780624424385,7.8968745940649,-1.3894249524547,0.982151409536482,3.88142589008907e-06
"Bcell","cg07220089","LM32","CpG ~ as.numeric(LM) +Age + Gender",47,40.1661580915914,0.0851063829787234,0.708584159425825,"116769,117587","10-129-09,10-418-09",3.06799254752964,0.00137316424103183,-0.00505501033074714,0.628876647691005,0.0067872992952767,6.89444298017686e-06,0.787950289899427,0.300487348191201,1.07863676726596,0.000268353426507826,0.0186768568510992,0.600065176131496,2.84432409559536,5.11699909668111,-0.270656372806629,1.04801390366502,0.00857411732041104
"Bcell","cg23835766","LM32","CpG ~ as.numeric(LM) +Age + Gender",47,54.9575377200645,0.0851063829787234,0.708584159425825,"116769,117587","10-129-09,10-418-09",4.45117303079057,0.00152634234792616,-0.0265784390705595,1.62026701248,0.00101710058935474,1.60072686057494e-05,0.230667369682356,0.0259347316442577,1.26244850563972,0.000314083844125601,0.0218596016168466,0.702322976449081,3.52582541854651,4.85966526605483,-1.21587024029186,2.30701125666145,0.017538877380207
"Bcell","cg03075966","LM32","CpG ~ as.numeric(LM) +Age + Gender",47,1.40979508871391,0.0851063829787234,0.708584159425825,"116769,117587","10-129-09,10-418-09",3.86785994925729,0.00147631340498333,-0.0198751786383562,0.48967388211259,2.56875350846651e-06,1.73997171263581e-10,0.115331645542338,0.224477831300431,0.714191787491053,0.000177683367722359,0.0123664037644585,0.397317830949497,5.41571608215355,8.30867527955771,-1.60719146947784,1.23244879531932,1.75019404644755e-06
"Bcell","cg23012964","LM32","CpG ~ as.numeric(LM) +Age + Gender",47,-82.3004139780719,0.0851063829787234,0.708584159425825,"116769,117587","10-129-09,10-418-09",3.87726977472475,0.00034402564398798,-0.0098823409221776,0.0404893495504395,9.39015973700033e-17,2.5400925132331e-05,0.0580827452824968,0.805093069349853,0.293130351923038,7.2927733171362e-05,0.00507562303430086,0.163073725645414,13.2271180697887,4.7173500262185,-1.94702026832827,0.248288615411162,0.02528558817912
"Bcell","cg19369670","LM32","CpG ~ as.numeric(LM) +Age + Gender",47,-106.015948781033,0.0851063829787234,0.708584159425825,"116769,117587","10-129-09,10-418-09",2.53763196327413,-0.000308771458903493,-0.0013219285241987,-0.0180301386441615,2.9371307412983e-14,2.30028534860315e-06,0.739113303444652,0.887512966987525,0.227767295449102,5.66660956079909e-05,0.00394384588173045,0.12671107309562,11.1413359774525,-5.4489630102546,-0.335187673109243,-0.14229331504876,0.00340559237449743
"Bcell","cg24634593","LM32","CpG ~ as.numeric(LM) +Age + Gender",47,-125.077967323165,0.0851063829787234,0.708584159425825,"116769,117587","10-129-09,10-418-09",-3.61529609912573,-0.000222108578459618,0.00204078429887085,0.00532255642044737,6.35942468123403e-23,1.93849221623619e-05,0.529573843031662,0.9592061704476,0.185961012673241,4.62651343456616e-05,0.00321995997075742,0.10345348055046,-19.4411508474537,-4.80077668855718,0.633791822694865,0.0514487902400854,0.0204617127074764
"Bcell","cg25174455","LM32","CpG ~ as.numeric(LM) +Age + Gender",47,-79.3419124119313,0.0851063829787234,0.708584159425825,"116769,117587","10-129-09,10-418-09",3.6631585551581,0.000347054841696,-0.00272188393779747,0.143013392491178,1.90463317817107e-15,3.57380275760705e-05,0.60597194594321,0.400135364094693,0.302502886057058,7.52595205962437e-05,0.00523791073268595,0.168287836193662,12.1094995254596,4.6114410369141,-0.519650692176213,0.849814197661925,0.032801932124122
"Bcell","cg09255140","LM32","CpG ~ as.numeric(LM) +Age + Gender",47,-88.3168028648757,0.0851063829787234,0.708584159425825,"116769,117587","10-129-09,10-418-09",2.82233079000214,0.000327810748789725,-0.00205321775210664,0.120921260915393,3.88349715631346e-13,1.99377388387348e-05,0.668431549542626,0.433559951852954,0.274956598094461,6.84062953153447e-05,0.00476094008541176,0.15296333712254,10.2646410726705,4.79211375617634,-0.431263094109925,0.790524469393096,0.0208840944517617
"Bcell","cg10937300","LM32","CpG ~ as.numeric(LM) +Age + Gender",47,-52.0011567281493,0.0851063829787234,0.708584159425825,"116769,117587","10-129-09,10-418-09",3.47522439311905,0.000475275276514853,-0.0243986916664361,0.0609359101558444,7.06372088033747e-11,2.50753396677883e-05,0.00115401944127281,0.787910373904166,0.404620633667609,0.000100665336817411,0.00700610426359372,0.225097789336088,8.58884620296923,4.72133995217161,-3.48249051805018,0.270708612179494,0.0250751563685217
"Bcell","cg27276878","LM32","CpG ~ as.numeric(LM) +Age + Gender",47,50.2696091608604,0.0851063829787234,0.708584159425825,"116769,117587","10-129-09,10-418-09",4.17273378402456,0.00149498322687126,-0.0254926224969731,1.65173517454317,0.00118184358399557,1.00163480696142e-05,0.226933011983307,0.0174672701126418,1.20103239165724,0.000298804164134933,0.0207961667293923,0.668156079517113,3.47428913075927,5.0032208593859,-1.22583276181101,2.4720798405919,0.0117515128608504
"Bcell","cg19369281","LM32","CpG ~ as.numeric(LM) +Age + Gender",47,11.0087817972368,0.0851063829787234,0.708584159425825,"116769,117587","10-129-09,10-418-09",2.38111103802125,0.00149614330426578,-0.00947334882698975,0.675549154241626,0.0043545563695466,1.74324083651872e-09,0.492850216908142,0.132056254483016,0.790976624960252,0.000196786623669155,0.0136959518211061,0.440034627204247,3.01034311619626,7.60287094910047,-0.691689701506607,1.53521816801945,8.00246990586994e-06
"Bcell","cg19540825","LM32","CpG ~ as.numeric(LM) +Age + Gender",47,-22.3845908013532,0.0851063829787234,0.708584159425825,"116769,117587","10-129-09,10-418-09",-4.56839092306825,-0.000650085714523585,0.0140370367247726,-0.452807326331516,2.17893196489605e-10,2.57966811408227e-05,0.150994787633662,0.149397095157909,0.554473919497074,0.000137947250382924,0.00960085019942707,0.308463887251578,-8.2391448225589,-4.71256739600848,1.46206184173254,-1.46794274806702,0.0254614731845845
"Bcell","cg15370484","LM32","CpG ~ as.numeric(LM) +Age + Gender",47,9.99214507274615,0.0851063829787234,0.708584159425825,"116769,117587","10-129-09,10-418-09",4.34524940411067,0.00140723530207785,-0.0137364964921225,0.757428702489048,1.62613086278929e-06,6.00926268702815e-09,0.316317570404528,0.0890107345984814,0.782468081977018,0.000194669788110204,0.0135486243387396,0.435301170586782,5.55326089868327,7.22883255660195,-1.01386651136572,1.74001071825293,2.10784904185324e-05
"Bcell","cg23854219","LM32","CpG ~ as.numeric(LM) +Age + Gender",47,60.9822448497442,0.0851063829787234,0.708584159425825,"116769,117587","10-129-09,10-418-09",2.74375251610784,0.00173010347161672,-0.026181939373971,2.44033882125378,0.0476863133604588,5.85874647001197e-06,0.267511455842113,0.00218889795565663,1.34601142966143,0.000334873416362304,0.0233065138836782,0.748810545056861,2.03843181093789,5.16644017435202,-1.12337432808029,3.25895359962976,0.00750878365355059
"Bcell","cg14099012","LM32","CpG ~ as.numeric(LM) +Age + Gender",47,-119.515916608082,0.0851063829787234,0.708584159425825,"116769,117587","10-129-09,10-418-09",3.75968728439565,0.000222891849321479,-0.00384559568879733,0.228927659062815,1.37743888358221e-22,4.48114832415291e-05,0.266544049409898,0.0429732811008043,0.197296523943581,4.90852897333963e-05,0.00341623709365468,0.109759630844427,19.056023944298,4.54090931381077,-1.12568173208474,2.0857181943997,0.0391954353961505
"Bcell","cg15986307","LM32","CpG ~ as.numeric(LM) +Age + Gender",47,-28.5907974532484,0.0851063829787234,0.708584159425825,"116769,117587","10-129-09,10-418-09",2.61511149385073,0.000682299945993251,0.00127858091686293,0.186649190324662,8.92881867753575e-06,3.97852458109927e-06,0.887536717384093,0.521461344056414,0.519047964681503,0.000129133647277064,0.00898744121228396,0.288755786748092,5.03828484416736,5.28367284886902,0.142263063163671,0.646391168214036,0.00538869489277029
"Bcell","cg19451417","LM32","CpG ~ as.numeric(LM) +Age + Gender",47,-57.342598060302,0.0851063829787234,0.708584159425825,"116769,117587","10-129-09,10-418-09",4.02013852755807,0.000817627730821312,-0.0049967403715924,0.367408567816109,1.83095662594669e-13,6.8785999776572e-11,0.454424929361922,0.0912275880094763,0.382269584071499,9.51046319284374e-05,0.00661909042682597,0.212663495494419,10.516501168469,8.59713890104265,-0.754898339406501,1.72765225626488,9.80283233667068e-07
"Bcell","cg11244410","LM32","CpG ~ as.numeric(LM) +Age + Gender",47,-55.7786777969972,0.0851063829787234,0.708584159425825,"116769,117587","10-129-09,10-418-09",4.35648291740646,0.000500905330498974,-0.0108726363167574,0.281224149930067,2.42114797374276e-14,5.60296482931631e-06,0.113513845051843,0.200332611557937,0.388682776665268,9.67001664583373e-05,0.00673013640974379,0.216231270727131,11.2083250891208,5.17998415974586,-1.61551499922291,1.30057113841296,0.00724461234107412
"Bcell","cg16001675","LM32","CpG ~ as.numeric(LM) +Age + Gender",47,-2.19506039178299,0.0851063829787234,0.708584159425825,"116769,117587","10-129-09,10-418-09",3.00116603495018,0.001390983028257,0.00191315444569624,0.949842148988735,7.80839836509972e-05,3.05982893736339e-10,0.873040080384886,0.0169617427499043,0.687321397140863,0.000170998298623191,0.011901136448033,0.38236934596592,4.36646676130629,8.13448460865769,0.16075392917728,2.48409596378417,2.52157553495406e-06
"Bcell","cg18543758","LM32","CpG ~ as.numeric(LM) +Age + Gender",47,41.4701470624829,0.0851063829787234,0.708584159425825,"116769,117587","10-129-09,10-418-09",-7.08922133853541,-0.00122683617639629,0.0417894950390037,-0.553698370684007,7.27491283698168e-08,4.96675635699491e-05,0.0327259422396056,0.367885801214892,1.09370412438156,0.00027210202569626,0.0189377517885912,0.608447419881935,-6.48184566602422,-4.50873591718782,2.206676669201,-0.910018438062319,0.0420971067460066
"Bcell","cg07424805","LM32","CpG ~ as.numeric(LM) +Age + Gender",47,-11.0695506815806,0.0851063829787234,0.708584159425825,"116769,117587","10-129-09,10-418-09",2.32498959858481,0.00154242922652755,0.00153220022383246,0.61052838699992,0.000577011753944102,1.12390181446378e-12,0.888142945769581,0.0864193953640197,0.625400683951433,0.000155593079683445,0.0108289643031058,0.347921731352908,3.71760002546681,9.91322512328718,0.141490929413538,1.75478658555146,9.60929026980192e-08
"Bcell","cg24939743","LM32","CpG ~ as.numeric(LM) +Age + Gender",47,-30.6721294138481,0.0851063829787234,0.708584159425825,"116769,117587","10-129-09,10-418-09",3.51676163096598,0.000637599493010404,-0.00419781387828448,0.346824994790153,1.64093175625115e-08,8.64698373176989e-06,0.63540127398261,0.226129317889193,0.50768159370687,0.000126305814321088,0.00879062974613322,0.282432468641519,6.92710091238116,5.048061298188,-0.477532782009275,1.22799264708607,0.0103763046273894
"Bcell","cg14375627","LM32","CpG ~ as.numeric(LM) +Age + Gender",47,9.94787922607991,0.0851063829787234,0.708584159425825,"116769,117587","10-129-09,10-418-09",2.64941998018656,0.00162732984615893,-0.0156424525250147,0.822458722934365,0.00151806529076588,1.45823989799504e-10,0.254433985202447,0.065470900765545,0.782099694125975,0.000194578137106723,0.013542245613882,0.435096229750878,3.3875732212725,8.36337458234767,-1.15508557229089,1.89029154172464,1.54812815938668e-06
"Bcell","cg21472196","LM32","CpG ~ as.numeric(LM) +Age + Gender",47,-31.0604446838724,0.0851063829787234,0.708584159425825,"116769,117587","10-129-09,10-418-09",-3.79697362890632,-0.000788960897405165,0.0242754178935669,0.0806278764186283,2.36809741487658e-09,1.46831382833553e-07,0.0081810377043292,0.775750622069845,0.505588680087596,0.000125785119534705,0.0087543904399505,0.281268142876173,-7.51000522450082,-6.27229119250062,2.77294210945704,0.286658402171498,0.000316819973820934
"Bcell","cg22524739","LM32","CpG ~ as.numeric(LM) +Age + Gender",47,-15.2511731636261,0.0851063829787234,0.708584159425825,"116769,117587","10-129-09,10-418-09",4.43954410296558,0.00140733344524115,-0.0203931958820602,0.563000936072134,3.17140376195449e-09,4.57839825421014e-12,0.0554340709310197,0.0979212656571343,0.598189260549588,0.000148823165165743,0.010357791916799,0.332783523503934,7.42163792590782,9.45641388337504,-1.96887483798406,1.69179330197662,1.90500785110228e-07
"Bcell","cg13713450","LM32","CpG ~ as.numeric(LM) +Age + Gender",47,-12.0210314982376,0.0851063829787234,0.708584159425825,"116769,117587","10-129-09,10-418-09",-4.88034147856558,-0.000772807840996883,0.00316035314003544,0.0509625662623563,6.94916184734359e-10,9.56219245415522e-06,0.769556453348126,0.883060268990522,0.619102223670606,0.000154026089340284,0.0107199049379726,0.344417783784579,-7.88293320872026,-5.01738273241194,0.294811675879763,0.147967290487624,0.0112588557425923
"Bcell","cg14304838","LM32","CpG ~ as.numeric(LM) +Age + Gender",47,12.0796837815571,0.0851063829787234,0.708584159425825,"116769,117587","10-129-09,10-418-09",0.934815746497126,0.00157991993192973,0.0103520248576503,0.234766433381392,0.249057882040065,5.81081452727464e-10,0.458959590281039,0.600575419811993,0.800039411141221,0.000199041349077352,0.0138528761586689,0.445076419354268,1.16846212008938,7.93764682189598,0.747283433352014,0.527474436237263,3.64639273631488e-06
"Bcell","cg06047999","LM32","CpG ~ as.numeric(LM) +Age + Gender",47,7.44497955297008,0.0851063829787234,0.708584159425825,"116769,117587","10-129-09,10-418-09",1.68756214766673,0.00176327795917849,-0.0193537025048161,0.684876820456816,0.0320373757390933,7.29792548345366e-12,0.149462904033389,0.11328800814005,0.761549844785166,0.000189465551802586,0.0131864199957522,0.423663976244978,2.21595757549238,9.30658867748021,-1.46769953566249,1.61655665541126,2.49587227052744e-07
"Bcell","cg22941409","LM32","CpG ~ as.numeric(LM) +Age + Gender",47,-78.0672336034977,0.0851063829787234,0.708584159425825,"116769,117587","10-129-09,10-418-09",3.84086637556428,0.000404285378621358,-0.0103914462296407,0.209982376807182,6.09255192772495e-16,3.77520605593392e-06,0.0568393209000336,0.225031778744633,0.306632889068118,7.62870216912739e-05,0.00530942273503285,0.170585431695192,12.5259439300102,5.29953024326288,-1.95717062818816,1.23095140493818,0.00517540712543557
"Bcell","cg13621464","LM32","CpG ~ as.numeric(LM) +Age + Gender",47,18.659976198665,0.0851063829787234,0.708584159425825,"116769,117587","10-129-09,10-418-09",1.98195890286354,0.00146672090751382,0.00227692445326484,0.350404609194097,0.0257632216917945,1.9807261902744e-08,0.878916331820459,0.466894430437282,0.858051483014582,0.000213474139371989,0.0148573692326077,0.477349585987256,2.30983681293848,6.87071938469319,0.153252195433605,0.734062874422293,5.71648443256008e-05
"Bcell","cg05659313","LM32","CpG ~ as.numeric(LM) +Age + Gender",47,-39.9826858024367,0.0851063829787234,0.708584159425825,"116769,117587","10-129-09,10-418-09",2.72782371604647,0.000588099186094812,-0.0126497232479082,0.479095371498806,4.58279574535041e-07,6.37186226228537e-06,0.119425640516213,0.0678854021998259,0.459806613110731,0.000114395025187194,0.00796166286267562,0.255798749547618,5.93254563607061,5.14095071120843,-1.58882930187993,1.87293867677652,0.00805604792623268
"Bcell","cg07730673","LM32","CpG ~ as.numeric(LM) +Age + Gender",47,-130.28107391258,0.0851063829787234,0.708584159425825,"116769,117587","10-129-09,10-418-09",-3.63201253113056,-0.000200870935044401,0.00153834581852124,-0.253628153466469,6.16039921806972e-24,3.8429771764187e-05,0.61617684334552,0.0130118342384292,0.175947357414676,4.37738427616418e-05,0.00304657110483314,0.097882702704938,-20.6426091559338,-4.58883484683278,0.504943349617142,-2.59114375122045,0.0347695393357739
"Bcell","cg06022373","LM32","CpG ~ as.numeric(LM) +Age + Gender",47,-25.6195272533444,0.0851063829787234,0.708584159425825,"116769,117587","10-129-09,10-418-09",-3.77379926809525,-0.000833071723720649,-0.00673444189049555,-0.0722492877389783,1.10983059323889e-08,1.57953381062314e-07,0.471770894611491,0.809604420751504,0.535716741396902,0.000133280662734927,0.00927606511798073,0.298028929236064,-7.04439300936336,-6.25050706250982,-0.726002006760549,-0.24242374028647,0.000334487067739063
"Bcell","cg16999243","LM32","CpG ~ as.numeric(LM) +Age + Gender",47,-60.7092361112042,0.0851063829787234,0.708584159425825,"116769,117587","10-129-09,10-418-09",3.29686933309217,0.000550551602049736,-0.00570054592089609,-0.0251305485335586,2.3172277739199e-11,3.65650870924534e-07,0.377022628640292,0.903089930899275,0.368820759256928,9.17587064686168e-05,0.00638622076810487,0.205181670587251,8.93894730799442,5.99999306047362,-0.89263214158939,-0.122479500540338,0.000700569656745173
"Bcell","cg01289141","LM32","CpG ~ as.numeric(LM) +Age + Gender",47,71.0179076743948,0.0851063829787234,0.708584159425825,"116769,117587","10-129-09,10-418-09",2.52379010822782,0.00207327052480894,-0.0124502888070027,2.02102492132194,0.099205205880471,1.56755334045464e-06,0.633586445365678,0.01955019656229,1.49766629497232,0.000372603543860104,0.0259324546045417,0.833178894278484,1.68514849850077,5.56428020874477,-0.480104525270132,2.42567944915612,0.00244794211667642
"Bcell","cg12503643","LM32","CpG ~ as.numeric(LM) +Age + Gender",47,-43.6478062930801,0.0851063829787234,0.708584159425825,"116769,117587","10-129-09,10-418-09",-5.25240485000381,-0.000646451007541259,0.0174140531929584,-0.137175653698867,3.63100909849871e-15,5.54231391552545e-07,0.0280021692377305,0.580018311269278,0.442223473866279,0.000110020525996913,0.00765720654834659,0.246016930618517,-11.8772637826821,-5.87573093005754,2.27420444818986,-0.557586233410806,0.000989795040900739
"Bcell","cg14416845","LM32","CpG ~ as.numeric(LM) +Age + Gender",47,0.830445603959518,0.0851063829787234,0.708584159425825,"116769,117587","10-129-09,10-418-09",2.80590143988151,0.00151777809554632,-0.014191371872514,0.673069689901938,0.000283025124388828,6.92925064497937e-11,0.254602593160191,0.0955030600779636,0.70980355156306,0.000176591621007117,0.0122904203966156,0.39487657579767,3.95306762512336,8.59484774470215,-1.15466936154779,1.70450649938479,9.80283233667068e-07
"Bcell","cg13463374","LM32","CpG ~ as.numeric(LM) +Age + Gender",47,36.652357835876,0.0851063829787234,0.708584159425825,"116769,117587","10-129-09,10-418-09",2.39963870911062,0.00138658035605785,-0.00581215322769185,-0.37600462495788,0.0257878089854876,3.05148773894666e-06,0.748224356494666,0.518847592932342,1.03906070575521,0.000258507320722823,0.0179915877614499,0.578048296082771,2.30943071547155,5.36379531605051,-0.323048377094622,-0.650472681099366,0.00432132992960832
"Bcell","cg20338413","LM32","CpG ~ as.numeric(LM) +Age + Gender",47,1.35934545446114,0.0851063829787234,0.708584159425825,"116769,117587","10-129-09,10-418-09",4.10614254589351,0.00129978839942006,-0.0140048115864451,0.506167227842088,8.36900560917635e-07,4.45356421220996e-09,0.263452160413789,0.209280230071173,0.713808584859305,0.000177588030958031,0.0123597685180852,0.397104648382675,5.75244208740197,7.31912163453876,-1.13309659205614,1.2746444291287,1.63775035125298e-05
"Bcell","cg00409905","LM32","CpG ~ as.numeric(LM) +Age + Gender",47,49.7055286301024,0.0851063829787234,0.708584159425825,"116769,117587","10-129-09,10-418-09",6.12680139660238,0.00171272827313037,-0.0595752502737733,0.492938914938236,6.56276111546508e-06,7.98661737739061e-07,0.00614456339376304,0.462000942904599,1.19384674993684,0.000297016452427113,0.020671745602774,0.664158576840194,5.13198314350355,5.76644242813678,-2.88196514307813,0.742200631185773,0.00135890705299709
"Bcell","cg27633819","LM32","CpG ~ as.numeric(LM) +Age + Gender",47,-87.1294140674887,0.0851063829787234,0.708584159425825,"116769,117587","10-129-09,10-418-09",3.82195261976274,-0.000558151932469192,0.00304492396727603,-0.0883019983022074,2.5768473729418e-17,3.93762073143885e-10,0.531033587098174,0.571624240818609,0.278451822678694,6.92758702473867e-05,0.00482146074556655,0.154907793884452,13.7257231179014,-8.05694580921194,0.63153557147093,-0.57002940967627,2.95968449692364e-06
"Bcell","cg23881872","LM32","CpG ~ as.numeric(LM) +Age + Gender",47,-54.7924089402333,0.0851063829787234,0.708584159425825,"116769,117587","10-129-09,10-418-09",-4.98214948484023,-0.000446932485037839,0.0106903930413427,-0.317688564615945,3.97303643097815e-16,4.03553372790165e-05,0.123313779888291,0.153241995802429,0.39278239202679,9.77201074273598e-05,0.00680112224257962,0.218511961028667,-12.6842485456945,-4.57359797081748,1.57185721121342,-1.45387265356273,0.0362131236043384
"Bcell","cg00614157","LM32","CpG ~ as.numeric(LM) +Age + Gender",47,-20.6733903115249,0.0851063829787234,0.708584159425825,"116769,117587","10-129-09,10-418-09",-3.98323488718929,-0.00144712975837305,0.0105789104053396,-0.389129150932733,1.07410290191363e-08,3.48004808767288e-13,0.28528541579506,0.222158054393692,0.564660142206946,0.000140481474924791,0.00977722711256339,0.314130667496801,-7.0542164913943,-10.3012141575805,1.08199495455578,-1.23874932057277,5.21367421783206e-08
"Bcell","cg24701934","LM32","CpG ~ as.numeric(LM) +Age + Gender",47,-81.9076165644315,0.0851063829787234,0.708584159425825,"116769,117587","10-129-09,10-418-09",3.04600501422701,0.000334478640169987,-0.00521066622513493,0.55420489190931,3.02549391064238e-13,4.11767544524701e-05,0.312344335761386,0.00153230009974805,0.294357817336015,7.32331135918043e-05,0.00509687689519598,0.163756586893599,10.3479671163275,4.56731420753657,-1.02232530474617,3.38432121982003,0.0366727788564027
"Bcell","cg06568724","LM32","CpG ~ as.numeric(LM) +Age + Gender",47,-166.814527277447,0.0851063829787234,0.708584159425825,"116769,117587","10-129-09,10-418-09",3.42143496876122,0.000169121681239973,-0.00736421316262287,0.30364665195191,1.14714649106718e-29,1.00143269078049e-06,0.000905833921047292,4.00906895696423e-05,0.119286848662759,2.96773070856012e-05,0.0020654806736657,0.0663614351237301,28.6824155983372,5.69868690417762,-3.56537500278483,4.57564926656218,0.00165054205621783
"Bcell","cg08810073","LM32","CpG ~ as.numeric(LM) +Age + Gender",47,7.26389208645676,0.0851063829787234,0.708584159425825,"116769,117587","10-129-09,10-418-09",3.35046043714671,0.00155422501183319,-0.0216228484153901,0.539105189703766,6.84501294371879e-05,2.32570408274587e-10,0.107688372168502,0.209177716047392,0.760084159882791,0.000189100904891161,0.0131610413067058,0.422848589178833,4.40801244649456,8.21902471977985,-1.64294358717443,1.27493671139048,2.03944867189457e-06
"Bcell","cg13076269","LM32","CpG ~ as.numeric(LM) +Age + Gender",47,13.0971457019473,0.0851063829787234,0.708584159425825,"116769,117587","10-129-09,10-418-09",3.14372869005244,0.00146472758227758,-0.0115399082730486,0.726806997939906,0.000346056569630787,5.0758464149498e-09,0.414450140120282,0.113535889702833,0.808746124114372,0.000201207487235138,0.014003635002404,0.449920121527524,3.88716384080977,7.27968726415159,-0.824065199576221,1.61541341043455,1.82650593219502e-05
"Bcell","cg03130103","LM32","CpG ~ as.numeric(LM) +Age + Gender",47,-108.885044382152,0.0851063829787234,0.708584159425825,"116769,117587","10-129-09,10-418-09",-3.05662899532856,-0.000289257990233441,-0.000361202181402698,-0.223972017119645,1.94427038287617e-17,4.26263021227621e-06,0.925210353012928,0.0753589921619435,0.220920339133628,5.49626452490121e-05,0.00382528917492174,0.122901987245688,-13.8358876657332,-5.2628105674852,-0.0944248042136806,-1.8223628611628,0.00572812917887204
"Bcell","cg07506055","LM32","CpG ~ as.numeric(LM) +Age + Gender",47,-113.994773365264,0.0851063829787234,0.708584159425825,"116769,117587","10-129-09,10-418-09",1.48636109276869,-0.000314935216010591,0.00214743682928624,-0.0286412907722603,9.10369040658184e-09,3.09178425521197e-07,0.556460123671778,0.806806399389043,0.209231932417107,5.20546932043717e-05,0.00362290158190911,0.116399514821329,7.10389220038177,-6.05008303044118,0.592739488152099,-0.246060224703032,0.000607691083805664
"Bcell","cg20000847","LM32","CpG ~ as.numeric(LM) +Age + Gender",47,-35.3595938918576,0.0851063829787234,0.708584159425825,"116769,117587","10-129-09,10-418-09",4.16794430067685,0.00116229155293228,-0.0196861721594887,0.477275992995875,6.20121995889916e-11,2.34681587322504e-12,0.0232139015111134,0.0827625500337987,0.482986075305895,0.000120161830374493,0.00836302086422222,0.268693904327138,8.62953305234964,9.67271844403423,-2.35395468684145,1.77628143143429,1.60521032320656e-07
"Bcell","cg12841920","LM32","CpG ~ as.numeric(LM) +Age + Gender",47,-44.9784015801715,0.0851063829787234,0.708584159425825,"116769,117587","10-129-09,10-418-09",2.97060280421474,0.000515242883175378,0.0019193207207209,-0.137594804367898,2.40040001266651e-08,2.28605995506683e-05,0.800530627745566,0.573485140882815,0.436007777842198,0.000108474126526013,0.00754958026636294,0.242559026305721,6.8131876429275,4.7499150228402,0.25422879855618,-0.567263179043579,0.0234782819664555
"Bcell","cg01152540","LM32","CpG ~ as.numeric(LM) +Age + Gender",47,-65.293293455708,0.0851063829787234,0.708584159425825,"116769,117587","10-129-09,10-418-09",3.76496058541746,0.000440996366199991,-0.00452460265834779,0.389784655324512,1.00845650301611e-13,8.69918525758024e-06,0.460981775330901,0.0524454949294831,0.351266154574373,8.7391306375725e-05,0.00608225853662563,0.195415725951916,10.718256047126,5.04622695882354,-0.743901731750125,1.99464323265581,0.0104076893293143
"Bcell","cg22026192","LM32","CpG ~ as.numeric(LM) +Age + Gender",47,-101.372951102051,0.0851063829787234,0.708584159425825,"116769,117587","10-129-09,10-418-09",3.6667170166541,0.000315726025355289,-0.00511381215421632,0.333103216414879,4.98082064940152e-19,3.72998466549769e-06,0.223843919632303,0.0162272513021588,0.239300017031698,5.95353148369024e-05,0.00414353774894511,0.133126935059307,15.3226776250852,5.30317217974279,-1.23416569705881,2.50214741492009,0.00513338201464204
"Bcell","cg05616303","LM32","CpG ~ as.numeric(LM) +Age + Gender",47,-40.2877101444088,0.0851063829787234,0.708584159425825,"116769,117587","10-129-09,10-418-09",3.88613074248866,0.000519179079724852,-0.019121554293219,0.557736425250401,1.00443555552494e-10,4.30783312241167e-05,0.0203272473239444,0.0341935911352488,0.458316986509198,0.000114024421834082,0.00793586961731006,0.254970043280462,8.47913312593459,4.55322703131362,-2.40950963351392,2.187458644453,0.0379219603161386
"Bcell","cg09584060","LM32","CpG ~ as.numeric(LM) +Age + Gender",47,16.334966403271,0.0851063829787234,0.708584159425825,"116769,117587","10-129-09,10-418-09",1.92371764797546,0.00167464892289548,-0.0155793822095659,0.740671328616279,0.0264820363552859,4.14495131760534e-10,0.288433724717935,0.119050636549148,0.837088629560247,0.00020825880300986,0.0144943923482303,0.465687570810285,2.29810509908139,8.04119153040651,-1.07485583633095,1.59048979410708,3.0816586700929e-06
"Bcell","cg26262962","LM32","CpG ~ as.numeric(LM) +Age + Gender",47,-168.699886265733,0.0851063829787234,0.708584159425825,"116769,117587","10-129-09,10-418-09",3.67077039935806,0.000141808494194877,-0.00828753193230083,0.0810085808531843,2.7975395917738e-31,1.5219814738725e-05,0.000183536547342956,0.219710907404675,0.116918145048664,2.90879986636057e-05,0.00202446599693141,0.0650436823875629,31.3960711387458,4.87515472737921,-4.09368788849142,1.24544887189035,0.0168724103439452
"Bcell","cg12327749","LM32","CpG ~ as.numeric(LM) +Age + Gender",47,53.5521383736411,0.0851063829787234,0.708584159425825,"116769,117587","10-129-09,10-418-09",4.33976230386543,0.00147175989585174,-0.0289455381230676,1.80141803979976,0.0011312062633707,2.23805443937592e-05,0.18596407080436,0.0126122016379965,1.24371396579594,0.000309422888636508,0.0215352085222922,0.691900612505753,3.48935721815114,4.75646744278404,-1.34410298804883,2.60357919510409,0.0230892616328949
"Bcell","cg09621610","LM32","CpG ~ as.numeric(LM) +Age + Gender",47,26.6611306334578,0.0851063829787234,0.708584159425825,"116769,117587","10-129-09,10-418-09",4.53040080131601,0.00127966007069962,-0.0205645526098865,1.0053559951905,1.65699584615148e-05,1.90734577918509e-06,0.210494353670233,0.0596779421339474,0.934286153405069,0.000232440519564866,0.0161773910130472,0.519760314328314,4.84905056636519,5.5053227083435,-1.27119092277,1.93426848390632,0.00289914439163046
"Bcell","cg25206996","LM32","CpG ~ as.numeric(LM) +Age + Gender",47,50.8168942877076,0.0851063829787234,0.708584159425825,"116769,117587","10-129-09,10-418-09",6.79931442860281,0.00145990018067096,-0.0641711645854193,0.0361575940518238,1.26619755312694e-06,1.61233369763244e-05,0.00372338971584044,0.95734263384364,1.20804541681479,0.000300548930666473,0.0209175989584204,0.672057552472692,5.62835993909095,4.85744593212692,-3.06780738616212,0.05380133579154,0.017588966308008
"Bcell","cg00321286","LM32","CpG ~ as.numeric(LM) +Age + Gender",47,13.3985929575374,0.0851063829787234,0.708584159425825,"116769,117587","10-129-09,10-418-09",3.83709219490198,0.000953925110814575,-0.00614432466678096,0.454049949862109,2.44376391083804e-05,2.47144473294683e-05,0.664037987263848,0.320068071256215,0.811343843561318,0.00020185377237565,0.0140486151437475,0.451365279920765,4.72930462879884,4.72582255752605,-0.43736159072701,1.00594788757747,0.0248231400897499
"Bcell","cg18472279","LM32","CpG ~ as.numeric(LM) +Age + Gender",47,-144.267832075913,0.0851063829787234,0.708584159425825,"116769,117587","10-129-09,10-418-09",2.2380876907161,-0.000222853561709428,0.00336052509853065,-0.0454513017544826,1.93091341518839e-18,4.9784395527514e-07,0.207400791478328,0.592774900878237,0.151621842870521,3.77219118636841e-05,0.00262536892931107,0.0843499782397533,14.7609846203184,-5.90780134672801,1.28002013774594,-0.538841890691347,0.000908060736502452
"Bcell","cg04255179","LM32","CpG ~ as.numeric(LM) +Age + Gender",47,-102.445473170137,0.0851063829787234,0.708584159425825,"116769,117587","10-129-09,10-418-09",3.11362531013661,-0.000383411620913607,-0.00131199942552608,-0.152325276503686,1.11808436993843e-16,6.53265857114234e-08,0.750314105892941,0.253521790644918,0.236585166900875,5.88598888203128e-05,0.00409652946144339,0.131616614744478,13.1606953678595,-6.51397120514592,-0.320270960547127,-1.15734078709904,0.000156234468509388
"Bcell","cg00890249","LM32","CpG ~ as.numeric(LM) +Age + Gender",47,-40.3781461780021,0.0851063829787234,0.708584159425825,"116769,117587","10-129-09,10-418-09",2.85682650741629,0.000602499301795531,-0.0107283069965701,0.305496022548437,1.64000424043624e-07,3.90857753390352e-06,0.183070898501314,0.236971573630839,0.457876258441713,0.000113914773349387,0.00792823830408536,0.254724858271507,6.23929818317924,5.28903568940626,-1.3531766560349,1.19931766621228,0.00533622253553361
"Bcell","cg10070352","LM32","CpG ~ as.numeric(LM) +Age + Gender",47,-8.83049513017708,0.0851063829787234,0.708584159425825,"116769,117587","10-129-09,10-418-09",4.13054813585014,0.00141652767481707,-0.0109271836287315,0.60868262158574,8.11628440509992e-08,2.70781294775285e-11,0.329979731333868,0.0947908390418544,0.640476402632365,0.000159343759140952,0.0110900040231265,0.356308626793634,6.44918082676198,8.88975936336513,-0.985318274542057,1.70830166831261,5.61251671878246e-07
"Bcell","cg20632208","LM32","CpG ~ as.numeric(LM) +Age + Gender",47,-55.5247666105787,0.0851063829787234,0.708584159425825,"116769,117587","10-129-09,10-418-09",-4.68567887687074,-0.000453882478448722,0.00856746163366735,-0.399801152652813,2.42171326020906e-15,2.85608727759704e-05,0.211067530928449,0.0720858849293712,0.389734099177484,9.69617243869004e-05,0.0067483403136537,0.216816140488305,-12.0227583030575,-4.68104792193694,1.26956573549397,-1.84396397681646,0.0278283392797719
"Bcell","cg23368410","LM32","CpG ~ as.numeric(LM) +Age + Gender",47,10.6893830618915,0.0851063829787234,0.708584159425825,"116769,117587","10-129-09,10-418-09",2.63369044873609,0.00156913198013859,-0.0112493131573383,0.355781318074514,0.00173447259119712,4.72651470083774e-10,0.414399079911885,0.421671696226683,0.788293558927311,0.00019611910520016,0.0136494938829567,0.438541988958928,3.34100211641961,8.00091341706419,-0.824156064232138,0.811282219335751,3.23291242279951e-06
"Bcell","cg05098125","LM32","CpG ~ as.numeric(LM) +Age + Gender",47,39.8957129220955,0.0851063829787234,0.708584159425825,"116769,117587","10-129-09,10-418-09",7.52320356932841,0.00157421889054806,-0.0692171336912115,0.704993134952279,1.3091482828833e-08,5.40705533989721e-07,0.000578538839986382,0.245178086344284,1.07553790698385,0.000267582462824585,0.0186231993348279,0.5983412240121,6.99482883911162,5.88311683034345,-3.71671550342944,1.17824596845432,0.000968167229636909
"Bcell","cg13697552","LM32","CpG ~ as.numeric(LM) +Age + Gender",47,3.54482609928381,0.0851063829787234,0.708584159425825,"116769,117587","10-129-09,10-418-09",-4.1823986057084,-0.00144689304321534,0.0244451589362913,-0.596794585286204,9.18396231708126e-07,5.39765762048236e-10,0.059921457479601,0.149293297025523,0.730598917030806,0.000181765288128531,0.0126504971859428,0.406445414373191,-5.72461648684876,-7.96022748959747,1.93234768380919,-1.46832653089853,3.50665661381699e-06
"Bcell","cg22136581","LM32","CpG ~ as.numeric(LM) +Age + Gender",47,8.94742822910578,0.0851063829787234,0.708584159425825,"116769,117587","10-129-09,10-418-09",3.89888814770335,0.00143531190391769,-0.0207982391554894,1.03989053940115,8.92264348119739e-06,2.8357651532357e-09,0.127935319041503,0.0200314825284462,0.773819871853408,0.000192518204843009,0.0133988784860126,0.430490014608667,5.03849576564241,7.45546066715162,-1.55223731427978,2.41559735211617,1.19097914098049e-05
"Bcell","cg10587573","LM32","CpG ~ as.numeric(LM) +Age + Gender",47,-63.0742045169561,0.0851063829787234,0.708584159425825,"116769,117587","10-129-09,10-418-09",4.84389936198943,0.000408258335056554,-0.0195533038811359,0.181972063217073,5.00756672929995e-17,4.18010769900392e-05,0.00305376186096934,0.368167123197957,0.359657266472028,8.94789263218297e-05,0.00622755267130575,0.200083853528884,13.4680981410566,4.56261995800181,-3.13980546021397,0.909479000966982,0.0370359166525931
"Bcell","cg11584989","LM32","CpG ~ as.numeric(LM) +Age + Gender",47,-161.332583503615,0.0851063829787234,0.708584159425825,"116769,117587","10-129-09,10-418-09",2.10011147702083,0.000140272679929302,-0.00417506219119874,0.016908006222131,2.54470235870014e-20,5.82375165059615e-05,0.0632369029364802,0.811198986172594,0.126450336757976,3.14595072056398e-05,0.0021895182048988,0.0703466133375859,16.6081920449165,4.45883271509591,-1.90684059253652,0.240352810461411,0.0474781526847379
"Bcell","cg02747390","LM32","CpG ~ as.numeric(LM) +Age + Gender",47,-79.2157078291627,0.0851063829787234,0.708584159425825,"116769,117587","10-129-09,10-418-09",4.74143300958368,0.000443463095871795,-0.0271497927297108,0.307922414332822,2.28158246701436e-19,5.38126776429745e-07,5.67011066823765e-06,0.0746028307421883,0.30290929978493,7.53606320359461e-05,0.00524494788480995,0.168513931513791,15.6529793339134,5.88454586819639,-5.17637035218981,1.82728164708223,0.000966078804315127
"Bcell","cg12373229","LM32","CpG ~ as.numeric(LM) +Age + Gender",47,4.1636771243273,0.0851063829787234,0.708584159425825,"116769,117587","10-129-09,10-418-09",2.82186959072754,0.00084184497972295,-0.00359601535094127,0.336860275443243,0.000402863596046918,3.6945151663727e-05,0.778996626309601,0.414848020146887,0.735424698628728,0.000182965891581594,0.0127340567630259,0.409130084108554,3.83706121916927,4.60110336656669,-0.28239353867045,0.823357383207889,0.0336488668604939
"Bcell","cg01628140","LM32","CpG ~ as.numeric(LM) +Age + Gender",47,9.85619130925373,0.0851063829787234,0.708584159425825,"116769,117587","10-129-09,10-418-09",4.51258831473117,0.00143436121112227,-0.0255386023223564,0.495869131014146,7.74937118780362e-07,3.65403976844749e-09,0.065828519415405,0.260271657489742,0.781337203376742,0.000194388437467839,0.0135290429018979,0.434672042332441,5.77546838321394,7.37884017077702,-1.88768728930365,1.14078910700887,1.41205928328771e-05
"Bcell","cg26364911","LM32","CpG ~ as.numeric(LM) +Age + Gender",47,20.1596753697978,0.0851063829787234,0.708584159425825,"116769,117587","10-129-09,10-418-09",-1.70881907350085,-0.00159224881100746,-0.00262606902340794,-0.430387666300964,0.0564980190534329,4.14630091577329e-09,0.862717697674559,0.379827524035328,0.871850834307869,0.00021690727211465,0.0150963083421988,0.485026415125294,-1.95999017980802,-7.34068892888866,-0.173954384335624,-0.887348921377374,1.54975360376194e-05
"Bcell","cg16394080","LM32","CpG ~ as.numeric(LM) +Age + Gender",47,-57.5124339914596,0.0851063829787234,0.708584159425825,"116769,117587","10-129-09,10-418-09",3.69455480718498,-0.0004912866272933,-0.0041740843422368,-0.708273516533299,2.27889925751564e-12,5.69408287170642e-06,0.530892577750913,0.00175682209621243,0.381579536245317,9.4932955323087e-05,0.0066071420815988,0.21227960938658,9.68226662136765,-5.17509041640278,-0.631753380007042,-3.3365122471253,0.00734853625251478
"Bcell","cg19722888","LM32","CpG ~ as.numeric(LM) +Age + Gender",47,-74.4936802260324,0.0851063829787234,0.708584159425825,"116769,117587","10-129-09,10-418-09",3.73471293916481,0.0004066660559609,-0.00887364981906524,0.205945016228975,5.55745967526182e-15,6.56488625218564e-06,0.114943955407074,0.251544874292383,0.318514422403226,7.92430215972711e-05,0.00551515436221803,0.177195343956496,11.725412340785,5.13188477374902,-1.60895765309033,1.16224846336559,0.00823917315974994
"Bcell","cg16108558","LM32","CpG ~ as.numeric(LM) +Age + Gender",47,-108.313972749055,0.0851063829787234,0.708584159425825,"116769,117587","10-129-09,10-418-09",2.65104545389101,-0.000410088598149808,0.00272066611666464,-0.165896287250973,3.157696558487e-15,3.23077050009209e-09,0.48342743438398,0.186752105168533,0.222266566215403,5.52975723173408e-05,0.00384859942287399,0.123650917761922,11.9273244691324,-7.416032584512,0.70692369293995,-1.3416502704039,1.30759222971035e-05
"Bcell","cg19985030","LM32","CpG ~ as.numeric(LM) +Age + Gender",47,-87.9169202155563,0.0851063829787234,0.708584159425825,"116769,117587","10-129-09,10-418-09",1.99062407211001,-0.000457394822486355,0.00342613894947665,0.0515539117095703,6.41754848709019e-09,4.03250289785332e-08,0.477507396850721,0.738801711959312,0.276128774405201,6.86979203915562e-05,0.00478123660211167,0.153615440041435,7.20904250706194,-6.65805922332656,0.716580088917472,0.335603710770639,0.000104477720440045
"Bcell","cg15328302","LM32","CpG ~ as.numeric(LM) +Age + Gender",47,5.29972240444096,0.0851063829787234,0.708584159425825,"116769,117587","10-129-09,10-418-09",4.21304965952278,0.00137648274940776,-0.0185120619118305,0.541994009994955,1.13974637096648e-06,3.05652329062914e-09,0.158158419559146,0.197542799658106,0.744366664221846,0.000185190558104608,0.0128888890628496,0.414104661576553,5.65991179082028,7.43279119354577,-1.43628064618765,1.30883339475463,1.25942569167101e-05
"Bcell","cg14443256","LM32","CpG ~ as.numeric(LM) +Age + Gender",47,-100.750471994554,0.0851063829787234,0.708584159425825,"116769,117587","10-129-09,10-418-09",-4.26102481621074,-0.000268877969452541,0.0102600121456287,-0.362447892631947,2.37479456974462e-21,5.33269327303483e-05,0.0179977754474922,0.00975950918919544,0.240889948568397,5.99308729976606e-05,0.00417106779855508,0.134011442779199,-17.6886783426785,-4.48646842609879,2.45980469298123,-2.70460406302115,0.0445619872381953
"Bcell","cg19092130","LM32","CpG ~ as.numeric(LM) +Age + Gender",47,6.3442528979613,0.0851063829787234,0.708584159425825,"116769,117587","10-129-09,10-418-09",1.97300848952609,0.0016376318665973,-0.0099875568522065,0.331828717962677,0.01206223415637,4.28619948196936e-11,0.447664572383,0.432442392650211,0.752684213167197,0.00018725987636574,0.013032909437195,0.418731864750357,2.6212964946135,8.74523629076214,-0.766333634123379,0.792461109116952,7.92361895856657e-07
"Bcell","cg07016095","LM32","CpG ~ as.numeric(LM) +Age + Gender",47,17.3891142837783,0.0851063829787234,0.708584159425825,"116769,117587","10-129-09,10-418-09",3.12656026516641,0.00155140998775183,-0.0220842024187894,0.846602295825411,0.000620245510849418,3.80824490162973e-09,0.139213139084579,0.0792505277569229,0.846528859389366,0.000210607432408139,0.0146578522139706,0.470939341700212,3.69338886735854,7.36635915462534,-1.50664654660255,1.79768862114802,1.45520696731298e-05
"Bcell","cg13078567","LM32","CpG ~ as.numeric(LM) +Age + Gender",47,7.74806580657998,0.0851063829787234,0.708584159425825,"116769,117587","10-129-09,10-418-09",3.00079098156444,0.00151366069554234,-0.0166436118580554,0.4172349845861,0.000305855646778167,5.34221262114915e-10,0.215139140506863,0.331761082974617,0.764009289477096,0.000190077435645614,0.013229005876225,0.425032209886771,3.92768913008669,7.96338971220368,-1.25811508542506,0.981654977859798,3.50665661381699e-06
"Bcell","cg21585975","LM32","CpG ~ as.numeric(LM) +Age + Gender",47,-10.4004433864047,0.0851063829787234,0.708584159425825,"116769,117587","10-129-09,10-418-09",2.77452091764809,0.000931474697427002,-0.0122865925431283,0.0501140244061129,6.91246820874339e-05,4.40828180783501e-07,0.26617775212961,0.886945182510046,0.629868269418083,0.00015670456772518,0.0109063216274274,0.350407130090726,4.4049225089738,5.94414515766109,-1.12655696052735,0.143016565881914,0.000819359433464703
"Bcell","cg24349193","LM32","CpG ~ as.numeric(LM) +Age + Gender",47,80.9620231659711,0.0851063829787234,0.708584159425825,"116769,117587","10-129-09,10-418-09",3.13802481903729,0.00187689809910955,-0.0117435851639951,0.894101788970344,0.0662073197354377,4.61684050461642e-05,0.685740368925801,0.339745002103588,1.66478594884204,0.000414181147288567,0.0288261718845874,0.926150585562994,1.88494191774022,4.53158747421665,-0.407393156851123,0.965395695805593,0.0399232632717018
"Bcell","cg03820867","LM32","CpG ~ as.numeric(LM) +Age + Gender",47,16.1708886843686,0.0851063829787234,0.708584159425825,"116769,117587","10-129-09,10-418-09",-4.87734477020089,-0.00113443527445751,0.0136467801609736,-0.168139460219371,6.3143544857604e-07,2.24151272186996e-06,0.350865193316834,0.719357144308862,0.835628759433277,0.000207895602753093,0.0144691143434282,0.464875418609049,-5.83673636784437,-5.45675454138789,0.943166239277931,-0.361687139153238,0.00334026905053473
"Bcell","cg24525828","LM32","CpG ~ as.numeric(LM) +Age + Gender",47,-84.3476062954166,0.0851063829787234,0.708584159425825,"116769,117587","10-129-09,10-418-09",-3.7722207899969,0.000387804829391365,-0.00895882154699133,0.573379686224671,1.14371052354323e-16,2.41153789685084e-06,0.0782503816951322,0.000833933952189575,0.286815386313268,7.13566364768221e-05,0.00496627787539974,0.159560595863555,-13.1520865685942,5.43474088100174,-1.80393078513961,3.59349175854787,0.00353120267265468
"Bcell","cg06701531","LM32","CpG ~ as.numeric(LM) +Age + Gender",47,43.1852872192619,0.0851063829787234,0.708584159425825,"116769,117587","10-129-09,10-418-09",4.21362594664496,0.00146210310625159,-0.0216108244453787,1.11624908915152,0.000474307390787727,4.07794070614746e-06,0.268712608126129,0.0786521336714682,1.11384320970076,0.000277112417253598,0.0192864649282075,0.619651157920486,3.78296147065165,5.27620927543481,-1.12051765452215,1.80141532035152,0.00551243291166271
"Bcell","cg09629734","LM32","CpG ~ as.numeric(LM) +Age + Gender",47,53.4980834725932,0.0851063829787234,0.708584159425825,"116769,117587","10-129-09,10-418-09",2.26968392266338,0.00161529888260061,0.00187523190778021,0.569064128947361,0.0748032109052582,4.85588464389846e-06,0.930974583203721,0.415083746702945,1.24299897101918,0.000309245005493544,0.0215228282145742,0.691502847957327,1.82597409618318,5.22336288025944,0.0871275786381271,0.822938228856692,0.00641197068919561
"Bcell","cg26011615","LM32","CpG ~ as.numeric(LM) +Age + Gender",47,62.5485392701001,0.0851063829787234,0.708584159425825,"116769,117587","10-129-09,10-418-09",2.68065549669687,0.00159014551798906,-0.0191657762977483,1.92434167908263,0.0566606261044682,2.95942287801039e-05,0.423113072531232,0.0152483196947162,1.3686275225844,0.000340500061229493,0.0236981170098391,0.761392287303258,1.95864503121708,4.67003005006017,-0.808746800000647,2.52739843990063,0.0286158326067412
"Bcell","cg13487102","LM32","CpG ~ as.numeric(LM) +Age + Gender",47,-77.3209312011746,0.0851063829787234,0.708584159425825,"116769,117587","10-129-09,10-418-09",-4.7663927769046,0.000716047116978094,-0.00226144543996,0.135426876064143,3.93960347142205e-19,7.17575142255826e-12,0.674720248614844,0.435241182437343,0.30907705607614,7.68951046080306e-05,0.00535174407870883,0.17194516608463,-15.4213736775415,9.31199873682613,-0.422562328598045,0.787616652145297,2.49587227052744e-07
"Bcell","cg17640165","LM32","CpG ~ as.numeric(LM) +Age + Gender",47,-5.21687650690308,0.0851063829787234,0.708584159425825,"116769,117587","10-129-09,10-418-09",3.89335398538918,0.00139417099183159,-0.0160474600492103,0.567273493165511,6.04874251261149e-07,1.21695609122748e-10,0.170945875574622,0.132836974447805,0.665577463404156,0.000165588637742823,0.0115246349694031,0.370272801676426,5.84958806368874,8.4194846387763,-1.39244844559632,1.53204202576359,1.36457685511334e-06
"Bcell","cg22705372","LM32","CpG ~ as.numeric(LM) +Age + Gender",47,24.1440339453115,0.0851063829787234,0.708584159425825,"116769,117587","10-129-09,10-418-09",5.17003753247452,0.00146276676161243,-0.0379041206155796,0.974989956036344,1.05223950646076e-06,7.72649625799292e-08,0.0204690678046718,0.0606354038228713,0.909600180667442,0.000226298910478415,0.0157499474166088,0.5060270604394,5.68385719611541,6.46387010224668,-2.40661886754037,1.926754579468,0.000178543405675198
"Bcell","cg11012953","LM32","CpG ~ as.numeric(LM) +Age + Gender",47,-45.3008645690826,0.0851063829787234,0.708584159425825,"116769,117587","10-129-09,10-418-09",-4.19615826920122,-0.000623911435913478,0.00575969931904554,-0.534209947621455,2.46223936109498e-12,7.85353012963678e-07,0.448132931153273,0.0324808814893424,0.434514634312131,0.000108102648198256,0.00752372612452806,0.241728363507501,-9.6571160965477,-5.77147226559382,0.765538142100677,-2.20995972450241,0.00133959484813489
"Bcell","cg25012529","LM32","CpG ~ as.numeric(LM) +Age + Gender",47,70.0301298294937,0.0851063829787234,0.708584159425825,"116769,117587","10-129-09,10-418-09",0.825445733930853,0.00166936541105113,0.0143205825111948,1.67736461537139,0.580430918128263,4.67609703067677e-05,0.579697750717096,0.0481000915560686,1.48201080592078,0.000368708623662561,0.0256613760201442,0.824469462076438,0.556976865912932,4.52760066870289,0.558059805520685,2.03447755499266,0.0402824557745309
"Bcell","cg10512472","LM32","CpG ~ as.numeric(LM) +Age + Gender",47,-6.78445266920624,0.0851063829787234,0.708584159425825,"116769,117587","10-129-09,10-418-09",4.26124672667124,0.00133703739461024,-0.016217468107765,0.62263729032011,6.62029544355762e-08,2.39293607009844e-10,0.159696891386416,0.0945031951230443,0.654570102250821,0.000162850122635654,0.0113340398452536,0.364149207237901,6.50999291293387,8.21023265424006,-1.43086386929868,1.70984112540807,2.07184342692023e-06
"Bcell","ch.1.4129839F","LM32","CpG ~ as.numeric(LM) +Age + Gender",47,29.2357873819567,0.0851063829787234,0.708584159425825,"116769,117587","10-129-09,10-418-09",-5.5708314943869,-0.00139506941345765,0.019579227191218,-1.18675137672469,7.10230695187137e-07,6.25261583401647e-07,0.245439352437063,0.0316267554044904,0.960229896017752,0.000238895048501607,0.0166266131994807,0.534193288386718,-5.80156014459678,-5.83967487902233,1.17758360986165,-2.22157672611111,0.00109660460702259
"Bcell","cg16354201","LM32","CpG ~ as.numeric(LM) +Age + Gender",47,-18.0245113188266,0.0851063829787234,0.708584159425825,"116769,117587","10-129-09,10-418-09",-2.81912213810327,-0.000666484850176546,-0.0187741079073198,-0.237079693666277,1.63118706285512e-05,3.56206983938926e-05,0.0687528528388709,0.46708553183684,0.58079833437573,0.000144496486555734,0.0100566638183378,0.323108636188478,-4.85387435060983,-4.6124640540618,-1.86683260437585,-0.733746075199248,0.0327478220402293
"Bcell","cg20191103","LM32","CpG ~ as.numeric(LM) +Age + Gender",47,-4.35993635337735,0.0851063829787234,0.708584159425825,"116769,117587","10-129-09,10-418-09",4.00081043760013,0.000798629107285991,-0.0197077100013843,0.401165623669542,4.22987866001169e-07,2.07906132076042e-05,0.0973960846876736,0.288989820181936,0.671672865348956,0.000167105109318306,0.011630178330271,0.373663784213458,5.95648662317418,4.77920220718531,-1.69453205632189,1.07360049493149,0.0216448637457157
"Bcell","ch.2.1353441R","LM32","CpG ~ as.numeric(LM) +Age + Gender",47,55.0188479823261,0.0851063829787234,0.708584159425825,"116769,117587","10-129-09,10-418-09",-5.26544249812856,-0.00140928491759974,0.0313581042965824,-0.796181651811172,0.000145632813340896,5.37408252254047e-05,0.158921784617488,0.263533318314402,1.26327218964364,0.000314288767999439,0.0218738639048555,0.702781206783787,-4.16809816704181,-4.48404480557911,1.43358779376978,-1.13290117055751,0.0445619872381953
"Bcell","cg09098411","LM32","CpG ~ as.numeric(LM) +Age + Gender",47,46.7648891356153,0.0851063829787234,0.708584159425825,"116769,117587","10-129-09,10-418-09",3.14669027295807,0.00137783462113312,0.00754965327247333,0.142767615013206,0.00939282843512261,2.03153253539864e-05,0.708159232103192,0.825526488073694,1.15707730118193,0.000287868602229873,0.0200350736927018,0.643703066317129,2.71951603384128,4.78633171683265,0.376821836958026,0.221791105998662,0.0212146274282442
"Bcell","cg10202638","LM32","CpG ~ as.numeric(LM) +Age + Gender",47,7.82535407554797,0.0851063829787234,0.708584159425825,"116769,117587","10-129-09,10-418-09",3.66236382509493,0.00135106655968456,-0.00893450448768205,0.472278459656255,2.00963508090388e-05,9.15700026422284e-09,0.503404295286416,0.273063216146457,0.764637728174976,0.000190233784551051,0.0132398874444751,0.425381821720315,4.78967188008915,7.10213783988502,-0.674817253934465,1.11024598499833,3.04045747365393e-05
"Bcell","cg10035922","LM32","CpG ~ as.numeric(LM) +Age + Gender",47,-84.9468081901033,0.0851063829787234,0.708584159425825,"116769,117587","10-129-09,10-418-09",-4.26935291537255,-0.000444125659787486,0.00271280359112136,-0.238476910911071,1.13219133113906e-18,1.51055571638984e-07,0.585343274277305,0.139854741332693,0.28499289988618,7.09032211174396e-05,0.00493472108154218,0.158546713644761,-14.9805588738443,-6.26382910096375,0.549737978356734,-1.50414288274307,0.000323703182898952
"Bcell","cg20619667","LM32","CpG ~ as.numeric(LM) +Age + Gender",47,15.2581933744175,0.0851063829787234,0.708584159425825,"116769,117587","10-129-09,10-418-09",5.25226585995463,0.00136012076119679,-0.0284898419844597,0.389269888490012,1.14409405066455e-07,4.79754630122491e-08,0.0531768697812374,0.402493392929276,0.827554463678882,0.000205886803314686,0.0143293059569957,0.460383541592581,6.34673135180222,6.60615804072654,-1.98822204438665,0.845533893638836,0.000121088475361857
"Bcell","cg13583081","LM32","CpG ~ as.numeric(LM) +Age + Gender",47,7.66988431390282,0.0851063829787234,0.708584159425825,"116769,117587","10-129-09,10-418-09",4.08658605828473,0.00152328459434636,-0.0196794977913341,-0.0864767417777801,3.15928207023045e-06,4.43135132922482e-10,0.143827687815168,0.839604397314181,0.763374113373684,0.000189919410544895,0.0132180076481665,0.424678849912464,5.35332019607571,8.02068935437363,-1.4888399458646,-0.203628557898763,3.19054963414014e-06
"Bcell","cg25651662","LM32","CpG ~ as.numeric(LM) +Age + Gender",47,-57.922266011758,0.0851063829787234,0.708584159425825,"116769,117587","10-129-09,10-418-09",3.11567610112133,0.000631093296807168,-0.006429843382703,0.590636667385907,2.46657113840144e-10,3.78706495472743e-08,0.333829515782263,0.00773421363984723,0.379919503290734,9.45199566705309e-05,0.00657839820896089,0.211356102977837,8.20088485622455,6.67682592160909,-0.977417781420478,2.79450964066953,9.96282112964919e-05
"Bcell","cg24033422","LM32","CpG ~ as.numeric(LM) +Age + Gender",47,-96.7566001498201,0.0851063829787234,0.708584159425825,"116769,117587","10-129-09,10-418-09",3.51176475069621,0.00028834265101456,-0.000235024137657371,-0.164840531547429,1.37600462238819e-17,3.57754681899649e-05,0.957183389008833,0.244927947402527,0.251345423576944,6.25320846654425e-05,0.00435210688045089,0.139828012956429,13.9718666873644,4.61111527877637,-0.0540023818608568,-1.17888059811587,0.032801932124122
"Bcell","cg07485769","LM32","CpG ~ as.numeric(LM) +Age + Gender",47,-55.071154811033,0.0851063829787234,0.708584159425825,"116769,117587","10-129-09,10-418-09",3.08275370374049,0.000481916176013576,0.00851921913574921,0.388637445540454,7.20676176776341e-10,1.20690063846953e-05,0.215775669282688,0.0815069381386912,0.391619367604866,9.74307592443503e-05,0.00678098419305098,0.217864949471332,7.87181114814247,4.94624264196649,1.25633962463436,1.78384566440594,0.0138954853082284
"Bcell","cg03466367","LM32","CpG ~ as.numeric(LM) +Age + Gender",47,10.0981968278764,0.0851063829787234,0.708584159425825,"116769,117587","10-129-09,10-418-09",3.55743295478731,0.00141393201723151,-0.0137090907381373,0.0381275801108414,4.47555886010529e-05,5.50842135964407e-09,0.317812398297509,0.930688046344169,0.783351368590506,0.000194889540483303,0.0135639186603678,0.435792558933056,4.54129921441031,7.25504310659839,-1.01070281246921,0.0874902045234285,1.95219309217085e-05
"Bcell","cg14149701","LM32","CpG ~ as.numeric(LM) +Age + Gender",47,-110.1151726206,0.0851063829787234,0.708584159425825,"116769,117587","10-129-09,10-418-09",2.5785681531325,-0.000410711470800899,0.00129582381904647,-0.114677391664629,4.19440373716532e-15,1.93642782323929e-09,0.733109823684524,0.349751705582025,0.21804810629156,5.42480640773997e-05,0.00377555576765964,0.121304112077169,11.8256846940216,-7.57098852808658,0.343214058747626,-0.945371015878473,8.68742768201501e-06
"Bcell","cg10773323","LM32","CpG ~ as.numeric(LM) +Age + Gender",47,-67.9045896600166,0.0851063829787234,0.708584159425825,"116769,117587","10-129-09,10-418-09",4.60911101062601,0.000385598866802431,-0.0163123127673901,0.235726077934071,4.71835587826271e-17,4.5431369326e-05,0.00851555694570443,0.221604518824455,0.341642361877847,8.4997008476294e-05,0.00591562023538055,0.190061835713099,13.4910407049404,4.53661691999402,-2.75749830420625,1.24025992409072,0.0394972073404796
"Bcell","cg15583349","LM32","CpG ~ as.numeric(LM) +Age + Gender",47,-90.9200557655845,0.0851063829787234,0.708584159425825,"116769,117587","10-129-09,10-418-09",2.08844837070134,-0.000315653286157752,-0.00241730210456141,0.203728374834549,8.85758981160524e-10,2.33051308824574e-05,0.604353153789745,0.178022135468716,0.26744637536238,6.65378312826386e-05,0.00463089875996864,0.148785264148136,7.80884903701375,-4.74396715481939,-0.52199415920243,1.36927790531534,0.0238007643335832
"Bcell","cg22961265","LM32","CpG ~ as.numeric(LM) +Age + Gender",47,-45.4502369478138,0.0851063829787234,0.708584159425825,"116769,117587","10-129-09,10-418-09",-1.30292249762228,-0.000695651930247699,0.0144985654520457,0.0561291436459498,0.00443801737156686,8.22142955424925e-08,0.0602061550993832,0.817199902296773,0.43382470938649,0.000107931002169261,0.00751177990735352,0.241344545771461,-3.00333860527413,-6.44533930257365,1.93011052385236,0.232568519278247,0.000187447223598624
"Bcell","cg14560655","LM32","CpG ~ as.numeric(LM) +Age + Gender",47,8.55598168334268,0.0851063829787234,0.708584159425825,"116769,117587","10-129-09,10-418-09",3.65620483393064,0.00142202418715709,-0.015151786181578,1.08001349829034,2.32577780520831e-05,3.21763580542416e-09,0.262437313873607,0.0155574246222041,0.77060413478466,0.000191718163450638,0.0133431972198752,0.428701041815312,4.74459540105159,7.41726376657693,-1.13554389790544,2.51926959103499,1.30759222971035e-05
"Bcell","cg03036057","LM32","CpG ~ as.numeric(LM) +Age + Gender",47,8.29972707665546,0.0851063829787234,0.708584159425825,"116769,117587","10-129-09,10-418-09",3.91822218379684,0.00137985930479826,-0.00822974648481234,0.590269187812713,7.32709896781532e-06,6.25055017485447e-09,0.539535652833312,0.174525357486583,0.768506241806234,0.000191196229852329,0.0133068716948828,0.427533945942255,5.09849103448759,7.21697967509089,-0.618458393040426,1.38063700769257,2.17022592225867e-05
"Bcell","cg16554627","LM32","CpG ~ as.numeric(LM) +Age + Gender",47,-96.4977561454881,0.0851063829787234,0.708584159425825,"116769,117587","10-129-09,10-418-09",2.38425484117555,-0.000440642536775256,-0.000266892996370785,-0.0687778032354936,4.52937549878981e-12,1.17492296316762e-08,0.951518046413634,0.626258667672362,0.25203849712704,6.27045140389205e-05,0.0043641076168204,0.140213582329299,9.4598835826805,-7.02728573100415,-0.0611563737205083,-0.490521689075493,3.68642858803595e-05
"Bcell","cg12556416","LM32","CpG ~ as.numeric(LM) +Age + Gender",47,-51.7318895229816,0.0851063829787234,0.708584159425825,"116769,117587","10-129-09,10-418-09",3.44566404852945,0.000673322863791824,-0.0113127092869315,0.215851061864681,9.65512835639163e-11,3.87982998961392e-08,0.114699345187554,0.344327256857885,0.405781349240932,0.000100954110583293,0.00702620233484967,0.225743516439115,8.49143031086822,6.66959334197981,-1.61007451078102,0.956178344652032,0.000101289477623892
"Bcell","cg19955309","LM32","CpG ~ as.numeric(LM) +Age + Gender",47,25.2871920990612,0.0851063829787234,0.708584159425825,"116769,117587","10-129-09,10-418-09",2.99372370303958,0.00149363160996457,-0.00781773216960568,0.572519117967711,0.00223555484535103,6.39180875864479e-08,0.626368094510381,0.269890847574146,0.920729598881797,0.000229067792092224,0.0159426559883298,0.512218557432374,3.25146895100948,6.52047848509066,-0.49036573174058,1.11772427933422,0.000153402288837517
"Bcell","cg01969543","LM32","CpG ~ as.numeric(LM) +Age + Gender",47,20.0664253409498,0.0851063829787234,0.708584159425825,"116769,117587","10-129-09,10-418-09",3.56520720966753,0.00139189743072914,-0.0181977082393872,0.59994307111007,0.000183758153820735,8.84904135809347e-08,0.234168414507062,0.222375628307059,0.870986368318007,0.000216692202113776,0.0150813399042267,0.484545497032931,4.09329851689003,6.42338495410329,-1.20663736477998,1.23815632336646,0.000201086380190337
"Bcell","cg07150342","LM32","CpG ~ as.numeric(LM) +Age + Gender",47,-65.9251092517813,0.0851063829787234,0.708584159425825,"116769,117587","10-129-09,10-418-09",-1.50922324235329,-0.000421128993730791,-0.00218033800088252,-0.428133117499633,8.88775396892765e-05,1.64444067831581e-05,0.719946727754358,0.0328022262676327,0.348913055534267,8.68058802067976e-05,0.0060415140568691,0.194106654322979,-4.3254994859459,-4.85138786367393,-0.360892647167394,-2.20565914647754,0.017882181268118
"Bcell","cg05533549","LM32","CpG ~ as.numeric(LM) +Age + Gender",47,-26.7224765942506,0.0851063829787234,0.708584159425825,"116769,117587","10-129-09,10-418-09",-4.49980388382185,-0.000889468265269682,0.00763590969522226,-0.649599281706045,9.4312454999453e-11,2.94105119026626e-08,0.409503652244462,0.0328233806715997,0.529467640687082,0.000131725952531302,0.00916786042577351,0.294552441291372,-8.49873257217858,-6.75241475333659,0.832899863282768,-2.20537734760602,7.95641210839799e-05
"Bcell","cg24314288","LM32","CpG ~ as.numeric(LM) +Age + Gender",47,-35.7234616927456,0.0851063829787234,0.708584159425825,"116769,117587","10-129-09,10-418-09",4.08045057723136,0.000579321991126597,-0.00465530507070137,0.516957420029205,9.97951496976985e-11,1.70717556636599e-05,0.579188447708168,0.0600386029927614,0.481120081958968,0.000119697590953323,0.00833071073751109,0.267655818420589,8.48114790930584,4.83988012216977,-0.558812473195078,1.93142604961745,0.0184179739986831
"Bcell","cg05487654","LM32","CpG ~ as.numeric(LM) +Age + Gender",47,-3.7086750404116,0.0851063829787234,0.708584159425825,"116769,117587","10-129-09,10-418-09",5.1277954101472,0.00101817425166556,-0.030261917639251,0.675271436233924,1.86951347897968e-09,3.08283440811374e-07,0.0132449174960379,0.0797354610477541,0.676342582363002,0.000168266885552504,0.0117110356112883,0.376261632393267,7.58165394855332,6.05094845799508,-2.58405137203079,1.79468587306859,0.000607678190483504
"Bcell","cg09362956","LM32","CpG ~ as.numeric(LM) +Age + Gender",47,-118.868743122491,0.0851063829787234,0.708584159425825,"116769,117587","10-129-09,10-418-09",3.07277086320439,0.000228435110075268,-0.00374084205212751,0.294927590693573,3.53173791506336e-19,3.45551066782443e-05,0.282871950457781,0.010700037596879,0.198659562605625,4.94243993451976e-05,0.00343983843819074,0.110517913947353,15.4675205306094,4.6219096863433,-1.08750516029907,2.66859534495073,0.0320699052813917
"Bcell","cg03048354","LM32","CpG ~ as.numeric(LM) +Age + Gender",47,-68.9730188123589,0.0851063829787234,0.708584159425825,"116769,117587","10-129-09,10-418-09",-4.4122782235533,-0.00059583231389036,0.0163024104912162,-0.571950293465952,1.44852147418324e-16,9.52909669561909e-09,0.00788045330284719,0.00397708260114985,0.337781148737335,8.40363794599479e-05,0.00584876239473813,0.18791377288643,-13.0625354317342,-7.09017115824625,2.78732651302142,-3.04368479585381,3.11859066713875e-05
"Bcell","cg13770812","LM32","CpG ~ as.numeric(LM) +Age + Gender",47,7.26330450149441,0.0851063829787234,0.708584159425825,"116769,117587","10-129-09,10-418-09",4.13780545339867,0.00143181608858228,-0.0204999218322986,0.586576396984193,2.3392003733645e-06,1.93156260498619e-09,0.126651055816477,0.172526118548414,0.760079408684636,0.00018909972284328,0.0131609590385591,0.422845946001218,5.4439120519781,7.57175138627213,-1.55763130728071,1.38721064380857,8.68742768201501e-06
"Bcell","cg00155052","LM32","CpG ~ as.numeric(LM) +Age + Gender",47,36.4257688019303,0.0851063829787234,0.708584159425825,"116769,117587","10-129-09,10-418-09",-7.92861308871289,-0.00130437002740394,0.0657772395016729,-0.654787770340409,1.49766645775939e-09,8.37076150620523e-06,0.000675270414214707,0.262459637937436,1.03655904380756,0.000257884933672808,0.01794827087897,0.576656576216737,-7.64897391622671,-5.05795359514434,3.66482319913859,-1.1354899906566,0.0100802095359804
"Bcell","cg10654335","LM32","CpG ~ as.numeric(LM) +Age + Gender",47,-46.9313129498062,0.0851063829787234,0.708584159425825,"116769,117587","10-129-09,10-418-09",3.91849202950099,0.000520981859663316,-0.00639487164909537,0.265220510203016,1.09852938739246e-11,1.38698250618126e-05,0.391930209413048,0.270458765371699,0.427042879861932,0.000106243754667472,0.00739435088670204,0.237571691135268,9.17587486944608,4.90364691358956,-0.864832051802663,1.11638094983297,0.0155778177227496
"Bcell","cg11957516","LM32","CpG ~ as.numeric(LM) +Age + Gender",47,67.2970953924315,0.0851063829787234,0.708584159425825,"116769,117587","10-129-09,10-418-09",3.02428328014227,0.00188940604491096,-0.0286091237997646,0.859121972530519,0.0415523087065561,4.08662615061496e-06,0.257412735153408,0.289357389486634,1.43954196604558,0.000358142825197145,0.0249260177725371,0.800843277012856,2.10086496363143,5.27556581336207,-1.14776151011517,1.07277166106088,0.00551327781832323
"Bcell","cg10488946","LM32","CpG ~ as.numeric(LM) +Age + Gender",47,39.7408822346813,0.0851063829787234,0.708584159425825,"116769,117587","10-129-09,10-418-09",4.81190812435231,0.00136454815233889,-0.028182989321598,0.224812250738267,5.42081471510495e-05,7.10274793430564e-06,0.136881908166238,0.708510903703365,1.0737678090783,0.000267142081175613,0.0185925496609082,0.597356486477,4.48133021279782,5.10794909710186,-1.5158216509086,0.376345207305158,0.00881713987899344
"Bcell","cg11389011","LM32","CpG ~ as.numeric(LM) +Age + Gender",47,-107.527717291095,0.0851063829787234,0.708584159425825,"116769,117587","10-129-09,10-418-09",4.2060295181269,0.000288386507667115,-0.0113367383106221,-0.0195956071027591,2.48685651269879e-22,5.75740733408089e-06,0.00553615874257189,0.875858149608376,0.224133494074491,5.57620442352591e-05,0.00388092573088953,0.124689523554517,18.7657339457217,5.17173485337835,-2.9211428140429,-0.157155200726959,0.00740232674713282
"Bcell","cg22636905","LM32","CpG ~ as.numeric(LM) +Age + Gender",47,-101.654249482977,0.0851063829787234,0.708584159425825,"116769,117587","10-129-09,10-418-09",3.93586215902032,0.000318872176469855,-0.00769750612262998,0.184685772975029,3.27150578120033e-20,2.96892952176133e-06,0.0692617119359539,0.171246676739908,0.238584973554036,5.93574195776678e-05,0.00413115659795908,0.132729143417685,16.4966892105169,5.37206938473156,-1.86328112723512,1.39144854113797,0.00422189802128304
"Bcell","cg05916509","LM32","CpG ~ as.numeric(LM) +Age + Gender",47,-99.69418947997,0.0851063829787234,0.708584159425825,"116769,117587","10-129-09,10-418-09",-3.49369189702235,-0.000300456219154869,0.00526416027841535,-0.0615310711514456,5.43964817607528e-18,1.16383193337297e-05,0.218797801575115,0.652099780601691,0.24361210635456,6.06081170816572e-05,0.00421820261987881,0.135525828475092,-14.3412080347827,-4.95735940369283,1.24796287727084,-0.454017303150108,0.0134242027532453
"Bcell","cg15450246","LM32","CpG ~ as.numeric(LM) +Age + Gender",47,-6.24711477733159,0.0851063829787234,0.708584159425825,"116769,117587","10-129-09,10-418-09",3.94427023731743,0.00139341769387584,-0.00498055490949384,0.396299147241856,3.76332002775608e-07,9.16434597291986e-11,0.664349579957381,0.285246070254803,0.658322575989957,0.000163783698438312,0.0113990148368266,0.366236776365468,5.99139446400757,8.50767022092041,-0.43692853994744,1.0820845224085,1.14646154304394e-06
"Bcell","cg07323359","LM32","CpG ~ as.numeric(LM) +Age + Gender",47,-63.6860269563458,0.0851063829787234,0.708584159425825,"116769,117587","10-129-09,10-418-09",4.18429640769846,0.000556776898007603,-0.0122481829290153,0.642249094129403,5.80225829067591e-15,1.51441192593023e-07,0.0541709125746353,0.00236894399637686,0.357323949196784,8.88984216469068e-05,0.00618715071759858,0.198785786854141,11.7100922485162,6.26306842903296,-1.97961606045524,3.2308602354989,0.000323703182898952
"Bcell","cg25043526","LM32","CpG ~ as.numeric(LM) +Age + Gender",47,9.98855013053262,0.0851063829787234,0.708584159425825,"116769,117587","10-129-09,10-418-09",2.96848249505459,0.00162750088892045,-0.0173392211812355,0.638768871759427,0.000458957212974845,1.47118517474739e-10,0.207468376498023,0.149523856242486,0.782438157788184,0.000194662343288321,0.0135481061941628,0.435284523218374,3.79388769004566,8.36063545433592,-1.27982619362004,1.46747434766701,1.54812815938668e-06
"Bcell","cg12555369","LM32","CpG ~ as.numeric(LM) +Age + Gender",47,-62.3720187444564,0.0851063829787234,0.708584159425825,"116769,117587","10-129-09,10-418-09",3.65202427422569,0.000709028820448669,-0.00885912937715773,-0.0156466208875389,6.80275539471315e-13,7.36916392052704e-10,0.165151177302777,0.938491715197323,0.362353988137042,9.01498421677437e-05,0.00627424706003159,0.201584088649735,10.078609298608,7.86500345867898,-1.41198287099538,-0.0776183328373993,4.19406228533129e-06
"Bcell","cg23090515","LM32","CpG ~ as.numeric(LM) +Age + Gender",47,-0.800403755714839,0.0851063829787234,0.708584159425825,"116769,117587","10-129-09,10-418-09",3.50198152253567,0.0013537361616914,-0.0103561635213732,0.435501274353184,9.47809477020939e-06,9.11615411040602e-10,0.39599534396315,0.268012836390778,0.697595053993727,0.000173554275855656,0.0120790273045302,0.388084767409001,5.02007791266129,7.80007380986278,-0.857367340952134,1.1221807989547,4.79646448519013e-06
"Bcell","cg14300048","LM32","CpG ~ as.numeric(LM) +Age + Gender",47,-96.6102663016991,0.0851063829787234,0.708584159425825,"116769,117587","10-129-09,10-418-09",3.25525217934895,-0.000542118837269154,-0.000504039658553766,-0.187326756859941,2.05224926034586e-16,5.69871470415937e-11,0.908480208463199,0.188055732465576,0.251737008541554,6.26295068655852e-05,0.00435888726894774,0.14004585876689,12.931162558133,-8.65596528538288,-0.115634937876116,-1.33761011221153,9.28069610493212e-07
"Bcell","cg08469768","LM32","CpG ~ as.numeric(LM) +Age + Gender",47,-115.236964119671,0.0851063829787234,0.708584159425825,"116769,117587","10-129-09,10-418-09",3.81780235760788,0.000318514022115572,-0.00344142906414803,0.200535140796107,4.39286107699758e-22,1.86944586575947e-07,0.341157444930946,0.0879991620227362,0.206485164230455,5.13713263128655e-05,0.00357534062554075,0.114871437913759,18.4894753666025,6.20022968018645,-0.962545789221842,1.74573544510395,0.000386311669169229
"Bcell","cg01572128","LM32","CpG ~ as.numeric(LM) +Age + Gender",47,-100.022628211027,0.0851063829787234,0.708584159425825,"116769,117587","10-129-09,10-418-09",1.86703374315429,-0.000278587642959385,-0.00269951840498905,0.252247881333511,1.30518709458531e-09,3.56018534908785e-05,0.524146901598447,0.0686193810935127,0.242762403884107,6.03967200883613e-05,0.00420348981582068,0.135053123596058,7.6907861896342,-4.61262867506392,-0.64220886055888,1.86776784288219,0.0327478220402293
"Bcell","cg02854554","LM32","CpG ~ as.numeric(LM) +Age + Gender",47,-94.9426064679042,0.0851063829787234,0.708584159425825,"116769,117587","10-129-09,10-418-09",-4.47131375860895,-0.000284697200097648,0.0091990080642744,-0.344558334824766,3.97602438860509e-21,5.69591000641726e-05,0.0441705714080465,0.0199609463123078,0.256242942273802,6.37505355504603e-05,0.00443690860277549,0.142552591339647,-17.4495099023303,-4.46580091664175,2.07329221488132,-2.41706118132794,0.0467569311661542
"Bcell","cg12386867","LM32","CpG ~ as.numeric(LM) +Age + Gender",47,6.3469248282372,0.0851063829787234,0.708584159425825,"116769,117587","10-129-09,10-418-09",3.6828186436558,0.00142759242114786,-0.0132341422977207,0.08509254129106,1.43704429049639e-05,1.62938689965977e-09,0.315589311474986,0.839930174500137,0.752705608362096,0.000187265199264083,0.0130332799001761,0.418743767284912,4.89277428352062,7.62337277165234,-1.01541150033476,0.203209093338369,7.5815815811754e-06
"Bcell","cg25497545","LM32","CpG ~ as.numeric(LM) +Age + Gender",47,-38.3792383332093,0.0851063829787234,0.708584159425825,"116769,117587","10-129-09,10-418-09",1.55105699872796,0.000712066827379544,0.00696700515425043,0.214426056869413,0.0018612515213271,2.45144792956893e-07,0.394412142063623,0.414440123590868,0.467717249971076,0.000116363108022636,0.00809863745572254,0.260199580156191,3.31622791082407,6.11935208228561,0.860268803529105,0.824083024041388,0.000491723790787537
"Bcell","cg26929838","LM32","CpG ~ as.numeric(LM) +Age + Gender",47,-63.9965672272348,0.0851063829787234,0.708584159425825,"116769,117587","10-129-09,10-418-09",3.49589993396369,0.00043055964370674,-0.00464412197241469,0.193356584657306,1.51250862673431e-12,1.60261381481288e-05,0.455498609729512,0.334569155382774,0.356145434440624,8.86052196324722e-05,0.00616674444918117,0.19813015774322,9.81593359312463,4.85930338520314,-0.753091361363505,0.975906882928438,0.017538877380207
"Bcell","cg23344221","LM32","CpG ~ as.numeric(LM) +Age + Gender",47,55.1217428162188,0.0851063829787234,0.708584159425825,"116769,117587","10-129-09,10-418-09",-4.56132369949221,-0.00143650491879717,0.0285741224148105,-0.324714391192946,0.000801912020367234,4.13966847873881e-05,0.198872548431346,0.646740176180318,1.26465575719795,0.000314632984982647,0.021897820712133,0.703550910481421,-3.6067709916559,-4.56565264089015,1.30488429832556,-0.461536452238762,0.036725195085797
"Bcell","cg23444305","LM32","CpG ~ as.numeric(LM) +Age + Gender",47,8.1514996957341,0.0851063829787234,0.708584159425825,"116769,117587","10-129-09,10-418-09",-4.75952043265877,-0.00119197573135709,0.010286535017902,-0.375533904729637,1.85227078181982e-07,1.61358180315465e-07,0.443022783680054,0.383880602997495,0.767295349251524,0.000190894972583848,0.0132859047970422,0.426860304475387,-6.20298355424877,-6.24414417636657,0.774244221604845,-0.879758320912904,0.000340642557237273
"Bcell","cg14788458","LM32","CpG ~ as.numeric(LM) +Age + Gender",47,52.7604151587425,0.0851063829787234,0.708584159425825,"116769,117587","10-129-09,10-418-09",3.84731034710784,0.00136661926569393,-0.0131952591567903,1.86592991278073,0.00322950239614294,5.91352578581077e-05,0.539892327969619,0.00939012528928198,1.23328266715618,0.000306827691793736,0.021354588060077,0.686097492080501,3.11956897600721,4.45402844086393,-0.617912137647795,2.7196279454725,0.0479812819675639
"Bcell","cg11186224","LM32","CpG ~ as.numeric(LM) +Age + Gender",47,60.8579907776457,0.0851063829787234,0.708584159425825,"116769,117587","10-129-09,10-418-09",2.05064147956133,0.0014994705387521,0.00389584972705911,0.0284080370374784,0.134454217270827,5.38091944036008e-05,0.867857155302487,0.969873283715693,1.34423337740852,0.000334431055755787,0.0232757264783077,0.747821382374211,1.52551001487157,4.4836462192885,0.167378222574059,0.0379877303685642,0.0445619872381953
"Bcell","cg10124767","LM32","CpG ~ as.numeric(LM) +Age + Gender",47,-4.49334160451688,0.0851063829787234,0.708584159425825,"116769,117587","10-129-09,10-418-09",-4.10036051078426,-0.00135545173616161,0.0126812819829065,-0.488214648494935,2.50109203568562e-07,3.17729746220288e-10,0.28094608426623,0.197682718120594,0.670720300097327,0.000166868121152313,0.0116136844322453,0.373133854905611,-6.11336873237512,-8.12289205871975,1.09192582740556,-1.30841691815511,2.55677126783466e-06
"Bcell","cg09741222","LM32","CpG ~ as.numeric(LM) +Age + Gender",47,4.91249656827577,0.0851063829787234,0.708584159425825,"116769,117587","10-129-09,10-418-09",-4.77993542703269,-0.00148166892587175,0.0357903060366796,-0.578594427398094,8.14881361114036e-08,4.24589567731782e-10,0.00786055487602264,0.167800882513857,0.741306609635684,0.00018442924886834,0.0128359034766015,0.412402297768882,-6.44798706082196,-8.03380664923425,2.78829660116419,-1.40298545989758,3.09906842998764e-06
"Bcell","cg23978850","LM32","CpG ~ as.numeric(LM) +Age + Gender",47,-93.4621705712156,0.0851063829787234,0.708584159425825,"116769,117587","10-129-09,10-418-09",3.68648846720526,0.000303418767755375,-0.00640196312996947,0.117772517518028,8.51914511105608e-18,2.81899276959606e-05,0.162718845412242,0.420549844832796,0.26031054074345,6.47625110552029e-05,0.00450734005537461,0.144815470064158,14.1618870164712,4.68509887605723,-1.42034172068639,0.813259228905941,0.0275453851348551
"Bcell","cg18846518","LM32","CpG ~ as.numeric(LM) +Age + Gender",47,-101.314709352317,0.0851063829787234,0.708584159425825,"116769,117587","10-129-09,10-418-09",3.62954379787154,0.000288081836125615,-0.00417138789709478,0.362957914234844,7.38453251651609e-19,1.72974190807662e-05,0.319996798801307,0.00926798153387763,0.239448331609437,5.95722139361591e-05,0.00414610585177771,0.133209445146034,15.1579414793821,4.83584236829504,-1.00609778095902,2.72471605776109,0.0185735449986635
"Bcell","ch.1.4129519F","LM32","CpG ~ as.numeric(LM) +Age + Gender",47,3.50177202658006,0.0851063829787234,0.708584159425825,"116769,117587","10-129-09,10-418-09",-5.02809924041652,-0.0013835124778647,0.0211497223892365,-0.441261539840668,1.88652288893471e-08,1.67484004551364e-09,0.101664829981204,0.283460941992273,0.730264363239426,0.000181682054681468,0.0126447043060223,0.406259296037675,-6.88531372133793,-7.6150199880243,1.67261502344214,-1.08615739785988,7.74042038466961e-06
"Bcell","cg00817393","LM32","CpG ~ as.numeric(LM) +Age + Gender",47,-142.215835724653,0.0851063829787234,0.708584159425825,"116769,117587","10-129-09,10-418-09",3.26531932187292,0.00017740567624559,-0.00260678869260216,0.0216970549554462,2.75323295770526e-24,3.69058319938558e-05,0.336741372474785,0.802493393065921,0.154968100653944,3.85544254302634e-05,0.00268331019323283,0.0862115620714272,21.0709127110271,4.60143483570982,-0.971482424647119,0.251672216975607,0.0336488668604939
"Bcell","cg24007399","LM32","CpG ~ as.numeric(LM) +Age + Gender",47,-75.6550617332061,0.0851063829787234,0.708584159425825,"116769,117587","10-129-09,10-418-09",3.53250845900992,0.000371301275245146,-0.00929491367848741,0.0682042868105348,2.28487722550115e-14,2.33137846088067e-05,0.0951673627612994,0.698685423130379,0.314603348373828,7.82699877187996e-05,0.00544743316820916,0.175019542613971,11.2284515637526,4.74385247866806,-1.7062923750459,0.389695263693887,0.0238007643335832
"Bcell","cg08170141","LM32","CpG ~ as.numeric(LM) +Age + Gender",47,12.2664544360164,0.0851063829787234,0.708584159425825,"116769,117587","10-129-09,10-418-09",4.14908042174378,0.00134770878936731,-0.0211366735751834,0.609111538679459,5.68076362056464e-06,2.89089936131114e-08,0.135137751337312,0.179091517361452,0.801630607200467,0.000199437221837954,0.013880428103793,0.445961630550964,5.1758009044011,6.75755897994983,-1.52276813201515,1.36583844203577,7.87793111011957e-05
"Bcell","cg18996760","LM32","CpG ~ as.numeric(LM) +Age + Gender",47,-122.531032255335,0.0851063829787234,0.708584159425825,"116769,117587","10-129-09,10-418-09",3.76721983431029,0.000245582598702271,-0.0080370941604141,0.316706270190894,3.68644654756442e-23,5.86216342370341e-06,0.019379878132586,0.00473335554994878,0.19106851793693,4.75358276689494e-05,0.00330839766134157,0.106294878265297,19.7165910689369,5.16626323228377,-2.42930112493038,2.97950640105577,0.00750878365355059
"Bcell","cg15227848","LM32","CpG ~ as.numeric(LM) +Age + Gender",47,-33.4345961690761,0.0851063829787234,0.708584159425825,"116769,117587","10-129-09,10-418-09",3.10943317148084,0.000549128083312636,0.00187422914633808,0.442814405856351,1.30515124480561e-07,5.49144748668144e-05,0.82724791659947,0.113708329741048,0.492978973396163,0.000122647957794444,0.00853605031475044,0.274253134583862,6.3074356905321,4.47727049995373,0.219566318991745,1.61461930609564,0.0453090786930358
"Bcell","cg17617470","LM32","CpG ~ as.numeric(LM) +Age + Gender",47,-65.9590166657538,0.0851063829787234,0.708584159425825,"116769,117587","10-129-09,10-418-09",4.4426280640196,0.000451165321796121,-0.00667133049859354,0.345421286978033,3.44456372247799e-16,5.25754204645922e-06,0.275455794048389,0.0821124399612977,0.348787219301336,8.6774573482133e-05,0.00603933517202069,0.194036649346726,12.73735910656,5.1992802003114,-1.10464650637388,1.78018579552359,0.00690236558938172
"Bcell","cg04102384","LM32","CpG ~ as.numeric(LM) +Age + Gender",47,41.1316306063042,0.0851063829787234,0.708584159425825,"116769,117587","10-129-09,10-418-09",2.82494941202576,0.00132618259004267,-0.00305497719325543,-0.256537139863764,0.0129762187191027,1.44337215475651e-05,0.872143933131965,0.67429697007096,1.08977251812439,0.000271123883616546,0.018869675074086,0.606260196089104,2.59223770561565,4.89142665099291,-0.161898770448404,-0.423146928527797,0.0160791422962977
"Bcell","cg05766539","LM32","CpG ~ as.numeric(LM) +Age + Gender",47,55.6393690134904,0.0851063829787234,0.708584159425825,"116769,117587","10-129-09,10-418-09",3.19840033747917,0.00143550424893468,-0.00271070564923528,0.289543411404964,0.0157151014978327,4.53151532964122e-05,0.902594378047546,0.684361575431947,1.27163899811208,0.000316370341509244,0.022018737219773,0.707435813922761,2.51517949844855,4.53741726258731,-0.123109042184356,0.409285769403494,0.0394845073617573
"Bcell","cg16959606","LM32","CpG ~ as.numeric(LM) +Age + Gender",47,-86.0713622333656,0.0851063829787234,0.708584159425825,"116769,117587","10-129-09,10-418-09",-4.59467794959446,-0.000311859050607876,0.00841077615251612,-0.180708917234296,4.92725242422597e-20,5.96489153449612e-05,0.09172376553686,0.255076353974167,0.281603745898696,7.00600354287026e-05,0.00487603705945843,0.156661265877584,-16.3161109058803,-4.45131163151128,1.72492047331779,-1.15350093861429,0.04834071072438
"Bcell","cg19116204","LM32","CpG ~ as.numeric(LM) +Age + Gender",47,37.1516216214554,0.0851063829787234,0.708584159425825,"116769,117587","10-129-09,10-418-09",3.30028002173768,0.00145036213660648,-0.0115891928898385,0.690200273949852,0.00289231065758009,1.48361311276536e-06,0.52509639979691,0.241473550671653,1.04459416838685,0.000259883987736889,0.0180874010070191,0.581126661598799,3.1593896669309,5.58080607134155,-0.640732899400035,1.18769335423532,0.00234361189622619
"Bcell","cg07980584","LM32","CpG ~ as.numeric(LM) +Age + Gender",47,-101.452233789257,0.0851063829787234,0.708584159425825,"116769,117587","10-129-09,10-418-09",1.78704491540631,-0.000332820499574178,0.00310891067089596,0.00357806077091514,2.66630214237168e-09,1.4149969602092e-06,0.456780898961747,0.978664156972358,0.239098268630669,5.94851219672065e-05,0.00414004442652156,0.133014698768582,7.47410228288492,-5.59502088198892,0.750936548163578,0.0268997396832077,0.0022560625776184
"Bcell","cg01565559","LM32","CpG ~ as.numeric(LM) +Age + Gender",47,45.4648442291136,0.0851063829787234,0.708584159425825,"116769,117587","10-129-09,10-418-09",5.46276360427654,0.00128284641381318,-0.0340492795877676,0.241539602126397,2.02763920060307e-05,4.81537389311162e-05,0.0920463141237333,0.705476902466927,1.14118476781901,0.000283914707913216,0.019759890628645,0.634861762069946,4.78692299294948,4.51842182901388,-1.72315121716352,0.380460151417632,0.0412365334814756
"Bcell","cg07174665","LM32","CpG ~ as.numeric(LM) +Age + Gender",47,-61.3804741961748,0.0851063829787234,0.708584159425825,"116769,117587","10-129-09,10-418-09",-2.85370378659452,0.000434811231214246,-0.0183558379706176,0.139179583890746,9.33556241771148e-10,2.12407647016368e-05,0.00593733386860006,0.498154821430562,0.366196453672037,9.11058069779994e-05,0.00634078028134417,0.20372172184379,-7.79282201664978,4.7725962332922,-2.89488630044855,0.683184800477323,0.0220463988650927
"Bcell","cg16468828","LM32","CpG ~ as.numeric(LM) +Age + Gender",47,20.2774342933855,0.0851063829787234,0.708584159425825,"116769,117587","10-129-09,10-418-09",2.02651964025921,0.00159191507426221,-0.00412390349627102,0.674724022541409,0.0250672691592173,4.29636428350817e-09,0.786289171268164,0.171874435658917,0.872943733793774,0.000217179173954799,0.0151152321614773,0.485634414910213,2.32147796221876,7.32996191703692,-0.27283097290303,1.38936616068726,1.59138042735942e-05
"Bcell","cg04517258","LM32","CpG ~ as.numeric(LM) +Age + Gender",47,-66.5813697350601,0.0851063829787234,0.708584159425825,"116769,117587","10-129-09,10-418-09",2.83673902110542,0.000387477327237465,-0.00129535248970801,0.281841700983557,2.57870725127823e-10,5.18955599868807e-05,0.830078301406328,0.150966216842349,0.346485604433047,8.6201956030966e-05,0.00599948215316768,0.19275621929535,8.1871771433251,4.49499460427874,-0.215910716398094,1.46216657503386,0.0436072525223912
"Bcell","cg04170211","LM32","CpG ~ as.numeric(LM) +Age + Gender",47,-19.5452185748189,0.0851063829787234,0.708584159425825,"116769,117587","10-129-09,10-418-09",-4.5250690321481,-0.00130106971852663,0.0116818039568485,-0.500881746740703,6.19238082918978e-10,1.18766221484692e-11,0.244273513903275,0.122475651066092,0.57147792663618,0.00014217766762682,0.00989527870109696,0.317923524497889,-7.91818689968212,-9.15101323747692,1.18054319738902,-1.57547871781985,3.69252280292827e-07
"Bcell","cg14536424","LM32","CpG ~ as.numeric(LM) +Age + Gender",47,-51.7428250258113,0.0851063829787234,0.708584159425825,"116769,117587","10-129-09,10-418-09",4.07765988025989,0.000556066231882965,-0.00806644226905325,0.194582643268266,7.41639924620865e-13,1.88572998027751e-06,0.257239784009623,0.393434755921997,0.405734145358073,0.000100942366756182,0.00702538498818606,0.225717256063851,10.0500781778207,5.50874969304112,-1.14818508631454,0.862063657256329,0.00288588116881633
"Bcell","cg02571311","LM32","CpG ~ as.numeric(LM) +Age + Gender",47,20.1272284485041,0.0851063829787234,0.708584159425825,"116769,117587","10-129-09,10-418-09",-1.31596720443482,-0.00168275650472643,0.00320073339230401,-0.617021308382683,0.138378824661622,1.03755876579859e-09,0.833035764906158,0.210005798834665,0.871549940759091,0.000216832412980159,0.0150910982975309,0.484859022592586,-1.50991600468547,-7.76063173212212,0.212094131864988,-1.27257879018815,5.25692598527709e-06
"Bcell","cg08076216","LM32","CpG ~ as.numeric(LM) +Age + Gender",47,-113.348867782381,0.0851063829787234,0.708584159425825,"116769,117587","10-129-09,10-418-09",3.6389532930589,0.000275176740599482,-0.00580443545911443,0.246904854827867,5.837969949118e-21,4.44547420892507e-06,0.118895079175377,0.0410197214289658,0.210674586127099,5.24136101985715e-05,0.00364788148028169,0.117202089217878,17.2728631390952,5.25010087183388,-1.5911798369793,2.10665916005024,0.00595045426914619
"Bcell","cg05105495","LM32","CpG ~ as.numeric(LM) +Age + Gender",47,-91.6619220084879,0.0851063829787234,0.708584159425825,"116769,117587","10-129-09,10-418-09",-4.80161349142068,-0.000503594801038733,0.00938547567109809,-0.364202751845501,9.99745990596138e-22,1.60201260598954e-09,0.0472363796592331,0.0176748566906492,0.265343943974836,6.60147685761122e-05,0.0045944946513233,0.14761564347586,-18.0958096103224,-7.62851725304633,2.0427656104453,-2.46723682713925,7.50526446872476e-06
"Bcell","cg00261647","LM32","CpG ~ as.numeric(LM) +Age + Gender",47,-74.9382693957861,0.0851063829787234,0.708584159425825,"116769,117587","10-129-09,10-418-09",3.76547296098501,-0.000408096229899985,-0.00191219564472408,-0.131243079783966,3.62322328349444e-15,5.70803545531241e-06,0.729269404846799,0.460814994293999,0.317011510593665,7.88691130248263e-05,0.00548913108025801,0.176359246887414,11.8780322958414,-5.17434790691161,-0.34836035371817,-0.744180314331633,0.00735266988937177
"Bcell","cg24324786","LM32","CpG ~ as.numeric(LM) +Age + Gender",47,-71.3557724932911,0.0851063829787234,0.708584159425825,"116769,117587","10-129-09,10-418-09",4.1737216610082,0.000472099178568885,-0.0126905445485493,0.135500088706785,4.08958997734217e-16,8.10554507509099e-07,0.0313438090624467,0.463568965986721,0.329326530804516,8.1932959883553e-05,0.00570236863767917,0.183210315751512,12.6735056869307,5.76201786484773,-2.22548652233649,0.739587659957771,0.00137572017459972
"Bcell","cg16475558","LM32","CpG ~ as.numeric(LM) +Age + Gender",47,-95.402049950767,0.0851063829787234,0.708584159425825,"116769,117587","10-129-09,10-418-09",2.78582075258493,0.000326390778559701,-0.0105988211973302,0.300770084822341,5.50204502906317e-14,6.28959171238524e-06,0.0207727397262753,0.0397960248306721,0.254993560296667,6.34397025205133e-05,0.00441527525126417,0.141857537509741,10.9250631637278,5.14489768381499,-2.4004893453235,2.12022632073172,0.007966757932061
"Bcell","cg23588844","LM32","CpG ~ as.numeric(LM) +Age + Gender",47,-6.41978709274598,0.0851063829787234,0.708584159425825,"116769,117587","10-129-09,10-418-09",-3.80466643116793,-0.0014788773604446,0.00584768727465036,-0.609096746184154,7.38304280333753e-07,1.65224856574717e-11,0.609923313687398,0.102946925829282,0.657114387254029,0.000163483113851366,0.011378094756263,0.365564639081976,-5.78996062933121,-9.04605573997784,0.513942571222792,-1.6661806998449,4.22538665415165e-07
"Bcell","cg04175877","LM32","CpG ~ as.numeric(LM) +Age + Gender",47,1.95821183857138,0.0851063829787234,0.708584159425825,"116769,117587","10-129-09,10-418-09",4.40048763863207,0.00140425036110555,-0.0232607052386535,0.318116831759065,2.40025622128075e-07,7.56157175793134e-10,0.0682992165486415,0.430402853242277,0.718370718581881,0.000178723041606466,0.012438762968356,0.39964264602827,6.12565006452235,7.85713105866675,-1.87001756507687,0.796003216675135,4.2049408736311e-06
"Bcell","cg16068729","LM32","CpG ~ as.numeric(LM) +Age + Gender",47,-173.858790994221,0.0851063829787234,0.708584159425825,"116769,117587","10-129-09,10-418-09",2.85090287162793,0.000128583150104197,-0.00384490091353091,0.147650376114711,9.09385353144124e-28,2.96091342974452e-05,0.0511329919480505,0.020893018338378,0.110674350469084,2.75346085690992e-05,0.00191635318165433,0.0615701463392584,25.7593820026468,4.66987390728699,-2.00636341481257,2.39808389119527,0.0286158326067412
"Bcell","cg26138460","LM32","CpG ~ as.numeric(LM) +Age + Gender",47,-43.2046158142369,0.0851063829787234,0.708584159425825,"116769,117587","10-129-09,10-418-09",-3.67119178645456,-0.000619085030509668,0.00514407003699636,-0.424337688496362,2.01946707451183e-10,1.38926974159346e-06,0.507302344546458,0.0932270664229356,0.444313388593702,0.000110540474690702,0.00769339392799064,0.247179588045994,-8.26261796448284,-5.60052806215913,0.668634686478337,-1.71671816370777,0.00223064215235028
"Bcell","cg23078267","LM32","CpG ~ as.numeric(LM) +Age + Gender",47,68.9823802991316,0.0851063829787234,0.708584159425825,"116769,117587","10-129-09,10-418-09",2.17041593281204,0.00170750147895302,-0.00728584474949796,0.741720202869712,0.145918073895347,2.83870575700007e-05,0.775410957763799,0.368043000353658,1.46558363191081,0.000364621716404069,0.0253769355238036,0.815330727550799,1.48092260690868,4.68293961147612,-0.287104987229992,0.909716974727288,0.0276984385771649
"Bcell","cg25676905","LM32","CpG ~ as.numeric(LM) +Age + Gender",47,58.2419161494639,0.0851063829787234,0.708584159425825,"116769,117587","10-129-09,10-418-09",-2.66510684129711,-0.00158256078059478,0.00351531774735616,-1.60105587530414,0.047671425719015,1.56985933703578e-05,0.877318116583144,0.0331246626488713,1.30733836745859,0.000325251967260408,0.0226368804457352,0.727296019883467,-2.03857463961528,-4.86564552990921,0.155291616076828,-2.20138132415557,0.0173189667296095
"Bcell","cg09247556","LM32","CpG ~ as.numeric(LM) +Age + Gender",47,33.5522909149216,0.0851063829787234,0.708584159425825,"116769,117587","10-129-09,10-418-09",5.38616983204002,0.00112153855284488,-0.0218833226306206,0.311462849935662,3.11585868532716e-06,5.37510848785216e-05,0.215506283688379,0.580493659354096,1.00535197309163,0.000250120944337347,0.0174079128917481,0.559295517374692,5.3574966541087,4.48398496102039,-1.25709054076172,0.556884223563341,0.0445619872381953
"Bcell","cg05059922","LM32","CpG ~ as.numeric(LM) +Age + Gender",47,3.81085028529402,0.0851063829787234,0.708584159425825,"116769,117587","10-129-09,10-418-09",3.22268199688016,0.001346613494183,0.00635132409715093,0.416620551577402,7.0536850771627e-05,3.54966356091715e-09,0.619175830886564,0.312432106086035,0.732669473001904,0.000182280420568369,0.0126863493640328,0.407597302173786,4.39854820711466,7.38759264425729,0.500642376691726,1.02213765732868,1.39990030500915e-05
"Bcell","cg25844977","LM32","CpG ~ as.numeric(LM) +Age + Gender",47,5.59840135513142,0.0851063829787234,0.708584159425825,"116769,117587","10-129-09,10-418-09",-5.16450411396317,-0.000902584877744158,0.0182252625910522,-0.0902180120646038,1.70224390715856e-08,1.60756797711014e-05,0.165866433498578,0.829101728436727,0.746735602976307,0.000185779925027041,0.0129299078110963,0.415422545125566,-6.916108048657,-4.8583552696169,1.40954311951177,-0.217171680071756,0.0175649913498954
"Bcell","cg16420641","LM32","CpG ~ as.numeric(LM) +Age + Gender",47,-11.638105373065,0.0851063829787234,0.708584159425825,"116769,117587","10-129-09,10-418-09",2.84254636120702,0.000716715075204756,0.007132477062678,-0.0212180312709019,4.04672107723903e-05,3.32059031010743e-05,0.511095013494093,0.951360743988663,0.621629393316575,0.000154654822436024,0.0107636634924263,0.345823694045329,4.57273480271132,4.63428856543569,0.662644002917471,-0.061355053561254,0.0310282400158734
"Bcell","cg21340500","LM32","CpG ~ as.numeric(LM) +Age + Gender",47,-65.4212382504907,0.0851063829787234,0.708584159425825,"116769,117587","10-129-09,10-418-09",-2.80722418831995,-0.000565837373123316,0.00547518989875264,0.00881870021650316,4.70035860702303e-10,7.23289327462849e-08,0.372388385070737,0.964165587393579,0.350788366235417,8.72724376872143e-05,0.00607398551582511,0.195149923642492,-8.00261484850954,-6.48357474729061,0.901416357429175,0.0451893603230854,0.0001705952701855
"Bcell","cg26511507","LM32","CpG ~ as.numeric(LM) +Age + Gender",47,-140.489039237532,0.0851063829787234,0.708584159425825,"116769,117587","10-129-09,10-418-09",3.61767459424172,0.000176661727127924,-0.00612018388961357,0.241096124116603,9.88361507830222e-26,5.12799812830468e-05,0.0303608928800459,0.00878051665992557,0.157841200722962,3.92692223587745e-05,0.00273305861673961,0.087809919694011,22.9197103016933,4.49873250643707,-2.23931673185796,2.74565931681459,0.0432493844607862
"Bcell","cg11704397","LM32","CpG ~ as.numeric(LM) +Age + Gender",47,-70.3039037994663,0.0851063829787234,0.708584159425825,"116769,117587","10-129-09,10-418-09",2.7903753164782,0.000456941253734853,-0.0015636811740318,0.319917617223849,1.38795025201548e-10,1.84721082530253e-06,0.78756191704553,0.0913919594353143,0.333032421100063,8.28549462178341e-05,0.00576653702564472,0.185271969665423,8.37868970012321,5.51495444259305,-0.271164681173095,1.7267459173753,0.00283928756955686
"Bcell","cg03896594","LM32","CpG ~ as.numeric(LM) +Age + Gender",47,-81.6970124809129,0.0851063829787234,0.708584159425825,"116769,117587","10-129-09,10-418-09",4.12240616653973,0.000366381540945336,-0.00799588746567393,0.268255120974873,1.37065807509581e-17,1.03996791654643e-05,0.124849938076122,0.109461900286513,0.295018056239099,7.3397374052168e-05,0.00510830909170054,0.164123889757446,13.9734029133414,4.99175271154697,-1.56527087968597,1.63446723917718,0.012180357107503
"Bcell","cg04679803","LM32","CpG ~ as.numeric(LM) +Age + Gender",47,-53.4277212994106,0.0851063829787234,0.708584159425825,"116769,117587","10-129-09,10-418-09",2.69425225546594,0.000480491719137664,-0.00229618882398364,0.317975111882255,2.86226164197218e-08,1.67270500772851e-05,0.740937656497613,0.158745052342022,0.398526383189386,9.91491517146414e-05,0.00690058084064846,0.221707447380776,6.76053674013744,4.84615058049669,-0.332752977902635,1.43421033275505,0.0181016860035575
"Bcell","cg06648709","LM32","CpG ~ as.numeric(LM) +Age + Gender",47,-53.8584668809965,0.0851063829787234,0.708584159425825,"116769,117587","10-129-09,10-418-09",5.51040170070028,0.000469369852851312,-0.0280212394977078,0.253869094860338,1.69199991158543e-17,2.2434781178312e-05,0.000191866041872073,0.25636827313831,0.396704353791013,9.86958500591725e-05,0.0068690319603538,0.220693819415337,13.8904492679281,4.75572025135711,-4.07935785703704,1.15032263038851,0.0231103586627402
"Bcell","cg04228998","LM32","CpG ~ as.numeric(LM) +Age + Gender",47,-94.5287676824233,0.0851063829787234,0.708584159425825,"116769,117587","10-129-09,10-418-09",2.90738819482139,-0.000406250332847376,0.00256187180166699,-0.0967243165926201,1.87985928214279e-14,1.15265455545345e-07,0.568379246105372,0.502952142147871,0.257373549091211,6.40318185761204e-05,0.004456485333631,0.143181568396255,11.2963752688939,-6.34450718222895,0.574863734507044,-0.675536088031496,0.000251888163788301
"Bcell","cg16187121","LM32","CpG ~ as.numeric(LM) +Age + Gender",47,47.8985434012487,0.0851063829787234,0.708584159425825,"116769,117587","10-129-09,10-418-09",1.93516975679261,0.00135799484506214,0.0127308543234866,0.528924499521996,0.105734649342448,3.04821236576402e-05,0.53344789201994,0.421354997349256,1.17111631519347,0.000291361360523601,0.0202781626203013,0.651513224167487,1.65241465060873,4.66086114720809,0.62781103800505,0.811840005546876,0.0292421040269391
"Bcell","cg20928596","LM32","CpG ~ as.numeric(LM) +Age + Gender",47,24.3966721922402,0.0851063829787234,0.708584159425825,"116769,117587","10-129-09,10-418-09",3.87273616652853,0.00144079496706089,-0.0150186530685369,0.443566003161322,0.000114068720598162,1.13280686201839e-07,0.346914876709141,0.38685881729431,0.91204814749254,0.000226907938749496,0.0157923345550377,0.507388908735921,4.24619706445947,6.34968954811013,-0.951009049117822,0.874213045504672,0.000248916547748798
"Bcell","cg03795415","LM32","CpG ~ as.numeric(LM) +Age + Gender",47,42.4431641405239,0.0851063829787234,0.708584159425825,"116769,117587","10-129-09,10-418-09",-3.38227790715049,-0.00127641103992018,0.00725825861880993,-0.645955648240335,0.00379700819762366,3.23269569043591e-05,0.706315273310272,0.299259742725622,1.10508412124817,0.000274933248630134,0.0191347991903614,0.614778318319086,-3.06065198306377,-4.64262160462565,0.379322434826808,-1.05071312535304,0.0304146862280565
"Bcell","cg02760112","LM32","CpG ~ as.numeric(LM) +Age + Gender",47,-86.3907969296554,0.0851063829787234,0.708584159425825,"116769,117587","10-129-09,10-418-09",-4.83315337144512,-0.000313074889093649,0.0146384178104597,-0.593936495202336,6.53310976235286e-21,5.37695459286304e-05,0.00433111627537994,0.000445017441130733,0.280648412523028,6.9822358582708e-05,0.00485949523069466,0.156129796612182,-17.221381471554,-4.48387730590333,3.01233299252916,-3.80412008527521,0.0445619872381953
"Bcell","cg07457402","LM32","CpG ~ as.numeric(LM) +Age + Gender",47,2.04654357999815,0.0851063829787234,0.708584159425825,"116769,117587","10-129-09,10-418-09",-4.43290266860341,-0.00132327361598672,0.0114477270280104,-0.531965409812774,2.10388967517297e-07,3.43977577222745e-09,0.362983150131375,0.190578342418135,0.719046088371089,0.000178891066471364,0.0124504571598182,0.400018366478206,-6.16497709993195,-7.39709166079874,0.919462384478216,-1.32985246276625,1.36790083100274e-05
"Bcell","cg16218424","LM32","CpG ~ as.numeric(LM) +Age + Gender",47,-54.8729844377794,0.0851063829787234,0.708584159425825,"116769,117587","10-129-09,10-418-09",-3.78162510384488,-0.000452093776102087,0.00196536150988706,-0.272333028295722,2.62732257279755e-12,3.3625951835877e-05,0.773799980095637,0.219010719337047,0.392445848663456,9.76363789958248e-05,0.00679529491273891,0.218324735858226,-9.6360430788703,-4.63038245325976,0.28922387256551,-1.24737596601315,0.031377875751679
"Bcell","cg04141487","LM32","CpG ~ as.numeric(LM) +Age + Gender",47,-99.5903142067646,0.0851063829787234,0.708584159425825,"116769,117587","10-129-09,10-418-09",4.41903374043709,0.00035894584075782,-0.0131143928114476,0.102935343329339,9.50908994053236e-22,4.84591089879171e-07,0.00335664086641855,0.452178681344115,0.24388146019636,6.06751294704274e-05,0.00422286654688209,0.135675674897378,18.1195968602088,5.91586443886812,-3.10556648330043,0.758686797815427,0.000891015813230924
"Bcell","cg06208615","LM32","CpG ~ as.numeric(LM) +Age + Gender",47,-30.7039098386089,0.0851063829787234,0.708584159425825,"116769,117587","10-129-09,10-418-09",1.64332619158279,0.000713327923286702,0.00312390677794823,0.290886613515066,0.00232178640935612,1.17988145994866e-06,0.723962038439675,0.308638323706397,0.507509980839075,0.000126263118853528,0.00878765822776589,0.282336997293921,3.2380174846332,5.64953511178667,0.355487969261002,1.03028160072215,0.00193557674777948
"Bcell","cg16101118","LM32","CpG ~ as.numeric(LM) +Age + Gender",47,-93.3383723269267,0.0851063829787234,0.708584159425825,"116769,117587","10-129-09,10-418-09",3.27561139799159,-0.000391242320382074,-0.00220503536097686,0.00724514141632435,5.45272699417522e-16,3.27128912492654e-07,0.627631463886096,0.960382196177954,0.260653596255023,6.48478596403863e-05,0.0045132801446392,0.145006318060649,12.5669142688012,-6.03323413527767,-0.488566029652727,0.0499643154396489,0.000639298687144037
"Bcell","cg03166508","LM32","CpG ~ as.numeric(LM) +Age + Gender",47,56.860676512521,0.0851063829787234,0.708584159425825,"116769,117587","10-129-09,10-418-09",4.14686155855042,0.00149834676266207,-0.0318204955687133,1.93074333068551,0.00244949430355473,2.91313895841899e-05,0.160944699073464,0.0100286767143699,1.28826873498052,0.000320507644265832,0.0223066851410648,0.716687237836549,3.2189413947185,4.67491739891024,-1.42650041310416,2.69398313344299,0.0283035863901108
"Bcell","cg15375042","LM32","CpG ~ as.numeric(LM) +Age + Gender",47,-66.3029537398389,0.0851063829787234,0.708584159425825,"116769,117587","10-129-09,10-418-09",4.56951049688925,0.000392363951784259,-0.0172531542853236,0.442345146779784,1.15254394988004e-16,4.51987175063164e-05,0.00638844759775372,0.0271119942774685,0.347513371850118,8.64576537008342e-05,0.00601727819490053,0.193327984930328,13.1491645128985,4.53822114051278,-2.86726884257157,2.28805543563285,0.0394332867101185
"Bcell","cg11615158","LM32","CpG ~ as.numeric(LM) +Age + Gender",47,-84.1284577308508,0.0851063829787234,0.708584159425825,"116769,117587","10-129-09,10-418-09",3.86495629935083,0.000329567128292747,-0.00299261780924141,0.318225514827488,5.33033000867237e-17,3.61545162603206e-05,0.550873420038646,0.0530029119475498,0.287484838509514,7.15231891071399e-05,0.00497786960230668,0.159933024249312,13.4440352381328,4.60783603761102,-0.601184452050465,1.98974237072777,0.0330608400394091
"Bcell","cg11908291","LM32","CpG ~ as.numeric(LM) +Age + Gender",47,59.2979214549846,0.0851063829787234,0.708584159425825,"116769,117587","10-129-09,10-418-09",4.81827208852831,0.00150308509790474,-0.0347221525612763,0.741367603614818,0.000717487468512573,4.08670484833774e-05,0.136650284021651,0.319112025145244,1.32210794219832,0.000328926481341286,0.0228926192092717,0.735512601903057,3.64438631275203,4.56966885662569,-1.51674005686573,1.00796043697499,0.0364919801924122
"Bcell","cg16284782","LM32","CpG ~ as.numeric(LM) +Age + Gender",47,-97.9443118586977,0.0851063829787234,0.708584159425825,"116769,117587","10-129-09,10-418-09",2.43565151568797,-0.000328506667286495,0.00290396793448209,-0.0317609343535241,1.52300283691832e-12,3.52547239820213e-06,0.502823873346769,0.819158444394647,0.248189595397197,6.17469479714173e-05,0.00429746295123531,0.138072368563441,9.8136729373768,-5.32020898326119,0.675740074419337,-0.230031067649359,0.00489128903247113
"Bcell","cg16334456","LM32","CpG ~ as.numeric(LM) +Age + Gender",47,-4.44875601924755,0.0851063829787234,0.708584159425825,"116769,117587","10-129-09,10-418-09",2.71419962163586,0.00158339439597593,-0.00902219750598725,0.223218570235155,0.000213510097326453,4.1978372082672e-12,0.441709740427239,0.55301449887204,0.671038508079409,0.000166947287934798,0.0116191942805191,0.373310879771264,4.0447747617409,9.48439723437937,-0.776490803765452,0.597942846916023,1.90500785110228e-07
"Bcell","cg11201288","LM32","CpG ~ as.numeric(LM) +Age + Gender",47,-120.77060247297,0.0851063829787234,0.708584159425825,"116769,117587","10-129-09,10-418-09",3.45186808888612,0.000217143408408586,-0.00460232054200585,0.35027158515315,2.16931395436118e-21,5.38787029817287e-05,0.179261716265781,0.00234720822674211,0.194680562200523,4.84344661024324e-05,0.00337094108253603,0.108304323931349,17.7309334320222,4.48324149892261,-1.36529248934349,3.23414220631834,0.0445619872381953
"Bcell","cg09456894","LM32","CpG ~ as.numeric(LM) +Age + Gender",47,82.6503477053315,0.0851063829787234,0.708584159425825,"116769,117587","10-129-09,10-418-09",5.60035047192777,0.00194387423609217,-0.0419940809961903,1.10196081105069,0.00192634324667401,3.59326272987197e-05,0.159694568778234,0.248983217865456,1.69495714151158,0.000421687421115316,0.0293485933925656,0.942935366680025,3.30412512196818,4.60975153337712,-1.43087201606153,1.16864935815334,0.0329019242425539
