"cellType","CpG","LM","formula","nObs","AIC","meanLeverage","maxLeverage","OutlierLabIDs","OutlierIDs","Intercept.betaEstimate","LM.betaEstimate","Age.betaEstimate","Gender.betaEstimate","Intercept.pval","LM.pval","Age.pval","Gender.pval","Intercept.stdError","LM.stdError","Age.stdError","Gender.stdError","Intercept.tStat","LM.tStat","Age.tStat","Gender.tStat","FDR"
"Bcell","cg19897251","LM38","CpG ~ as.numeric(LM) +Age + Gender",47,-63.1368009244245,0.0851063829787234,0.650716519170446,"116769,116815","10-129-09,10-061-09",-5.63352585742375,-4.77184287090985e-05,0.0155423443588192,-0.439950285669946,2.23301571157662e-19,2.84991523879569e-05,0.0163095840311589,0.0336417471151898,0.359690392506794,1.01925030895087e-05,0.00621672042697417,0.200469695701868,-15.662152714622,-4.68171834632221,2.50008739196014,-2.19459746337035,0.0372009117129782
"Bcell","cg08920121","LM38","CpG ~ as.numeric(LM) +Age + Gender",47,-12.6348089246845,0.0851063829787234,0.650716519170446,"116769,116815","10-129-09,10-061-09",-4.97599948953384,-8.13028385601662e-05,0.0153951293055456,-1.06254340931663,3.6060736696955e-10,3.04487060278354e-05,0.155123583795043,0.00343472610439451,0.615539349570141,1.74424639993389e-05,0.0106386940763418,0.343064448402028,-8.08396651328432,-4.66120145429269,1.44708826055832,-3.09721224179855,0.0392217752909779
"Bcell","cg19928764","LM38","CpG ~ as.numeric(LM) +Age + Gender",47,-10.6000939399867,0.0851063829787234,0.650716519170446,"116769,116815","10-129-09,10-061-09",-5.02482184014152,-0.000115611018884028,0.0230944152607806,-0.755151871298201,4.92216387346975e-10,7.16942998667728e-08,0.0394340015836168,0.0368830371686955,0.629008505419092,1.78241378373492e-05,0.0108714886631438,0.350571342193607,-7.98847995989118,-6.48620538839045,2.12431029239579,-2.1540604733206,0.000345341849558967
"Bcell","cg04023028","LM38","CpG ~ as.numeric(LM) +Age + Gender",47,8.05512641104289,0.0851063829787234,0.650716519170446,"116769,116815","10-129-09,10-061-09",-6.49017620613565,-0.000109685424629328,0.0242084140544159,-0.754267364562229,1.06552379939042e-10,8.70462009325892e-06,0.0748079088273601,0.0847939341332486,0.767090333635194,2.17369458800912e-05,0.0132580303666417,0.427529811647074,-8.46077172603533,-5.04603660672443,1.82594347613853,-1.76424507487884,0.0154075791419592
"Bcell","cg14341579","LM38","CpG ~ as.numeric(LM) +Age + Gender",47,33.9715094401695,0.0851063829787234,0.650716519170446,"116769,116815","10-129-09,10-061-09",-6.11039173939894,-0.000146783087520277,0.0493766892150007,-1.35772896347679,3.13191749796564e-07,6.70335570900815e-06,0.00710615371084749,0.0202783604637278,1.01061139891077,2.86375728133914e-05,0.0174669345031862,0.563253742199005,-6.04623275176264,-5.12554218462393,2.82686634028391,-2.41051032910331,0.0123085803575937
"Bcell","cg13492103","LM38","CpG ~ as.numeric(LM) +Age + Gender",47,-73.4007645856929,0.0851063829787234,0.650716519170446,"116769,116815","10-129-09,10-061-09",-4.45498122711408,-4.37718878530402e-05,0.0140841414055571,-0.433286544113707,2.05283044229049e-17,2.00749613576859e-05,0.0152666549587883,0.0202679160823691,0.322483682425711,9.13818105213391e-06,0.0055736570608121,0.179732923179145,-13.8145942566888,-4.79000006711607,2.52691208875792,-2.41072440401939,0.0282679529987557
"Bcell","cg07095230","LM38","CpG ~ as.numeric(LM) +Age + Gender",47,0.544963269799839,0.0851063829787234,0.650716519170446,"116769,116815","10-129-09,10-061-09",-7.19075398880275,-0.000154714977837525,0.0531398343335968,-1.40105030954902,5.42163127805607e-13,1.22689806852643e-09,8.44999968580969e-05,0.000948602200328423,0.708187732284928,2.00678299994625e-05,0.012239985368375,0.394701059990848,-10.1537398361903,-7.70960177765453,4.34149492293484,-3.54964921954227,1.90725487359485e-05
"Bcell","cg05338433","LM38","CpG ~ as.numeric(LM) +Age + Gender",47,34.7664774009714,0.0851063829787234,0.650716519170446,"116769,116815","10-129-09,10-061-09",-6.41761047830656,-0.000141138603645808,0.0213332343620564,-0.413435880237847,1.35275406865417e-07,1.46465270863654e-05,0.232484983016194,0.470661227761002,1.01919448949804,2.88807908118445e-05,0.0176152806244395,0.568037438383437,-6.29674762220044,-4.88693694592064,1.21106412193392,-0.727832097501237,0.0222625584320856
"Bcell","cg00800993","LM38","CpG ~ as.numeric(LM) +Age + Gender",47,-22.2553912481712,0.0851063829787234,0.650716519170446,"116769,116815","10-129-09,10-061-09",-6.35812267207075,-8.46329383954056e-05,0.0356985929952922,-0.87348070077471,1.23789827979638e-14,2.94001900070653e-06,0.000577769529745074,0.00722584585583945,0.555657587203135,1.57456017515673e-05,0.0096037257172602,0.30968997154669,-11.4425193113513,-5.37502089350009,3.71716082344306,-2.82050043923693,0.00644537915509059
"Bcell","cg14232643","LM38","CpG ~ as.numeric(LM) +Age + Gender",47,11.1312947615661,0.0851063829787234,0.650716519170446,"116769,116815","10-129-09,10-061-09",-5.39770718607686,-0.00012656244627229,0.0168481791115606,-0.634536341880475,2.42568109877873e-08,1.23847310188574e-06,0.22542996315282,0.158122472913047,0.792608785360513,2.24600591560314e-05,0.013699079344903,0.441752255055987,-6.81005217930022,-5.63500057560192,1.22987674480689,-1.43640770277461,0.00312586497905659
"Bcell","cg07085962","LM38","CpG ~ as.numeric(LM) +Age + Gender",47,-7.52355546436953,0.0851063829787234,0.650716519170446,"116769,116815","10-129-09,10-061-09",-5.54391869184838,-9.63040147168141e-05,0.0161518386768906,-1.10325449164431,8.5318778110073e-11,4.76575288176118e-06,0.157709927204326,0.00395542721545573,0.649936009718952,1.84171579921146e-05,0.0112331898544373,0.362235068849062,-8.52994542377442,-5.22903776782753,1.43786750568542,-3.04568659006349,0.0092606566544325
"Bcell","cg19878733","LM38","CpG ~ as.numeric(LM) +Age + Gender",47,-23.2436689373498,0.0851063829787234,0.650716519170446,"116769,116815","10-129-09,10-061-09",-5.17383506632082,-8.01462691526461e-05,0.0219530020394852,-0.625388557412476,5.29480756423907e-12,6.310896485892e-06,0.0257507136512736,0.0474456761131124,0.549846232433984,1.55809260953008e-05,0.00950328498085355,0.306451073465292,-9.40960356028629,-5.14387069564615,2.31004353586306,-2.04074520066351,0.0118263606626512
"Bcell","cg13401339","LM38","CpG ~ as.numeric(LM) +Age + Gender",47,-33.9109925838833,0.0851063829787234,0.650716519170446,"116769,116815","10-129-09,10-061-09",-4.70571098320183,-6.60307689812907e-05,0.013164514900365,-0.531750938283251,3.0592281086525e-12,2.30622760865185e-05,0.128056960203749,0.0584930999501812,0.490858792750247,1.39094061610914e-05,0.00848377367653127,0.273575038047116,-9.58668980306141,-4.74720259201272,1.55172867668337,-1.94371146607196,0.0314069966120415
"Bcell","cg20978923","LM38","CpG ~ as.numeric(LM) +Age + Gender",47,-50.1745583352125,0.0851063829787234,0.650716519170446,"116769,116815","10-129-09,10-061-09",2.07507418921683,-5.38289686914225e-05,0.0183049061436356,-0.0258906237627297,9.29771885859082e-06,3.69631871464266e-05,0.0138836726100113,0.910939565093967,0.4128729169073,1.16995298423842e-05,0.0071359022919511,0.230110422019086,5.02593922788773,-4.60095144134895,2.56518452673918,-0.112513911953898,0.0453907274546141
"Bcell","cg11167100","LM38","CpG ~ as.numeric(LM) +Age + Gender",47,21.9245664248992,0.0851063829787234,0.650716519170446,"116769,116815","10-129-09,10-061-09",-5.67957319121227,-0.00015981690137288,0.0294783957723183,-1.28575419216274,9.95066881382181e-08,1.15563023892826e-07,0.0617115626722635,0.0128914665166922,0.889048512615566,2.51928600272138e-05,0.0153658984618106,0.49550193305448,-6.38837263728507,-6.34373791622875,1.91842968672363,-2.59485202052961,0.00049095981694145
"Bcell","cg21959334","LM38","CpG ~ as.numeric(LM) +Age + Gender",47,0.878279140158043,0.0851063829787234,0.650716519170446,"116769,116815","10-129-09,10-061-09",5.25514330710644,0.000132265583040517,-0.0233405189447762,0.43150893778228,3.47188149088784e-09,5.45872453782918e-08,0.064131076576414,0.282051713924236,0.71070336220281,2.01391150997716e-05,0.0122834643386867,0.396103120136579,7.39428513581001,6.56759655949419,-1.90015766735003,1.08938535408025,0.000276573354833516
"Bcell","cg08635685","LM38","CpG ~ as.numeric(LM) +Age + Gender",47,25.5690781998753,0.0851063829787234,0.650716519170446,"116769,116815","10-129-09,10-061-09",-7.14012651345951,-0.000129429577063069,0.0362549323552141,-1.49560988573594,1.16338146935789e-09,1.22306172134702e-05,0.0282963780421469,0.00580149194661639,0.924195108519551,2.61888048586574e-05,0.0159733557785661,0.515090522387444,-7.72577829901863,-4.94217196094316,2.26971294309133,-2.9035864973865,0.0198238886751838
"Bcell","cg19533957","LM38","CpG ~ as.numeric(LM) +Age + Gender",47,-17.4275959848781,0.0851063829787234,0.650716519170446,"116769,116815","10-129-09,10-061-09",-6.00129552504299,-0.000144506531084429,0.0284922277933803,-0.522274529757905,3.94210255622531e-13,4.67306489487426e-11,0.00726835930738516,0.116474078502167,0.58494146258062,1.65754153814994e-05,0.0101098545158956,0.326011034628142,-10.2596514505344,-8.71812426768617,2.81826288880639,-1.60201488380179,6.39270604553904e-06
"Bcell","cg00672507","LM38","CpG ~ as.numeric(LM) +Age + Gender",47,-30.484586040805,0.0851063829787234,0.650716519170446,"116769,116815","10-129-09,10-061-09",-4.9747785896734,-7.24390898537328e-05,0.0181248927153921,-0.070284442335046,1.72985337957754e-12,9.43387224992191e-06,0.0454888873578158,0.805534051846522,0.509081249082963,1.44257736992267e-05,0.0087987220845878,0.283731134379023,-9.77207194064748,-5.02150465992794,2.05994604002102,-0.247714944956152,0.016503123911983
"Bcell","cg16252642","LM38","CpG ~ as.numeric(LM) +Age + Gender",47,-13.7749864131839,0.0851063829787234,0.650716519170446,"116769,116815","10-129-09,10-061-09",-7.00048465485646,-0.000116970668254114,0.0183426381978543,-0.333286750993055,1.01670360347205e-14,2.61186516285899e-08,0.0880961472667128,0.330933834246438,0.608118234011613,1.72321727465458e-05,0.0105104309877391,0.338928366903108,-11.5117164119153,-6.78792337881832,1.74518420978662,-0.983354547860358,0.000162409337460885
"Bcell","cg22946219","LM38","CpG ~ as.numeric(LM) +Age + Gender",47,32.2278211874967,0.0851063829787234,0.650716519170446,"116769,116815","10-129-09,10-061-09",5.52779526400305,0.00015046092262721,-0.0258192620608072,1.64421706835577,1.5269374966115e-06,3.16956921096388e-06,0.139415653844786,0.00480680555217401,0.992037488220238,2.81112461556843e-05,0.0171459117224723,0.552901766439592,5.57216368296744,5.35233912413327,-1.50585530117755,2.97379601252441,0.00669834674393809
"Bcell","cg02660524","LM38","CpG ~ as.numeric(LM) +Age + Gender",47,-21.6490029374695,0.0851063829787234,0.650716519170446,"116769,116815","10-129-09,10-061-09",-5.16358903194823,-9.00943454752715e-05,0.0139462448455362,-0.810281617974942,9.18507758062998e-12,1.04795100533399e-06,0.156313103951178,0.0127387034753845,0.559253687308524,1.58475040047214e-05,0.00966587902868674,0.311694220503178,-9.23299952978162,-5.68508109847644,1.4428325457153,-2.59960424247481,0.00271512593899024
"Bcell","cg07818503","LM38","CpG ~ as.numeric(LM) +Age + Gender",47,23.7731433770575,0.0851063829787234,0.650716519170446,"116769,116815","10-129-09,10-061-09",-5.0941214489282,-0.000143617806099161,0.0313379776276462,-1.02128710962953,1.30947952919115e-06,1.44020467216528e-06,0.0518718230035101,0.0495362110816692,0.906705332772905,2.56931992015529e-05,0.0156710706789013,0.505342777952603,-5.6182767044606,-5.58972064835275,1.99973430467887,-2.02097893585672,0.00353079854744692
"Bcell","cg26995744","LM38","CpG ~ as.numeric(LM) +Age + Gender",47,-9.52308773722067,0.0851063829787234,0.650716519170446,"116769,116815","10-129-09,10-061-09",-7.22461537117977,-0.000141239952355748,0.0446228386969631,-1.53505925455432,1.58984686413534e-14,8.16177534076186e-10,0.000205083691587922,8.79418918474491e-05,0.636256822970724,1.80295325339489e-05,0.0109967651918562,0.3546111165223,-11.35487292293,-7.83381111461427,4.0578149954506,-4.32885260227816,1.46910882215905e-05
"Bcell","cg17880199","LM38","CpG ~ as.numeric(LM) +Age + Gender",47,-0.249488671548157,0.0851063829787234,0.650716519170446,"116769,116815","10-129-09,10-061-09",-6.75176106205089,-0.00013330466823314,0.0393391409262888,-0.908679929742742,2.8053088191847e-12,3.51530113842588e-08,0.00230068756376204,0.0250519413189041,0.702227622990509,1.98989391042295e-05,0.0121369736283633,0.391379255123403,-9.61477566675292,-6.69908418408129,3.2412644313864,-2.32173759300613,0.000193907129207872
"Bcell","cg20979233","LM38","CpG ~ as.numeric(LM) +Age + Gender",47,25.9087953607014,0.0851063829787234,0.650716519170446,"116769,116815","10-129-09,10-061-09",-4.47611587476895,-0.000146033972566591,-0.00116048242973447,-0.0516082865775521,1.78722788804747e-05,1.61092823444321e-06,0.942627970178894,0.920942322687749,0.927541203827737,2.6283622756152e-05,0.0160311881240675,0.51695543377289,-4.82578655945106,-5.55608235293252,-0.0723890469473216,-0.0998312102087792,0.00385458157527703
"Bcell","cg16554974","LM38","CpG ~ as.numeric(LM) +Age + Gender",47,22.117428501996,0.0851063829787234,0.650716519170446,"116769,116815","10-129-09,10-061-09",-4.27284684194721,-0.000126080084649644,-0.00262719203350767,-0.698159355843648,1.96725819937577e-05,1.0312004800972e-05,0.865318925417304,0.166878084620048,0.890874467523013,2.52446018902804e-05,0.0153974574119753,0.496519610013017,-4.79623897385614,-4.9943384014381,-0.170625056021547,-1.40610630831951,0.0176333993096021
"Bcell","cg25245322","LM38","CpG ~ as.numeric(LM) +Age + Gender",47,-1.26884478267679,0.0851063829787234,0.650716519170446,"116769,116815","10-129-09,10-061-09",-6.03272451632089,-0.000141603927182793,0.0300760384328746,-0.884663637057602,5.20217443933378e-11,6.75220013775195e-09,0.0161111070681167,0.0273049004456237,0.694653657480501,1.96843165608733e-05,0.0120060687527254,0.387157984295273,-8.68450695012748,-7.19374364585561,2.50506964871805,-2.28501974114758,6.24117720705628e-05
"Bcell","cg04632887","LM38","CpG ~ as.numeric(LM) +Age + Gender",47,-132.593320254107,0.0851063829787234,0.650716519170446,"116769,116815","10-129-09,10-061-09",-0.305116751680315,-2.40978909039016e-05,0.0124091992820672,-0.289813960054229,0.0828136283717634,1.19249032990801e-05,0.0001407214213607,0.00416527812584513,0.171802317468839,4.86834146272843e-06,0.00296935086023978,0.0957522330908611,-1.77597576200133,-4.94991797276194,4.17909498275495,-3.02670706153891,0.0195133354833835
"Bcell","cg01364222","LM38","CpG ~ as.numeric(LM) +Age + Gender",47,-33.1017183289784,0.0851063829787234,0.650716519170446,"116769,116815","10-129-09,10-061-09",-4.65493219073236,-6.83854289211008e-05,0.0361843945532395,-1.08771340206486,5.42235253604977e-12,1.52601560957259e-05,0.000120551261142798,0.000292913738442841,0.495102987199292,1.40296733851696e-05,0.00855712834731785,0.275940495639047,-9.40194729396496,-4.87434219198499,4.22856746849907,-3.94184043029219,0.0228900668173159
"Bcell","cg08664237","LM38","CpG ~ as.numeric(LM) +Age + Gender",47,-29.5696220968755,0.0851063829787234,0.650716519170446,"116769,116815","10-129-09,10-061-09",-6.32887202284422,-8.74192973368579e-05,0.0267903955513394,-0.663246584288452,1.09263623237734e-15,3.6412848794672e-07,0.00429624611182623,0.02545570796051,0.514060667017509,1.45668748621688e-05,0.00888478401404994,0.286506361126542,-12.3115274692445,-6.00123898667463,3.01531196582545,-2.3149454053326,0.00116384142576223
"Bcell","cg09973986","LM38","CpG ~ as.numeric(LM) +Age + Gender",47,8.79265984089783,0.0851063829787234,0.650716519170446,"116769,116815","10-129-09,10-061-09",-6.84910000868206,-0.000128198745412199,0.0388213199010736,-0.537765274416872,2.9862800798999e-11,6.00734158534559e-07,0.00577582434643699,0.218779913003299,0.773132674755023,2.19081669686016e-05,0.0133624633630434,0.430897447566335,-8.85889347627467,-5.85164179166296,2.90525173737366,-1.24801220674227,0.00177111707227089
"Bcell","cg02016178","LM38","CpG ~ as.numeric(LM) +Age + Gender",47,-23.5049900282372,0.0851063829787234,0.650716519170446,"116769,116815","10-129-09,10-061-09",-5.94843035639326,-7.71903198236471e-05,0.0239532334556302,-0.441577730509128,6.88173970576548e-14,1.12422706476971e-05,0.0152430523031764,0.15571985677821,0.548319776292741,1.55376710924991e-05,0.00947690242721343,0.305600319026163,-10.8484694763544,-4.96794657089319,2.52753825837092,-1.44495179820582,0.0187377342322441
"Bcell","cg01016662","LM38","CpG ~ as.numeric(LM) +Age + Gender",47,-18.1029719154909,0.0851063829787234,0.650716519170446,"116769,116815","10-129-09,10-061-09",-6.08535144379236,-7.99291936072964e-05,0.0171808640372591,-0.930028722561532,2.05065607294433e-13,1.61507278741094e-05,0.0941621247229753,0.00628691228313549,0.580753807574522,1.64567503087685e-05,0.0100374770463833,0.323677088706134,-10.4783668474037,-4.85692449041464,1.71167156426521,-2.8733226879889,0.024015254591851
"Bcell","cg12423667","LM38","CpG ~ as.numeric(LM) +Age + Gender",47,-102.341712873343,0.0851063829787234,0.650716519170446,"116769,116815","10-129-09,10-061-09",-1.8909502258303,-3.07817714311096e-05,0.0150147503759713,-0.501026799387925,5.09647216906239e-10,3.91620438441849e-05,0.000674653041458229,0.000460645083543697,0.237026063872539,6.71657886516751e-06,0.00409664757163028,0.132104009136252,-7.97781558253928,-4.58295391880908,3.66513108912517,-3.79266914504591,0.047494046417027
"Bcell","cg10558887","LM38","CpG ~ as.numeric(LM) +Age + Gender",47,-0.099999788442128,0.0851063829787234,0.650716519170446,"116769,116815","10-129-09,10-061-09",-5.09257870491426,-0.000140184843738457,0.0207950185897601,-0.750089097428142,5.78069780216647e-09,1.15028802886439e-08,0.0943544918433971,0.0623588668873989,0.70334526914735,1.99306097080151e-05,0.0121562905015357,0.392002163573648,-7.24051035572881,-7.03364552274993,1.71063850334386,-1.91348203435928,8.64605780552855e-05
"Bcell","cg15979017","LM38","CpG ~ as.numeric(LM) +Age + Gender",47,-81.5345880503067,0.0851063829787234,0.650716519170446,"116769,116815","10-129-09,10-061-09",-5.39135380667365,-3.94945768179445e-05,0.0144713758819368,-0.761192369099021,7.55314912117023e-22,2.57969981083827e-05,0.00702831053405404,3.50014395132991e-05,0.295752365450516,8.380698960501e-06,0.00511164548713218,0.164834501949765,-18.2292838079623,-4.71256359452667,2.83106015829274,-4.61791894351708,0.0341534439202817
"Bcell","cg25466989","LM38","CpG ~ as.numeric(LM) +Age + Gender",47,-121.03901066136,0.0851063829787234,0.650716519170446,"116769,116815","10-129-09,10-061-09",3.73436989630901,2.62456244198515e-05,-0.00565493015753603,0.18859858341121,9.85117392992371e-23,2.15926733377072e-05,0.0993976254991281,0.088687465711864,0.194272669658555,5.50508111129079e-06,0.0033577179124859,0.108275849955888,19.2223121392853,4.76752728784002,-1.68415879621924,1.74183424547621,0.029836930504293
"Bcell","cg03738134","LM38","CpG ~ as.numeric(LM) +Age + Gender",47,27.0283971243705,0.0851063829787234,0.650716519170446,"116769,116815","10-129-09,10-061-09",-6.51020553680489,-0.000139230707953728,0.0410533881124308,-1.73383102196779,1.59465127149456e-08,4.68021626299611e-06,0.0151309432007637,0.00187192023471379,0.938654883242553,2.65985497437255e-05,0.0162232717584271,0.523149527295625,-6.93567535100397,-5.23452253206292,2.53052458984457,-3.3142169332173,0.00917262040919205
"Bcell","cg04170192","LM38","CpG ~ as.numeric(LM) +Age + Gender",47,8.63811727440201,0.0851063829787234,0.650716519170446,"116769,116815","10-129-09,10-061-09",-6.79968292531398,-0.000135424611315031,0.0314593885344619,-1.04456983009609,3.49406476364144e-11,1.92405836718328e-07,0.0229818096311351,0.0194333270947542,0.771862634932675,2.18721780039732e-05,0.013340512589069,0.430189604093117,-8.80944693728707,-6.19163812997635,2.35818438942437,-2.42816149009027,0.00074352898466753
"Bcell","cg06644844","LM38","CpG ~ as.numeric(LM) +Age + Gender",47,30.9688108298475,0.0851063829787234,0.650716519170446,"116769,116815","10-129-09,10-061-09",7.40212538872583,0.00013162159328739,-0.0451499582987675,0.808041479018673,1.99371731399336e-09,2.32046241139232e-05,0.0106948718326155,0.14585457306296,0.978838994541843,2.77372420388205e-05,0.0169177951339698,0.545545723391039,7.56214804477674,4.74530211414586,-2.66878502436227,1.48116178786261,0.0314917596642915
"Bcell","cg26046204","LM38","CpG ~ as.numeric(LM) +Age + Gender",47,-9.9949741868071,0.0851063829787234,0.650716519170446,"116769,116815","10-129-09,10-061-09",-5.53101781654946,-0.000147780128502055,0.0214965752516184,-0.627055606441786,4.402864415355e-11,2.18837429793988e-10,0.0559381948523312,0.0826108564409631,0.633070773847752,1.79392498458212e-05,0.0109416990097263,0.35283540521202,-8.73680802374179,-8.2378098176987,1.964646919323,-1.77719014922832,8.80492398776111e-06
"Bcell","cg07085824","LM38","CpG ~ as.numeric(LM) +Age + Gender",47,25.644720451373,0.0851063829787234,0.650716519170446,"116769,116815","10-129-09,10-061-09",-6.39924203462481,-0.000129624720611321,0.0181688171683262,0.00984414869460093,1.68840064212249e-08,1.20927197893115e-05,0.262029073109449,0.984852762323256,0.924939112073908,2.62098875972692e-05,0.0159862147878432,0.515505185023006,-6.91855490928085,-4.9456419883627,1.13653027995988,0.0190961196523399,0.0197407156856566
"Bcell","cg26413827","LM38","CpG ~ as.numeric(LM) +Age + Gender",47,19.8601309831356,0.0851063829787234,0.650716519170446,"116769,116815","10-129-09,10-061-09",-4.95548341516004,-0.000133303194381724,0.0224179554578337,-0.684215761552272,1.00478072262271e-06,2.62837463433775e-06,0.143173119129878,0.165287933284416,0.869736006440899,2.46456038787257e-05,0.0150321101423746,0.484738308791141,-5.69768685953187,-5.40880211487912,1.49133789238537,-1.41151575838641,0.00595296393382069
"Bcell","cg16643618","LM38","CpG ~ as.numeric(LM) +Age + Gender",47,17.5483379048674,0.0851063829787234,0.650716519170446,"116769,116815","10-129-09,10-061-09",-5.34022883188689,-0.000136339244017936,0.0144050517620778,-0.832230024345021,1.37015102919375e-07,1.10302884766685e-06,0.33152231314295,0.0855869383007069,0.848606999769229,2.40468737756546e-05,0.0146669262783798,0.472962276886501,-6.29293516709045,-5.66972843496887,0.98214523538664,-1.75961184436013,0.00283079505138736
"Bcell","cg16246366","LM38","CpG ~ as.numeric(LM) +Age + Gender",47,-3.83841792008358,0.0851063829787234,0.650716519170446,"116769,116815","10-129-09,10-061-09",-6.79826779506035,-0.000132385823871207,0.0341120973292938,-0.621218404233175,7.24560566113212e-13,1.72672911488312e-08,0.00555342171845003,0.106429978116339,0.675921876700799,1.91535163575693e-05,0.0116823174192655,0.376718021285168,-10.0577715108778,-6.91182868982119,2.91997692795429,-1.64902757270252,0.000119003991675581
"Bcell","cg14033944","LM38","CpG ~ as.numeric(LM) +Age + Gender",47,23.5743768748328,0.0851063829787234,0.650716519170446,"116769,116815","10-129-09,10-061-09",-6.54666011313635,-0.000169550848502796,0.0502974180812576,-0.679064323051376,5.87656494405334e-09,4.68852929625483e-08,0.00246724248594765,0.185159888946585,0.904790096198168,2.56389273746934e-05,0.0156379686261785,0.50427534078627,-7.23555677791426,-6.6130242511685,3.21636519957317,-1.34661417707353,0.000242949287575138
"Bcell","cg19640224","LM38","CpG ~ as.numeric(LM) +Age + Gender",47,47.5993921213081,0.0851063829787234,0.650716519170446,"116769,116815","10-129-09,10-061-09",-6.00921798303289,-0.000162413138621645,0.0329314189529403,-2.2206655674512,6.31562229292752e-06,1.37665604421579e-05,0.11021260997607,0.00142128902008462,1.16828045187822,3.31054216716574e-05,0.020192012633445,0.651128947454565,-5.14364335495983,-4.90593777153704,1.63091315119299,-3.41048509075255,0.0213520601125483
"Bcell","cg02284150","LM38","CpG ~ as.numeric(LM) +Age + Gender",47,-18.5028902546157,0.0851063829787234,0.650716519170446,"116769,116815","10-129-09,10-061-09",-6.1583397172922,-8.25600513612629e-05,0.00823151786293193,-0.20716449484813,1.23590562491474e-13,8.93193077878565e-06,0.414725785908848,0.523790481852022,0.578288267773507,1.63868846060345e-05,0.00999486381021191,0.322302945765575,-10.6492558477845,-5.03817860112715,0.823574789935772,-0.64276326844003,0.0157458659614317
"Bcell","cg18621091","LM38","CpG ~ as.numeric(LM) +Age + Gender",47,-30.93711411246,0.0851063829787234,0.650716519170446,"116769,116815","10-129-09,10-061-09",-5.78007656872285,-0.000103682492081525,0.0261900131925889,-1.23732609886395,1.36310798590987e-14,6.14732851286702e-09,0.00458951095000978,7.43466135621815e-05,0.50663635630848,1.43564930687829e-05,0.00875646570196117,0.282368498843754,-11.4087283645382,-7.22199297452206,2.99093425178645,-4.38195515410028,5.83991939744233e-05
"Bcell","cg22580625","LM38","CpG ~ as.numeric(LM) +Age + Gender",47,18.3972667386476,0.0851063829787234,0.650716519170446,"116769,116815","10-129-09,10-061-09",-7.5882014453047,-0.00013841700042105,0.0501666267572071,-1.09008738996045,2.96114384749467e-11,9.82575619200743e-07,0.00150908299094932,0.0273644218869306,0.856305614877522,2.42650284995808e-05,0.0147999855393447,0.477253019870569,-8.8615575017455,-5.70438235518417,3.38964025497476,-2.28408694041598,0.00257500693737629
"Bcell","cg00166722","LM38","CpG ~ as.numeric(LM) +Age + Gender",47,-33.9911684369779,0.0851063829787234,0.650716519170446,"116769,116815","10-129-09,10-061-09",6.13650331993799,6.71307956714632e-05,-0.0223580055447681,0.0127296149444929,6.32332101076997e-16,1.76059015389711e-05,0.0115747038732561,0.963071306984447,0.490440300797075,1.38975474052989e-05,0.00847654065744595,0.273341795913732,12.512233007697,4.83040594960426,-2.63763325728031,0.0465703201441993,0.0255676191574279
"Bcell","cg06085875","LM38","CpG ~ as.numeric(LM) +Age + Gender",47,29.0514669989098,0.0851063829787234,0.650716519170446,"116769,116815","10-129-09,10-061-09",6.57972894117472,0.00014576114635433,-0.0356690288605349,0.558038343042175,2.04955248665696e-08,3.05589705058591e-06,0.0370699537107353,0.302329391235449,0.959075591575519,2.71772088825564e-05,0.016576213725384,0.534530796494938,6.86049045452808,5.36335968068767,-2.15182003872894,1.04397790866566,0.00655240847371633
"Bcell","cg25219173","LM38","CpG ~ as.numeric(LM) +Age + Gender",47,22.7591893509411,0.0851063829787234,0.650716519170446,"116769,116815","10-129-09,10-061-09",-6.27639222905345,-0.000138595806229588,0.0283200747583721,-1.22633306048978,1.29854504343877e-08,2.27144156229267e-06,0.0746834548148627,0.0182957396901359,0.896977493777184,2.54175426060928e-05,0.0155029392618414,0.49992106816014,-6.99726835132003,-5.45276183372523,1.82675519009989,-2.45305336901095,0.00517884890466792
"Bcell","cg25405984","LM38","CpG ~ as.numeric(LM) +Age + Gender",47,-4.93139601454465,0.0851063829787234,0.650716519170446,"116769,116815","10-129-09,10-061-09",-5.79995077136111,-0.000141933229715752,0.0130239052323738,-0.695746376786392,5.25813862223411e-11,2.47234048375263e-09,0.265625742998493,0.0685204487835098,0.668108159478747,1.89320999989858e-05,0.0115472687872284,0.372363127336268,-8.6811554223289,-7.49696175930588,1.12787755029818,-1.8684620621904,3.13160838737848e-05
"Bcell","cg10071690","LM38","CpG ~ as.numeric(LM) +Age + Gender",47,-93.0534078491658,0.0851063829787234,0.650716519170446,"116769,116815","10-129-09,10-061-09",-2.07292882381328,-3.54050894630364e-05,0.0155706374345968,-0.539260531580646,6.10108784295576e-10,2.10527332204777e-05,0.00129318951854724,0.000611741753875712,0.261643231723323,7.41415256911159e-06,0.00452211918115993,0.14582413136052,-7.92273054479513,-4.77533866925521,3.44321695444632,-3.69801984451691,0.0293278294483516
"Bcell","cg16915821","LM38","CpG ~ as.numeric(LM) +Age + Gender",47,-22.1512199177929,0.0851063829787234,0.650716519170446,"116769,116815","10-129-09,10-061-09",-4.90908447520857,-7.727626339698e-05,0.0213273274811996,-1.02999619987355,3.32615961378468e-11,1.39279833837044e-05,0.0318674534805448,0.00182985135152359,0.556273711409578,1.5763060788585e-05,0.00961437451972904,0.310033361958981,-8.82494422173776,-4.90236410513247,2.21827508772777,-3.32221085293983,0.0214564662039119
"Bcell","cg25590798","LM38","CpG ~ as.numeric(LM) +Age + Gender",47,-18.3697954428813,0.0851063829787234,0.650716519170446,"116769,116815","10-129-09,10-061-09",-7.19773476802921,-8.40500496687004e-05,0.0319262858090922,-1.0614703864757,7.92810547801772e-16,6.78534031199685e-06,0.00265787213237416,0.00201225055078905,0.579107647378263,1.64101032666575e-05,0.0100090255838718,0.322759618458122,-12.429010047812,-5.12184769973239,3.18974964561355,-3.2887335520674,0.0124094621569633
"Bcell","cg09238957","LM38","CpG ~ as.numeric(LM) +Age + Gender",47,7.56971080576723,0.0851063829787234,0.650716519170446,"116769,116815","10-129-09,10-061-09",-7.31858783081587,-0.00011723098332534,0.0192579891379863,-0.429121040686378,3.02712534786511e-12,2.52334566579248e-06,0.1515380962633,0.318657568290482,0.763139292732926,2.16249857125636e-05,0.0131897424245764,0.425327740132561,-9.59010746859439,-5.42108951578318,1.46007317793431,-1.00891853551013,0.00573407248728813
"Bcell","cg21467930","LM38","CpG ~ as.numeric(LM) +Age + Gender",47,7.99080978641744,0.0851063829787234,0.650716519170446,"116769,116815","10-129-09,10-061-09",4.98920245246341,0.000154403727846777,-0.0151546748306184,0.550357026212329,6.65319803862721e-08,8.975686622498e-09,0.259018455892032,0.20457354833376,0.766565655057103,2.17220781267689e-05,0.0132489620676213,0.427237387503749,6.50851289716567,7.10814715542799,-1.14383864587056,1.28817618099376,7.13874973413433e-05
"Bcell","cg10701560","LM38","CpG ~ as.numeric(LM) +Age + Gender",47,35.1943021563926,0.0851063829787234,0.650716519170446,"116769,116815","10-129-09,10-061-09",-6.99152517141973,-0.000138065853220443,0.0282557817268407,-1.54541848670423,2.27913566721004e-08,2.22095901111393e-05,0.117641954277341,0.00966807275693089,1.02384374921067,2.90125363212386e-05,0.0176956362536917,0.570628654883092,-6.82870328290798,-4.75883430844247,1.59676551448926,-2.70827353915629,0.0305045152370858
"Bcell","cg27541188","LM38","CpG ~ as.numeric(LM) +Age + Gender",47,-33.5866317522719,0.0851063829787234,0.650716519170446,"116769,116815","10-129-09,10-061-09",-5.59421401690369,-6.36984022027256e-05,0.0220750383173747,-0.313593641770551,1.57780781274047e-14,4.16506325782517e-05,0.0129492681833807,0.259637239382617,0.49255549892556,1.39574855184891e-05,0.00851309875209175,0.274520679570344,-11.3575303272559,-4.5637448176712,2.59306733778351,-1.14233158048917,0.049262297174038
"Bcell","cg07671858","LM38","CpG ~ as.numeric(LM) +Age + Gender",47,8.0101253588456,0.0851063829787234,0.650716519170446,"116769,116815","10-129-09,10-061-09",-6.36733187853168,-0.000131612935707332,0.0364235986888014,-1.229065185594,1.76302422133026e-10,3.01386679953208e-07,0.00871397057645106,0.00623947356260324,0.766723188842281,2.17265421425602e-05,0.0132516848078464,0.42732518731891,-8.30460324037685,-6.05770282467153,2.74860134518403,-2.87618240643689,0.00100071350560483
"Bcell","cg14778137","LM38","CpG ~ as.numeric(LM) +Age + Gender",47,37.908232184611,0.0851063829787234,0.650716519170446,"116769,116815","10-129-09,10-061-09",-5.96567288243564,-0.000137215456044827,0.0316369456097177,-1.43308403310603,1.13592192417651e-06,3.76854478099213e-05,0.0895539144663707,0.0188872503193058,1.05383461111702,2.98623837428143e-05,0.0182139842766576,0.587343749546313,-5.66091948347785,-4.59492642069623,1.73695909303394,-2.43994089357893,0.0459476967464298
"Bcell","cg14260522","LM38","CpG ~ as.numeric(LM) +Age + Gender",47,32.2945164132766,0.0851063829787234,0.650716519170446,"116769,116815","10-129-09,10-061-09",-3.64654293641093,-0.00014931684677375,0.0155048642727404,-0.28246701523741,0.000658656918761816,3.67240147731268e-06,0.371216946812863,0.612299139436401,0.992741612074833,2.81311988280739e-05,0.0171580814696804,0.55329420253966,-3.67320447945124,-5.30787357077501,0.903647899104493,-0.510518660670699,0.00747590550141216
"Bcell","cg06548655","LM38","CpG ~ as.numeric(LM) +Age + Gender",47,1.89301996441179,0.0851063829787234,0.650716519170446,"116769,116815","10-129-09,10-061-09",-7.09240333194803,-0.000125501797226172,0.0417211392774677,-0.703717868506108,1.27339273003748e-12,2.10490735503572e-07,0.00164258341482865,0.0859457551004408,0.718417046985116,2.03576968512251e-05,0.0124167840568454,0.400402262046576,-9.8722648101291,-6.16483279731221,3.3600599870678,-1.75752720503924,0.00077824113854468
"Bcell","cg19049165","LM38","CpG ~ as.numeric(LM) +Age + Gender",47,-92.3933665533561,0.0851063829787234,0.650716519170446,"116769,116815","10-129-09,10-061-09",-5.40734326447706,-4.07534854350785e-05,0.0216937018783543,-0.401421336670454,7.74413924070563e-24,2.23037396293686e-06,2.18639131223074e-05,0.00906019886229508,0.263486881384078,7.46639584625961e-06,0.00455398395916059,0.146851670305602,-20.5222485312084,-5.45825405915151,4.76367551420909,-2.73351563407543,0.00510222287217056
"Bcell","cg27285761","LM38","CpG ~ as.numeric(LM) +Age + Gender",47,-82.0193714613139,0.0851063829787234,0.650716519170446,"116769,116815","10-129-09,10-061-09",-3.88278071452415,-4.27313276551922e-05,0.0136894998043862,-0.500718086611172,1.0179725135897e-16,6.712184260678e-06,0.0100810343492493,0.00387292383668838,0.294231016925991,8.33758869161565e-06,0.0050853512111493,0.16398659418764,-13.1963677898065,-5.12514220066566,2.69194776053479,-3.05340865874822,0.0123085803575937
"Bcell","cg25336332","LM38","CpG ~ as.numeric(LM) +Age + Gender",47,20.2843317237102,0.0851063829787234,0.650716519170446,"116769,116815","10-129-09,10-061-09",-6.0124605549975,-0.000126087134086989,0.0349785045673522,-0.64936955868713,1.90849405334408e-08,7.4611946616769e-06,0.0253662490964263,0.189357402867735,0.873669797814287,2.47570752484425e-05,0.0151000999516546,0.486930766460309,-6.88184548674938,-5.09297373868592,2.31644192285756,-1.33359730667185,0.0135011106947452
"Bcell","cg13782728","LM38","CpG ~ as.numeric(LM) +Age + Gender",47,-25.4835265083386,0.0851063829787234,0.650716519170446,"116769,116815","10-129-09,10-061-09",-6.05875936477414,-7.59934675470921e-05,0.0196754159136351,-0.412698299325078,1.94375912502069e-14,1.02912438405038e-05,0.0397888845748699,0.174971797175276,0.536899211984071,1.52140479448559e-05,0.00927951473795526,0.299235186402668,-11.2847238914441,-4.99495386254429,2.12030655365613,-1.37917704226711,0.0176333993096021
"Bcell","cg15744637","LM38","CpG ~ as.numeric(LM) +Age + Gender",47,-60.9963744597118,0.0851063829787234,0.650716519170446,"116769,116815","10-129-09,10-061-09",-4.96706785722742,-4.82396746889863e-05,0.0167227135069083,-0.357573023551387,4.62928512065771e-17,3.40698112946619e-05,0.0118181600830064,0.0883895051448399,0.367974681272125,1.0427253976922e-05,0.00635990219736136,0.205086857801523,-13.4983957049865,-4.62630667630732,2.62939790392474,-1.74351992801721,0.0426805505063961
"Bcell","cg07158797","LM38","CpG ~ as.numeric(LM) +Age + Gender",47,10.3113065160471,0.0851063829787234,0.650716519170446,"116769,116815","10-129-09,10-061-09",-5.81486223649022,-0.000113551494191576,0.00991694370169913,-0.507947967559023,3.39966073848334e-09,7.29076977532111e-06,0.469194003149054,0.252480482827864,0.785724707145506,2.22649858653998e-05,0.0135800981584391,0.437915485729644,-7.40063559616865,-5.10000297678324,0.73025567164523,-1.15992236883949,0.0132277190251214
"Bcell","cg17618876","LM38","CpG ~ as.numeric(LM) +Age + Gender",47,16.6158576657765,0.0851063829787234,0.650716519170446,"116769,116815","10-129-09,10-061-09",-5.29429485173119,-0.000139022419409449,0.0309510580858158,-0.802941720997398,1.33359475552882e-07,6.26788405941153e-07,0.0388211075568832,0.0936164635231154,0.840230432648879,2.38095080076712e-05,0.0145221496120861,0.468293684406342,-6.30100344621009,-5.83894549037543,2.13130004252654,-1.71461146655286,0.00181661074458355
"Bcell","cg08230247","LM38","CpG ~ as.numeric(LM) +Age + Gender",47,-30.6463984569799,0.0851063829787234,0.650716519170446,"116769,116815","10-129-09,10-061-09",-5.68233526337506,-7.43701046094788e-05,0.0179463492193853,-0.727687650195966,2.61817457919732e-14,5.90126887424054e-06,0.0471947750998254,0.0137479075329339,0.508205666034931,1.44009624084385e-05,0.00878358891691468,0.283243137282471,-11.181172590438,-5.16424545111653,2.04316816157297,-2.5691272070266,0.0111812698161666
"Bcell","cg04104114","LM38","CpG ~ as.numeric(LM) +Age + Gender",47,25.1482134421559,0.0851063829787234,0.650716519170446,"116769,116815","10-129-09,10-061-09",-7.02110902402579,-0.000138197642928457,0.0337659449283369,-1.12134767945339,1.58850290231698e-09,3.76120097854434e-06,0.0395164364732612,0.0342479986104566,0.920066473374784,2.6071812224589e-05,0.0159019983807187,0.512789470570721,-7.63108886934279,-5.30065350801044,2.12337745985929,-2.18676034475777,0.00758891641097179
"Bcell","cg21912093","LM38","CpG ~ as.numeric(LM) +Age + Gender",47,-51.8586777959821,0.0851063829787234,0.650716519170446,"116769,116815","10-129-09,10-061-09",-4.75930988907746,-5.33850746441897e-05,0.022151510321747,-0.524636314845313,5.39920222710724e-15,3.20288381809388e-05,0.00288459569874058,0.0250867238319086,0.405541687677123,1.14917856875912e-05,0.00700919275658531,0.22602443772951,-11.7356859570665,-4.64549862793168,3.16035114042699,-2.32114863381791,0.0406448333424327
"Bcell","cg08581937","LM38","CpG ~ as.numeric(LM) +Age + Gender",47,-30.7524875423291,0.0851063829787234,0.650716519170446,"116769,116815","10-129-09,10-061-09",-4.93039632969002,-8.29844879186206e-05,0.0254327383775878,-0.50638841393667,2.07649305563993e-12,7.92042039661991e-07,0.00587659222130532,0.0805231132112973,0.507632424957819,1.4384718545463e-05,0.00877368128638604,0.282923647335877,-9.71253231134654,-5.76893372340567,2.8987533906721,-1.78984124764765,0.00220224713381546
"Bcell","cg00956789","LM38","CpG ~ as.numeric(LM) +Age + Gender",47,29.0197879592715,0.0851063829787234,0.650716519170446,"116769,116815","10-129-09,10-061-09",-4.75792876207961,-0.000132575684373763,0.021825797780868,-0.397892881792978,1.14396497112662e-05,1.49893473912018e-05,0.19476857469049,0.460546599606107,0.958752426951884,2.71680514057557e-05,0.0165706282992539,0.534350684056265,-4.96262499924643,-4.87983780631673,1.31713761160466,-0.744628749742709,0.0227331234342463
"Bcell","cg11979589","LM38","CpG ~ as.numeric(LM) +Age + Gender",47,-29.9512376977133,0.0851063829787234,0.650716519170446,"116769,116815","10-129-09,10-061-09",-4.89788380406573,-7.136360916056e-05,0.0325775771719153,-1.43684434145368,3.25511877651208e-12,1.31936892321222e-05,0.000642435281933291,9.01212734324148e-06,0.511977944658478,1.45078570109244e-05,0.00884878721540635,0.285345577501946,-9.56659140333268,-4.91896281489564,3.68158668288413,-5.03545334058623,0.0206982051979941
"Bcell","cg14715696","LM38","CpG ~ as.numeric(LM) +Age + Gender",47,-5.44469099072054,0.0851063829787234,0.650716519170446,"116769,116815","10-129-09,10-061-09",-5.76195165603099,-8.66437261514238e-05,0.0434662004868259,-1.62916276989758,5.42275425608702e-11,3.68850387697493e-05,0.000471678218262151,7.04011116749183e-05,0.66446984089725,1.88290014059873e-05,0.011484385791417,0.370335348351637,-8.6715021531308,-4.60161026510267,3.78480845874327,-4.39915546044682,0.0453762267865372
"Bcell","cg03207439","LM38","CpG ~ as.numeric(LM) +Age + Gender",47,-7.0579067300963,0.0851063829787234,0.650716519170446,"116769,116815","10-129-09,10-061-09",-5.67390817370449,-0.000153616472479753,0.0406122428648941,-0.913161113024857,5.16406335756453e-11,1.79103579686414e-10,0.000824106948292009,0.0159776763892719,0.653163591842684,1.85086175958547e-05,0.0112889738735169,0.364033928144936,-8.68681023340177,-8.29972696146459,3.5975141159789,-2.50845056579807,8.16706353250725e-06
"Bcell","cg14154651","LM38","CpG ~ as.numeric(LM) +Age + Gender",47,37.3155066244189,0.0851063829787234,0.650716519170446,"116769,116815","10-129-09,10-061-09",-6.80828064877363,-0.000145548705549174,0.0399476962054135,-1.84052347333145,6.81479186564277e-08,1.38172150353466e-05,0.0326930139809,0.00294031347972494,1.04721046752682,2.96746761881645e-05,0.0180994956786125,0.583651852077052,-6.50134892640316,-4.90481192199916,2.20711653599378,-3.15346120599385,0.0213768422717364
"Bcell","cg26274580","LM38","CpG ~ as.numeric(LM) +Age + Gender",47,9.3187583378512,0.0851063829787234,0.650716519170446,"116769,116815","10-129-09,10-061-09",-4.94362666839451,-0.000172362419001751,0.039918382211698,-1.43691639413425,1.09950546449394e-07,8.43986860555738e-10,0.00484734515238907,0.00186195654070055,0.777471869385921,2.20311262013272e-05,0.0134374599725178,0.433315852520621,-6.35859233376403,-7.82358638531007,2.97067915315386,-3.31609468191768,1.480212288938e-05
"Bcell","cg24018765","LM38","CpG ~ as.numeric(LM) +Age + Gender",47,-11.1302973243776,0.0851063829787234,0.650716519170446,"116769,116815","10-129-09,10-061-09",-5.39973739682267,-0.000146007817342841,0.0221825773721769,-0.375127352940763,6.13127840030494e-11,2.18764343077091e-10,0.0462922581656063,0.287884072748731,0.625470594244187,1.77238844768707e-05,0.0108103410619622,0.348599524231747,-8.63307955084228,-8.23791294359754,2.05197756898064,-1.07609829292647,8.80492398776111e-06
"Bcell","cg01168283","LM38","CpG ~ as.numeric(LM) +Age + Gender",47,20.7269838802396,0.0851063829787234,0.650716519170446,"116769,116815","10-129-09,10-061-09",-8.21881142346948,-0.000126628594475209,0.049595269351964,-0.527136451561823,6.12036467148595e-12,7.51431615717739e-06,0.00212770466193898,0.287272040786374,0.877793668280583,2.48739328663942e-05,0.015171374999029,0.489229162733089,-9.36303338752538,-5.09081515799578,3.26900293184621,-1.07748370644334,0.0135613579945344
"Bcell","cg14203032","LM38","CpG ~ as.numeric(LM) +Age + Gender",47,-60.0025441099628,0.0851063829787234,0.650716519170446,"116769,116815","10-129-09,10-061-09",-5.19268836025442,-5.13852237064538e-05,0.0158158905420831,-0.589132200518828,1.40682999637527e-17,1.51707695516803e-05,0.0179603539918125,0.00682200280834075,0.371885792678048,1.05380826671477e-05,0.00642750001669682,0.207266675026935,-13.9631264826238,-4.87614543646033,2.46065974344581,-2.84238747228549,0.0228060011417617
"Bcell","cg02454885","LM38","CpG ~ as.numeric(LM) +Age + Gender",47,-61.049726089523,0.0851063829787234,0.650716519170446,"116769,116815","10-129-09,10-061-09",3.78433731168271,6.00404784803869e-05,-0.00346782903556366,0.299622434314991,3.59824726436354e-13,8.12493581346658e-07,0.588177946995309,0.151070799139089,0.367765888945074,1.04213374540377e-05,0.00635629352848498,0.204970489571677,10.2900715521441,5.7613025914562,-0.545574086536909,1.46178327885691,0.00224996577802918
"Bcell","cg13939958","LM38","CpG ~ as.numeric(LM) +Age + Gender",47,6.64877163336501,0.0851063829787234,0.650716519170446,"116769,116815","10-129-09,10-061-09",-5.38947965362875,-0.00014481474226189,0.0264182154928518,-0.713177648659696,8.29696229967803e-09,2.84286306786473e-08,0.0493557770097863,0.0976358003536684,0.755699151077732,2.14141553195736e-05,0.0130611504978222,0.421181054636736,-7.13177942034552,-6.76257083694177,2.02265608203938,-1.69328045696358,0.000166196933684114
"Bcell","cg05139649","LM38","CpG ~ as.numeric(LM) +Age + Gender",47,-35.3221250046524,0.0851063829787234,0.650716519170446,"116769,116815","10-129-09,10-061-09",-5.20320955361075,-6.38576360658334e-05,0.0157509357022669,-0.76828610365858,8.9053465023333e-14,3.05267216778719e-05,0.0662439688429662,0.00667251086123459,0.483545032081078,1.37021570107961e-05,0.00835736605959955,0.269498789678161,-10.7605480532334,-4.66040755594315,1.88467701306141,-2.85079611888453,0.0392483552519849
"Bcell","cg05786429","LM38","CpG ~ as.numeric(LM) +Age + Gender",47,-44.8502515567189,0.0851063829787234,0.650716519170446,"116769,116815","10-129-09,10-061-09",-3.72662926212243,-8.02291169782702e-05,0.0132092885974923,-0.47167864568244,8.55642153071115e-11,7.32388597321452e-08,0.0873973117204209,0.0593436760189301,0.436933670506171,1.23813365030604e-05,0.00755175709792473,0.243520432552609,-8.52905031970934,-6.47984302489792,1.74916756805145,-1.93691609668334,0.000350314782255165
"Bcell","cg10730421","LM38","CpG ~ as.numeric(LM) +Age + Gender",47,13.6983682997742,0.0851063829787234,0.650716519170446,"116769,116815","10-129-09,10-061-09",-3.28879426934032,-0.000162046029514307,0.0179332241017537,-0.807270073748762,0.000218324725420194,1.20184561492813e-08,0.209570974708459,0.0824431019509879,0.814552642707625,2.30818795840039e-05,0.0140783467066628,0.45398243550157,-4.0375466199559,-7.02048673829003,1.27381605776667,-1.77819671119406,8.93539555850833e-05
"Bcell","cg01521060","LM38","CpG ~ as.numeric(LM) +Age + Gender",47,-82.992467667042,0.0851063829787234,0.650716519170446,"116769,116815","10-129-09,10-061-09",1.5622149908929,-5.38934053090736e-05,0.0105346559073141,-0.226920255046779,3.04200706358242e-06,6.16695699016702e-08,0.0422731529394846,0.169231772716223,0.291200823229738,8.25172245983888e-06,0.00503297876128235,0.162297747276907,5.36473411567389,-6.53117037944171,2.0931254445886,-1.39817254924442,0.000307895455948123
"Bcell","cg03168249","LM38","CpG ~ as.numeric(LM) +Age + Gender",47,13.1298208228634,0.0851063829787234,0.650716519170446,"116769,116815","10-129-09,10-061-09",-7.29923404646079,-0.000133231545182247,0.0331948785301545,-0.751103632607339,1.81996042690668e-11,6.9709586740193e-07,0.0222290577460514,0.103281087155567,0.809640790243883,2.2942693015625e-05,0.0139934525471808,0.451244865665812,-9.01539810545128,-5.80714500653914,2.37217215824569,-1.66451452361477,0.00197846509470366
"Bcell","cg10332700","LM38","CpG ~ as.numeric(LM) +Age + Gender",47,23.277629444866,0.0851063829787234,0.650716519170446,"116769,116815","10-129-09,10-061-09",-6.20885835088742,-0.000125485697174769,0.0348820822628454,-0.682137892931984,1.89540986165207e-08,1.35933793513172e-05,0.030477542257564,0.181866521376198,0.901938279406434,2.55581157876564e-05,0.0155886791592578,0.502685910386275,-6.88390601957096,-4.90981800917317,2.23765476898212,-1.35698629867667,0.0211313716122823
"Bcell","cg17712807","LM38","CpG ~ as.numeric(LM) +Age + Gender",47,-18.1057417065997,0.0851063829787234,0.650716519170446,"116769,116815","10-129-09,10-061-09",-6.02957937449229,-7.96873402900905e-05,0.0422121330025539,-1.06335806352636,2.72768495717373e-13,1.69340013645407e-05,0.000129547272885119,0.00203167302923543,0.580736695414587,1.64562654035649e-05,0.0100371812878186,0.32366755142194,-10.3826388483817,-4.84237087430712,4.2055764255034,-3.28534034028064,0.0247772383711764
"Bcell","cg26942943","LM38","CpG ~ as.numeric(LM) +Age + Gender",47,-57.2006284522716,0.0851063829787234,0.650716519170446,"116769,116815","10-129-09,10-061-09",-5.31440606479225,-8.86217038972362e-05,0.0155636039831472,0.0819252552278721,1.77900386043328e-17,2.79200521230001e-10,0.0234162846212413,0.703123219325527,0.383137683523029,1.08569261352787e-05,0.00662197243273934,0.21353779925142,-13.8707474971535,-8.16268829620817,2.3502973081253,0.383656924043752,1.00511452904587e-05
"Bcell","cg09513309","LM38","CpG ~ as.numeric(LM) +Age + Gender",47,3.30614350754731,0.0851063829787234,0.650716519170446,"116769,116815","10-129-09,10-061-09",-5.20874154713594,-0.000116502376127214,0.0271407163516169,0.0415390404753222,8.01635095249526e-09,1.22868773468242e-06,0.0369551574922702,0.919076718827506,0.729298763836172,2.0666050743723e-05,0.0126048585587999,0.406467073649248,-7.14212309882102,-5.63737975735882,2.15319483554768,0.102195339224863,0.0031211940590949
"Bcell","cg05800065","LM38","CpG ~ as.numeric(LM) +Age + Gender",47,16.5839059124454,0.0851063829787234,0.650716519170446,"116769,116815","10-129-09,10-061-09",-5.33631587361661,-0.000143622479366181,0.023952404574179,-0.67126715403061,1.11965487610526e-07,3.26073564425248e-07,0.106244108535957,0.158827646657314,0.839944876550392,2.38014162390927e-05,0.0145172141941058,0.468134532687636,-6.35317390771233,-6.03419888646321,1.64993119574581,-1.43391932694381,0.00106714204640693
"Bcell","cg12954230","LM38","CpG ~ as.numeric(LM) +Age + Gender",47,-71.4582095219648,0.0851063829787234,0.650716519170446,"116769,116815","10-129-09,10-061-09",-6.30894838404462,-5.00712326058446e-05,0.0293216594735314,-0.618990718602117,1.10887420420778e-22,3.01652176414965e-06,6.1208153248887e-06,0.0015805577231259,0.329217299395909,9.32899074069408e-06,0.00569003774552905,0.183485834497073,-19.1634777261739,-5.36727219456102,5.15315728732571,-3.37350684481309,0.00650878802545596
"Bcell","cg20907105","LM38","CpG ~ as.numeric(LM) +Age + Gender",47,6.54204135973835,0.0851063829787234,0.650716519170446,"116769,116815","10-129-09,10-061-09",-5.76116833466034,-0.000158905210941627,0.035390178882196,-0.82860388588687,1.58224350189072e-09,3.09510564806313e-09,0.00955995015950244,0.0553516508957779,0.754841595705881,2.1389854876862e-05,0.0130463289120682,0.420703105077827,-7.63228784348172,-7.42899902109758,2.71265419726305,-1.96956921849575,3.71409962762621e-05
"Bcell","cg10680019","LM38","CpG ~ as.numeric(LM) +Age + Gender",47,23.0667736101011,0.0851063829787234,0.650716519170446,"116769,116815","10-129-09,10-061-09",-6.22352028672436,-0.000121788012652417,0.0272253074251569,-0.507041455762991,1.70480529999687e-08,2.10184417474114e-05,0.0871817853379344,0.317705050787909,0.89991736654981,2.55008494247958e-05,0.01555375064713,0.501559575644377,-6.9156575015156,-4.77584140918836,1.75040143325047,-1.01092966894625,0.0293278294483516
"Bcell","cg04264908","LM38","CpG ~ as.numeric(LM) +Age + Gender",47,-28.2711909225435,0.0851063829787234,0.650716519170446,"116769,116815","10-129-09,10-061-09",-3.92780834659729,-7.21996794431243e-05,0.00778806532581707,-0.526419671895743,2.17384296106145e-09,1.45751353068648e-05,0.392090201461366,0.0769465922618374,0.521210705587026,1.47694846391551e-05,0.00900836193482505,0.290491360687688,-7.53593183043602,-4.88843593443451,0.86453734676329,-1.81216980308652,0.022203384575098
"Bcell","cg08689015","LM38","CpG ~ as.numeric(LM) +Age + Gender",47,-5.60090677781712,0.0851063829787234,0.650716519170446,"116769,116815","10-129-09,10-061-09",-6.28048848807362,-0.000156362699429299,0.0422121064761333,-1.33542805463704,4.42225138629356e-12,1.68741414408296e-10,0.000642176588000455,0.000789642488744881,0.66336649541495,1.87977360386842e-05,0.0114653160844114,0.36972041023347,-9.4675997830506,-8.31816656577777,3.68172200097704,-3.61199440894742,8.16706353250725e-06
"Bcell","cg18384214","LM38","CpG ~ as.numeric(LM) +Age + Gender",47,33.7979835945052,0.0851063829787234,0.650716519170446,"116769,116815","10-129-09,10-061-09",-6.32178177594993,-0.000136464517624756,0.0283732221693748,-0.845908611237641,1.49477948105417e-07,2.11421719008847e-05,0.110959307017062,0.139737405795612,1.00874751134113,2.85847560570706e-05,0.0174347199426388,0.562214923866098,-6.26696145950842,-4.77403121273096,1.6273976446266,-1.50460006543532,0.0293925607100521
"Bcell","cg01246716","LM38","CpG ~ as.numeric(LM) +Age + Gender",47,4.36669656900389,0.0851063829787234,0.650716519170446,"116769,116815","10-129-09,10-061-09",-4.88002460641855,-0.000149012591872194,0.0117568688083191,-0.431480446998461,4.63705996324982e-08,8.35715532224635e-09,0.36153854177501,0.299752375532425,0.737573654964507,2.09005353314349e-05,0.0127478779048268,0.411078998073757,-6.61632173759431,-7.12960646745135,0.922260857539869,-1.04962902269467,6.97103957882914e-05
"Bcell","cg09853043","LM38","CpG ~ as.numeric(LM) +Age + Gender",47,-6.90786902300857,0.0851063829787234,0.650716519170446,"116769,116815","10-129-09,10-061-09",-5.03762478515198,-0.00013927049364497,0.0124880666191374,0.129812817968749,1.26477018079934e-09,2.34766984113496e-09,0.275538410827601,0.72356147343677,0.654206968648882,1.85381836380461e-05,0.0113070071099871,0.364615443345782,-7.70035329271418,-7.51262887261207,1.10445376903559,0.356026658601078,3.13043765788961e-05
"Bcell","cg17976824","LM38","CpG ~ as.numeric(LM) +Age + Gender",47,4.97328389725467,0.0851063829787234,0.650716519170446,"116769,116815","10-129-09,10-061-09",4.62296022395306,0.000134033135170667,-0.0132823311894868,0.657543136698419,1.70627885171732e-07,1.05240925832162e-07,0.306351882009365,0.119327056294484,0.742348649653968,2.10358437776392e-05,0.0128304066785808,0.41374029165378,6.22747845787551,6.37165480916635,-1.03522292957872,1.58926541592099,0.000455596626990947
"Bcell","cg05283551","LM38","CpG ~ as.numeric(LM) +Age + Gender",47,17.639674154671,0.0851063829787234,0.650716519170446,"116769,116815","10-129-09,10-061-09",-5.53371754542668,-0.000115292693139774,0.00205567926513331,0.554026258520404,6.51870551801949e-08,2.00852713212747e-05,0.889296949710499,0.248342156649978,0.849431959867055,2.40702505700339e-05,0.0146811845026705,0.473422059808766,-6.51460953540383,-4.78984183418959,0.140021349419005,1.17025864562415,0.0282679529987557
"Bcell","cg07294785","LM38","CpG ~ as.numeric(LM) +Age + Gender",47,23.571539717693,0.0851063829787234,0.650716519170446,"116769,116815","10-129-09,10-061-09",4.81432786911601,0.000137363318415611,-0.0184159013426628,0.148961042596103,3.51515743084308e-06,3.11304200802321e-06,0.245402976681683,0.769106161123052,0.904762787762613,2.56381535388625e-05,0.0156374966399574,0.504260120714008,5.32109403064792,5.35776955260815,-1.17767579854221,0.29540516189379,0.00663334943388734
"Bcell","cg11995490","LM38","CpG ~ as.numeric(LM) +Age + Gender",47,21.7504989955038,0.0851063829787234,0.650716519170446,"116769,116815","10-129-09,10-061-09",3.78340614887694,0.000147113326698017,-0.0160882423494443,0.644480420281838,0.000108052717462454,6.03418892392972e-07,0.300061139969463,0.199484869453409,0.887403712700981,2.51462515312398e-05,0.015337470509771,0.494585220945298,4.26345539772583,5.85030840541998,-1.04895017331541,1.30307254036028,0.00177139701846494
"Bcell","cg01368868","LM38","CpG ~ as.numeric(LM) +Age + Gender",47,25.2011113888225,0.0851063829787234,0.650716519170446,"116769,116815","10-129-09,10-061-09",-5.60980098180316,-0.000129753538168439,0.00978173513038129,-0.637099808413305,2.67112006934045e-07,1.10227363025895e-05,0.541939737942736,0.221070154863366,0.920584381077769,2.60864881124434e-05,0.0159109496551022,0.513078121037295,-6.09373903914762,-4.97397494094063,0.614780094363794,-1.24172086528514,0.018479158130612
"Bcell","cg11996362","LM38","CpG ~ as.numeric(LM) +Age + Gender",47,17.7225073196121,0.0851063829787234,0.650716519170446,"116769,116815","10-129-09,10-061-09",4.22030995498112,0.000140791633100131,-0.0119586156193574,0.105208058035242,1.13877817290542e-05,6.16191478917186e-07,0.420222674688537,0.825339262202534,0.850180812505352,2.409147071655e-05,0.0146941273212453,0.47383942503078,4.96401458713766,5.84404475578204,-0.813836395855044,0.222033145571219,0.00179349740690196
"Bcell","cg03051946","LM38","CpG ~ as.numeric(LM) +Age + Gender",47,-53.0418996570993,0.0851063829787234,0.650716519170446,"116769,116815","10-129-09,10-061-09",3.5822972309617,-5.97174883390726e-05,0.0139860173729337,0.00202987539793233,2.27143671819165e-11,4.26896107799708e-06,0.0495708477083956,0.992785772315595,0.400468938733298,1.13480398151427e-05,0.00692151773763302,0.223197193915592,8.94525613470219,-5.26236154541742,2.02065759318802,0.00909453816296624,0.00848822102483899
"Bcell","cg19033035","LM38","CpG ~ as.numeric(LM) +Age + Gender",47,-23.8547343069607,0.0851063829787234,0.650716519170446,"116769,116815","10-129-09,10-061-09",-5.29227502231185,-8.89133301540926e-05,0.0170386487692033,-0.682550584273714,2.2405773929967e-12,8.61503539853644e-07,0.0781413697384633,0.0301873207151572,0.546283442401422,1.5479967745646e-05,0.00944170738513829,0.304465389531119,-9.68778222354205,-5.74376714571004,1.80461521144183,-2.24180024312403,0.0023599146807063
"Bcell","cg03246739","LM38","CpG ~ as.numeric(LM) +Age + Gender",47,13.4173700916667,0.0851063829787234,0.650716519170446,"116769,116815","10-129-09,10-061-09",-5.63101986708659,-0.000127973690181301,0.020421809751319,-0.777708142346162,1.60510073167748e-08,1.58511364473043e-06,0.152951552138463,0.0929524185452105,0.812121301627064,2.30129829662695e-05,0.0140363245451724,0.452627352861829,-6.93371772887251,-5.56093446768175,1.45492573113399,-1.71820844990684,0.00381764016699785
"Bcell","cg00315391","LM38","CpG ~ as.numeric(LM) +Age + Gender",47,-77.3388977831506,0.0851063829787234,0.650716519170446,"116769,116815","10-129-09,10-061-09",-3.95150302347111,-4.88025525227571e-05,0.0107721854872642,-0.579298454689004,3.09219126346454e-16,1.54308700788464e-06,0.0501420041081852,0.00163813684353963,0.309252317076078,8.76324545470338e-06,0.00534497233372624,0.172358559446839,-12.7776019944873,-5.56900440310775,2.01538657539774,-3.36100775353533,0.00372955405638888
"Bcell","cg13440645","LM38","CpG ~ as.numeric(LM) +Age + Gender",47,-5.35873166111635,0.0851063829787234,0.650716519170446,"116769,116815","10-129-09,10-061-09",-5.95786849209921,-0.000141579967245781,0.0328304354325623,-1.01979924769319,2.18065266851969e-11,2.34962319414243e-09,0.0065799824778378,0.00865554951298603,0.665077750533804,1.8846227667733e-05,0.0114948926171038,0.370674160458918,-8.95815336976363,-7.51237699882949,2.85608891932685,-2.75120134198353,3.13043765788961e-05
"Bcell","cg08983011","LM38","CpG ~ as.numeric(LM) +Age + Gender",47,53.0347199383657,0.0851063829787234,0.650716519170446,"116769,116815","10-129-09,10-061-09",4.23312689081373,0.000166302219466381,-0.0185522590090943,2.29435531549307,0.00138360705598691,2.35160002927886e-05,0.390661451255632,0.00181182978535446,1.23782474946618,3.50760900097325e-05,0.0213939837297023,0.689888737723344,3.41981115875999,4.74118464801058,-0.867171782660434,3.3256888974076,0.0318511418223088
"Bcell","cg20127965","LM38","CpG ~ as.numeric(LM) +Age + Gender",47,-38.1299944724575,0.0851063829787234,0.650716519170446,"116769,116815","10-129-09,10-061-09",-7.26150406724724,-6.62565800972399e-05,0.032143776828208,-0.48279501818464,3.48980518349072e-19,1.07333606351078e-05,0.000274730084473348,0.0718170341834527,0.469314676966229,1.32989131613786e-05,0.00811141526088893,0.261567649400208,-15.4725697354864,-4.98210487528076,3.96278279367556,-1.84577496220087,0.0181995654194538
"Bcell","cg15015122","LM38","CpG ~ as.numeric(LM) +Age + Gender",47,11.7517693379195,0.0851063829787234,0.650716519170446,"116769,116815","10-129-09,10-061-09",4.72186901600618,0.000125356863263661,-0.00899460779126952,-0.223805726897753,4.80846282357379e-07,1.6736720170857e-06,0.517701948423662,0.617322909225235,0.797857937397308,2.26088037415608e-05,0.0137898032323664,0.444677815297325,5.91818266721691,5.54460398243994,-0.652265129509467,-0.503298611261077,0.00397494198377268
"Bcell","cg24660030","LM38","CpG ~ as.numeric(LM) +Age + Gender",47,15.4878969075521,0.0851063829787234,0.650716519170446,"116769,116815","10-129-09,10-061-09",-6.01303238706836,-0.000134747163284819,0.0242383482221568,-0.144117092712577,5.73692052891307e-09,9.08977331634571e-07,0.0984189146399826,0.756952641799161,0.830208269369502,2.35255111806314e-05,0.0143489312318365,0.46270793603845,-7.24279992011515,-5.72770394871405,1.68920930977621,-0.311464493015744,0.0024381801958878
"Bcell","cg18393202","LM38","CpG ~ as.numeric(LM) +Age + Gender",47,72.0872827547574,0.0851063829787234,0.650716519170446,"116769,116815","10-129-09,10-061-09",-3.61638412973005,-0.000218037460225645,0.00356726423304663,-1.30071173006594,0.0215296566530965,7.89745763989587e-06,0.892338077352345,0.131012571758176,1.5159502094603,4.29572974851521e-05,0.0262009740314363,0.844899067422131,-2.38555600781738,-5.07567917420802,0.13615006177887,-1.53948770950184,0.0141780092871406
"Bcell","cg26757305","LM38","CpG ~ as.numeric(LM) +Age + Gender",47,1.9990114695433,0.0851063829787234,0.650716519170446,"116769,116815","10-129-09,10-061-09",-5.62081928205396,-0.000126617751898141,0.0225140036609763,-0.570277616622922,8.67855963682825e-10,1.79327700295927e-07,0.0771073083400188,0.162050188461096,0.719227568796426,2.0380664509628e-05,0.0124307927365484,0.400853997940161,-7.81507762759982,-6.21264099795792,1.81114785984498,-1.42265667687828,0.000703297576880532
"Bcell","cg13118906","LM38","CpG ~ as.numeric(LM) +Age + Gender",47,-9.72157433883591,0.0851063829787234,0.650716519170446,"116769,116815","10-129-09,10-061-09",-5.96359451898161,-0.000129428008141149,0.0144001862463752,-0.431790954875133,5.57971678434022e-12,6.75001421840836e-09,0.196394144231627,0.22903127858733,0.634914746209614,1.79915022673114e-05,0.0109735693651419,0.353863124011203,-9.39274848250692,-7.1938410822039,1.31226092142071,-1.22022026477521,6.24117720705628e-05
"Bcell","cg24143843","LM38","CpG ~ as.numeric(LM) +Age + Gender",47,42.8505880238239,0.0851063829787234,0.650716519170446,"116769,116815","10-129-09,10-061-09",-5.84059179069024,-0.00017777352395175,0.012525077508729,0.280790358662321,4.32585613124978e-06,1.18524429137929e-06,0.517589829957688,0.652410946895412,1.11072591157332,3.14745056336042e-05,0.0191972668914612,0.619051523587963,-5.25835557614495,-5.64817525718172,0.652440661451659,0.453581564640835,0.00302500436224618
"Bcell","cg22718431","LM38","CpG ~ as.numeric(LM) +Age + Gender",47,-3.34003238010697,0.0851063829787234,0.650716519170446,"116769,116815","10-129-09,10-061-09",-5.90492215395568,-0.00012913765696316,0.0265574253712724,-0.822579199679015,5.11329115273306e-11,3.42813677211696e-08,0.0288562166525066,0.0354165370595847,0.679515114009535,1.92553374880014e-05,0.0117444212514544,0.378720674691745,-8.68990554030977,-6.70659016200728,2.26128004119264,-2.17199443982968,0.000192199050118372
"Bcell","cg08168689","LM38","CpG ~ as.numeric(LM) +Age + Gender",47,-107.050707838111,0.0851063829787234,0.650716519170446,"116769,116815","10-129-09,10-061-09",3.85706993116244,3.44997992430669e-05,-0.00501317255357065,0.313910121638834,8.36408237230463e-21,2.70281345729715e-06,0.205120939911032,0.0163810931861542,0.225444592252635,6.38839610653375e-06,0.0038964788357013,0.125649196497968,17.1087267723866,5.40038511509675,-1.28659047436308,2.49830584188344,0.00608128582474988
"Bcell","cg21228957","LM38","CpG ~ as.numeric(LM) +Age + Gender",47,-14.4580966927965,0.0851063829787234,0.650716519170446,"116769,116815","10-129-09,10-061-09",-6.07366798577295,-8.29640067424547e-05,0.0188944814584244,-0.829509883752007,7.1862313200071e-13,1.65404597095416e-05,0.0771620518369259,0.017758513169029,0.603714978259821,1.7107398221596e-05,0.0104343271758286,0.336474258150001,-10.0604891455236,-4.84959814857895,1.81080017331582,-2.46529968834112,0.0243827408168705
"Bcell","cg08919494","LM38","CpG ~ as.numeric(LM) +Age + Gender",47,-18.5118519641671,0.0851063829787234,0.650716519170446,"116769,116815","10-129-09,10-061-09",-7.27401483541031,-0.000137989888851617,0.0375042316975799,-1.03375583285402,5.26700582745472e-16,1.20886976529011e-10,0.000519439443479088,0.00252776637036301,0.578233137938826,1.6385322398586e-05,0.00999391097194728,0.322272219726145,-12.5797266848789,-8.42155469968198,3.75270820431096,-3.20771003387283,7.51691704645099e-06
"Bcell","cg16415785","LM38","CpG ~ as.numeric(LM) +Age + Gender",47,-58.029684349347,0.0851063829787234,0.650716519170446,"116769,116815","10-129-09,10-061-09",-3.93331907014801,-4.92100227969927e-05,0.0157566852062938,-0.664464207879561,2.9447199377484e-13,4.04657978093005e-05,0.0207705142848593,0.00305838367040655,0.379773365416347,1.07615918605502e-05,0.00656382513291604,0.211662731578941,-10.3570166534346,-4.57274568991848,2.40053397024209,-3.13925934397074,0.0483847512588287
"Bcell","cg09327788","LM38","CpG ~ as.numeric(LM) +Age + Gender",47,28.3737276703045,0.0851063829787234,0.650716519170446,"116769,116815","10-129-09,10-061-09",-7.12787032351744,-0.000145494541963154,0.0543402599158011,-1.48086570207954,2.56520721474963e-09,2.77639334434178e-06,0.00193838809022337,0.00781655626099828,0.952185531898693,2.69819660959656e-05,0.016457129158133,0.53069069346312,-7.48579986224344,-5.39228836941237,3.30192826425905,-2.7904497296078,0.00618579532756696
"Bcell","cg19441170","LM38","CpG ~ as.numeric(LM) +Age + Gender",47,-47.6754657147798,0.0851063829787234,0.650716519170446,"116769,116815","10-129-09,10-061-09",5.18359034427166,6.26969750908885e-05,-0.0139346762131279,0.455661640099898,1.38330077476223e-15,4.93714390524878e-06,0.0639473979021608,0.0604457106379261,0.423996809343304,1.20147462351022e-05,0.00732816244338972,0.236310207662858,12.2255409239992,5.21833535757195,-1.90152392510041,1.92823511352496,0.00951262463512856
"Bcell","cg22902177","LM38","CpG ~ as.numeric(LM) +Age + Gender",47,9.85189047358413,0.0851063829787234,0.650716519170446,"116769,116815","10-129-09,10-061-09",-6.88604539486799,-0.000130278291692327,0.0401588242031045,-1.15514160007915,3.52270016247868e-11,5.46499562276833e-07,0.00483441659718106,0.0111966576873869,0.78189392143881,2.21564333547847e-05,0.0135138886509007,0.435780437196465,-8.80687930428793,-5.87993065518344,2.9716704969615,-2.65074221208873,0.00162523029608497
"Bcell","cg13259296","LM38","CpG ~ as.numeric(LM) +Age + Gender",47,-19.5914653029012,0.0851063829787234,0.650716519170446,"116769,116815","10-129-09,10-061-09",-6.06173106020394,-0.000104418921611216,0.041424372980414,-1.36554675968704,1.41152436516575e-13,8.19432285244941e-08,0.000134808513681742,0.000100597701485249,0.57162997882982,1.61982094786384e-05,0.00987978505985541,0.318592017739019,-10.604291735386,-6.44632493171048,4.19284151724453,-4.28619263400896,0.000374460846689573
"Bcell","cg24454759","LM38","CpG ~ as.numeric(LM) +Age + Gender",47,30.7641176333731,0.0851063829787234,0.650716519170446,"116769,116815","10-129-09,10-061-09",-7.13206377276955,-0.000132385930019497,0.0251295673284095,-0.905084118538646,4.71166423202809e-09,2.05185688265779e-05,0.143882633593517,0.103654030001937,0.976709806367676,2.76769074914002e-05,0.0168809952419211,0.54435904252811,-7.30213183718638,-4.78326308893549,1.48863067421549,-1.66266020737941,0.0287115831436455
"Bcell","cg21139076","LM38","CpG ~ as.numeric(LM) +Age + Gender",47,13.5668566925819,0.0851063829787234,0.650716519170446,"116769,116815","10-129-09,10-061-09",-5.06870639013234,-0.000138177644340797,0.0181747798465143,-0.386782738402763,1.68400260102095e-07,3.72073199613966e-07,0.202990034421101,0.398292604106075,0.813413831789571,2.30496092369431e-05,0.0140586640316617,0.453347731091999,-6.23139930996846,-5.99479335724838,1.29278143396717,-0.853170120585145,0.00118370329381374
"Bcell","cg02695042","LM38","CpG ~ as.numeric(LM) +Age + Gender",47,6.51550112190956,0.0851063829787234,0.650716519170446,"116769,116815","10-129-09,10-061-09",-6.01660658960339,-0.000113433697869246,0.0271191422677217,-1.58785158135785,5.17825042351411e-10,3.71176770845345e-06,0.0435912943764681,0.000485297494219791,0.754628501582948,2.13838164545088e-05,0.0130426458929648,0.42058433928683,-7.97293844187258,-5.30465167948673,2.0792669286797,-3.77534642409727,0.00753362182119768
"Bcell","cg07532155","LM38","CpG ~ as.numeric(LM) +Age + Gender",47,53.6112728660778,0.0851063829787234,0.650716519170446,"116769,116815","10-129-09,10-061-09",-5.094056939846,-0.000165869011494867,0.0163580604704651,-1.0792410371342,0.000185550832774764,2.68728399752379e-05,0.4514400884605,0.12732292658421,1.24544033065619,3.52918918115727e-05,0.0215256078712793,0.694133202617482,-4.09016539328069,-4.6999183943003,0.759934890957989,-1.55480393829963,0.0353478618824286
"Bcell","cg09982069","LM38","CpG ~ as.numeric(LM) +Age + Gender",47,-27.2789815271192,0.0851063829787234,0.650716519170446,"116769,116815","10-129-09,10-061-09",-5.45900075674183,-7.95130361855024e-05,0.0252014861039112,-1.11898505080019,2.88630148719956e-13,3.44622780480494e-06,0.00828261444806971,0.000435091812509737,0.52674144128933,1.49262084269108e-05,0.009103952582596,0.293573858653567,-10.3637198990449,-5.32707529677441,2.76819171401319,-3.81159635919987,0.0071865932541084
"Bcell","cg13912930","LM38","CpG ~ as.numeric(LM) +Age + Gender",47,13.315260530999,0.0851063829787234,0.650716519170446,"116769,116815","10-129-09,10-061-09",-4.82801262968538,-0.000121198561407497,-0.00486532012973001,0.322480278116337,4.3024962042777e-07,4.1316221864707e-06,0.730283705996089,0.479552019585323,0.811239596032566,2.29879981816237e-05,0.0140210855582713,0.452135943427744,-5.95140159984446,-5.27225382784228,-0.347000245416795,0.713237429591509,0.00823909305374643
"Bcell","cg04508687","LM38","CpG ~ as.numeric(LM) +Age + Gender",47,-10.8119793037749,0.0851063829787234,0.650716519170446,"116769,116815","10-129-09,10-061-09",-5.60281354730621,-0.0001092644607839,0.0254975158579149,-0.950548766664539,2.40291073718485e-11,2.25731089834222e-07,0.0233967514850017,0.00944052639803245,0.627592254374469,1.77840057030232e-05,0.0108470108428232,0.349782009417788,-8.92747402195176,-6.14397355739293,2.35064906151403,-2.71754618897275,0.000816262773647453
"Bcell","cg06529459","LM38","CpG ~ as.numeric(LM) +Age + Gender",47,16.9240644634236,0.0851063829787234,0.650716519170446,"116769,116815","10-129-09,10-061-09",-5.73493102304554,-0.000147691620437085,0.0326246929134031,-1.38909933636368,2.48282652452845e-08,1.98225489086678e-07,0.0303695509563898,0.00503462800882706,0.842989897984398,2.38877026426784e-05,0.0145698429196534,0.469831643683641,-6.80308392396854,-6.18274694081359,2.2391931809639,-2.95658956785597,0.000757459460379007
"Bcell","cg25358865","LM38","CpG ~ as.numeric(LM) +Age + Gender",47,-15.1253425514028,0.0851063829787234,0.650716519170446,"116769,116815","10-129-09,10-061-09",-6.25682724017505,-0.000137659454520484,0.0310295449451462,-1.0567760539747,2.31451498377419e-13,3.37745376372221e-10,0.00453959197339313,0.00286258911120365,0.599444765571286,1.69863937218165e-05,0.0103605228179659,0.334094299563154,-10.4377043549828,-8.10410124567407,2.99497867919741,-3.16310710885068,1.02409714746189e-05
"Bcell","cg13912912","LM38","CpG ~ as.numeric(LM) +Age + Gender",47,37.226047133919,0.0851063829787234,0.650716519170446,"116769,116815","10-129-09,10-061-09",-6.04709869356871,-0.000149583693398618,0.014919585405003,-2.0469820090923,7.63340721504266e-07,8.71750981796387e-06,0.413872064419997,0.00106352894154394,1.04621431486566,2.96464483308517e-05,0.0180822786421667,0.583096656761818,-5.77998083915071,-5.04558562055315,0.825094320259592,-3.51053634994249,0.0154075791419592
"Bcell","cg06871262","LM38","CpG ~ as.numeric(LM) +Age + Gender",47,-76.6647523863558,0.0851063829787234,0.650716519170446,"116769,116815","10-129-09,10-061-09",-4.81469143772836,-4.38762332828904e-05,0.014840945700306,-0.335628931814329,3.61600076544485e-19,1.11280638965401e-05,0.00853151084573118,0.0597934913191865,0.311478172440769,8.82631924859402e-06,0.00538344297626058,0.173599116762051,-15.4575564637484,-4.97106801228379,2.75677587108293,-1.9333562179027,0.0186101224081026
"Bcell","cg10209083","LM38","CpG ~ as.numeric(LM) +Age + Gender",47,-11.7689220795964,0.0851063829787234,0.650716519170446,"116769,116815","10-129-09,10-061-09",-5.31577807238809,-0.000134640194070951,0.01999545716677,-0.4487676809973,7.82812793984064e-11,1.50086640296485e-09,0.0694072704224982,0.201847743093133,0.621235624078748,1.76038786401999e-05,0.010737145819377,0.346239207698255,-8.55678242900357,-7.64832550955498,1.86226931282658,-1.29612034402643,2.18422364956584e-05
"Bcell","cg20758982","LM38","CpG ~ as.numeric(LM) +Age + Gender",47,-42.5669579453754,0.0851063829787234,0.650716519170446,"116769,116815","10-129-09,10-061-09",-5.21362170473048,-8.579826836729e-05,0.0262682300148651,-0.629563600347946,6.95220619234115e-15,2.83547259332601e-08,0.00148623286435938,0.0154065201043836,0.447676895764918,1.26857659760801e-05,0.00773743797600483,0.249508057308077,-11.6459476780062,-6.7633494523759,3.39495193322745,-2.52321951900174,0.000166196933684114
"Bcell","cg03397307","LM38","CpG ~ as.numeric(LM) +Age + Gender",47,9.74554400955857,0.0851063829787234,0.650716519170446,"116769,116815","10-129-09,10-061-09",-6.59934104808558,-0.000120816235900748,0.0202884992596156,-0.335656175639207,1.10396720269014e-10,2.22451035769812e-06,0.14014667460009,0.444856480198568,0.781009829578146,2.21313809508035e-05,0.0134986084208918,0.435287697801774,-8.44975414925334,-5.4590464178134,1.50300672684268,-0.771113397723594,0.00510222287217056
"Bcell","cg10503083","LM38","CpG ~ as.numeric(LM) +Age + Gender",47,-11.9729959543522,0.0851063829787234,0.650716519170446,"116769,116815","10-129-09,10-061-09",-5.26073596991782,-8.07418018670655e-05,0.0285417330902177,-0.352545865883197,9.80661311225001e-11,3.74882734291988e-05,0.010825871302044,0.313232703653361,0.619888385322525,1.75657020987321e-05,0.0107138607751548,0.345488338202922,-8.4865858023468,-4.59655989912828,2.66400074531539,-1.02042768713117,0.0457889135432229
"Bcell","cg14093526","LM38","CpG ~ as.numeric(LM) +Age + Gender",47,1.17389190090778,0.0851063829787234,0.650716519170446,"116769,116815","10-129-09,10-061-09",-6.03589038581516,-0.000127987116943751,0.0225666368568537,-0.537919127417501,1.04717016804486e-10,1.18919084249104e-07,0.0739765960199837,0.182884831519371,0.712941912005966,2.02025486144275e-05,0.0123221543859551,0.397350752564914,-8.46617414991398,-6.33519658269003,1.83138728423784,-1.35376395777587,0.000495975969701011
"Bcell","cg26875219","LM38","CpG ~ as.numeric(LM) +Age + Gender",47,38.9243526914143,0.0851063829787234,0.650716519170446,"116769,116815","10-129-09,10-061-09",-8.13640877153084,-0.000175704053083979,0.0759447170737165,-1.48081684143098,1.55401987347542e-09,6.66588755451642e-07,0.000166669306717212,0.0165509264558644,1.06528813832175,3.0186940956051e-05,0.0184119416811863,0.593727253696767,-7.63775402995559,-5.82053190946991,4.12475329265888,-2.49410285987524,0.00189976406577144
"Bcell","cg15271066","LM38","CpG ~ as.numeric(LM) +Age + Gender",47,21.2881709699384,0.0851063829787234,0.650716519170446,"116769,116815","10-129-09,10-061-09",4.20341053791196,0.000150539958450596,-0.0148251989451753,0.252766722598065,2.21182932761529e-05,3.46458170213735e-07,0.336798748753178,0.610169215575368,0.883049836935511,2.50228762809819e-05,0.0152622201584367,0.492158633613497,4.76010567251702,6.01609330439008,-0.971365816458899,0.513587907098606,0.00112310737504902
"Bcell","cg17703048","LM38","CpG ~ as.numeric(LM) +Age + Gender",47,-41.9645168169584,0.0851063829787234,0.650716519170446,"116769,116815","10-129-09,10-061-09",5.6463326328516,5.92542266582043e-05,-0.0171754055570001,0.295640639846763,5.99429465853608e-16,3.24875803538643e-05,0.0328067811918475,0.245541606167629,0.450555247540282,1.27673294817346e-05,0.00778718606116555,0.251112276704956,12.5319428941881,4.64108228294537,-2.20559845650193,1.17732451684999,0.0409987869449104
"Bcell","cg22696167","LM38","CpG ~ as.numeric(LM) +Age + Gender",47,19.3995938645034,0.0851063829787234,0.650716519170446,"116769,116815","10-129-09,10-061-09",-4.40459286429053,-0.000175022189480505,0.041503308593428,-1.33159435582055,7.55531110581593e-06,8.16942203779179e-09,0.00814719375123853,0.00844892305165304,0.865485303123863,2.45251522136435e-05,0.0149586429753595,0.482369223549396,-5.08915962916146,-7.13643642069381,2.77453701260161,-2.76052926018443,6.89857262560419e-05
"Bcell","cg16575590","LM38","CpG ~ as.numeric(LM) +Age + Gender",47,10.1038015411726,0.0851063829787234,0.650716519170446,"116769,116815","10-129-09,10-061-09",-7.21251823170988,-0.000130579198913911,0.0503263486150828,-0.760216490982759,1.01936073821924e-11,5.50521363468744e-07,0.000583112575016545,0.0890436270515858,0.783992133096454,2.22158901244079e-05,0.0135501531593333,0.436949853620391,-9.19973291469563,-5.87773877988563,3.71407968775749,-1.73982548497021,0.00163010329006841
"Bcell","cg17999527","LM38","CpG ~ as.numeric(LM) +Age + Gender",47,108.202019044645,0.0851063829787234,0.650716519170446,"116769,116815","10-129-09,10-061-09",-7.86503527239286,0.000303860565242507,-0.0289667363876139,0.400695394655634,0.000995598831831257,1.83865857574318e-05,0.455623547336518,0.748287948977198,2.22607905266588,6.30801325096805e-05,0.0384745086526211,1.24068198537664,-3.53313385837486,4.81705654622516,-0.752881255720481,0.322963821010097,0.0263103195086916
"Bcell","cg05866411","LM38","CpG ~ as.numeric(LM) +Age + Gender",47,7.34202122846796,0.0851063829787234,0.650716519170446,"116769,116815","10-129-09,10-061-09",-5.43619473437986,-0.000120526794506819,0.0211238437424821,-0.81536479349981,8.05334356223797e-09,1.45325046715384e-06,0.115721626699633,0.0612899568626576,0.761293031127958,2.15726684210687e-05,0.0131578325029542,0.424298745447564,-7.14073886414723,-5.58701372284145,1.60541971770346,-1.92167618275594,0.00355005733314604
"Bcell","cg07416383","LM38","CpG ~ as.numeric(LM) +Age + Gender",47,5.72090617173139,0.0851063829787234,0.650716519170446,"116769,116815","10-129-09,10-061-09",-6.81171729985353,-0.000137627552931981,0.0377883510808068,-0.959948516891835,1.38015395356069e-11,7.06236281156987e-08,0.00552516865534549,0.0262542530786254,0.748276408279731,2.12038179558926e-05,0.0129328592847739,0.417044066212836,-9.10321002303613,-6.49069678009258,2.9218868193591,-2.30179157231296,0.000342597223496435
"Bcell","cg02435495","LM38","CpG ~ as.numeric(LM) +Age + Gender",47,-3.06555107253242,0.0851063829787234,0.650716519170446,"116769,116815","10-129-09,10-061-09",-6.59413002724348,-0.000135486530759712,0.0354634370846373,-0.893762322571958,2.32414068963049e-12,1.22078769176612e-08,0.00434923333497762,0.0232627008996342,0.68150220735294,1.93116455114119e-05,0.0117787652429415,0.379828160480029,-9.67587478968866,-7.01579420975017,3.01079411578297,-2.35307019216905,8.97863093795234e-05
"Bcell","cg19387310","LM38","CpG ~ as.numeric(LM) +Age + Gender",47,-10.7591554951725,0.0851063829787234,0.650716519170446,"116769,116815","10-129-09,10-061-09",-5.01842301546748,-0.000136834850532481,0.0174156670846637,-0.340068212581418,4.86883380752306e-10,1.30881418626058e-09,0.115886764402326,0.336642793205848,0.627945032350967,1.77940023298175e-05,0.0108531080922866,0.349978626550389,-7.99181896013888,-7.68994226235357,1.6046709326558,-0.971682802270943,1.98938302073623e-05
"Bcell","cg05940691","LM38","CpG ~ as.numeric(LM) +Age + Gender",47,1.3168440849607,0.0851063829787234,0.650716519170446,"116769,116815","10-129-09,10-061-09",5.63760730952461,0.000139803223479669,-0.0189978324803405,1.00436513875828,6.6690208565191e-10,1.73983715780936e-08,0.131029224914561,0.0153839718212844,0.714026956032282,2.0233295375589e-05,0.0123409077791596,0.397955490557116,7.89551047323448,6.90956272245888,-1.53941937013925,2.52381274436552,0.000119003991675581
"Bcell","cg20178606","LM38","CpG ~ as.numeric(LM) +Age + Gender",47,-107.102987754318,0.0851063829787234,0.650716519170446,"116769,116815","10-129-09,10-061-09",2.8759688903001,2.9186020908974e-05,-0.00631224356270248,0.191701153338429,3.20721668342366e-16,4.06746130802513e-05,0.112352906305869,0.134199594129475,0.225319241748042,6.38484406446662e-06,0.00389431233623769,0.125579333699197,12.7639737644603,4.57114075367982,-1.6208878532842,1.52653424485924,0.0483847512588287
"Bcell","cg20523393","LM38","CpG ~ as.numeric(LM) +Age + Gender",47,5.93173407091725,0.0851063829787234,0.650716519170446,"116769,116815","10-129-09,10-061-09",-5.70488890242341,-0.000119083576425517,0.0124628203508091,-0.882071753571111,1.71991550033831e-09,1.37532156546908e-06,0.341678443076794,0.040686498912481,0.74995656347928,2.12514283102946e-05,0.0129618983010143,0.417980483222026,-7.60695909634642,-5.60355636744804,0.961496538653894,-2.11031803870748,0.00341242565190882
"Bcell","cg16942681","LM38","CpG ~ as.numeric(LM) +Age + Gender",47,43.1873292826252,0.0851063829787234,0.650716519170446,"116769,116815","10-129-09,10-061-09",-5.01438248965616,-0.000155579279646354,0.0129896153504017,-0.904995153340295,5.13400720717743e-05,1.29214531194884e-05,0.503780669619176,0.15246913807324,1.11471206041715,3.15874606506198e-05,0.0192661616227596,0.621273162148213,-4.49836569255354,-4.92534937731061,0.674219162319118,-1.45667833165534,0.0203645376185817
"Bcell","cg21123021","LM38","CpG ~ as.numeric(LM) +Age + Gender",47,-50.3199771320855,0.0851063829787234,0.650716519170446,"116769,116815","10-129-09,10-061-09",-5.55684871044349,-5.83004775027369e-05,0.0163824709480193,-0.301445638042486,4.85763781973399e-17,1.04300519672072e-05,0.026405807498558,0.196470557377393,0.412234692801103,1.16814445631837e-05,0.00712487152515655,0.229754714457738,-13.4798181896946,-4.99086197664987,2.29933562874446,-1.31203243752343,0.0177907815344386
"Bcell","cg10244340","LM38","CpG ~ as.numeric(LM) +Age + Gender",47,-68.018116045221,0.0851063829787234,0.650716519170446,"116769,116815","10-129-09,10-061-09",-4.00425016400659,-4.44998570388555e-05,0.020610810114443,-0.773131600898767,5.55042967448317e-15,3.72376669325968e-05,0.00112222866980358,0.000202347913118492,0.341488757093606,9.67672555124837e-06,0.00590213187794761,0.190325203692704,-11.7258623624584,-4.59864825174407,3.4920958292125,-4.0621609009128,0.045645838698139
"Bcell","cg23424273","LM38","CpG ~ as.numeric(LM) +Age + Gender",47,23.8707469544304,0.0851063829787234,0.650716519170446,"116769,116815","10-129-09,10-061-09",-6.13981077642889,-0.000117386533178494,0.0187339873223253,-0.269555981571623,2.82426761802e-08,4.16116521672363e-05,0.238942202563845,0.596874746443347,0.907647286444932,2.57198912286749e-05,0.0156873509653814,0.505867766025486,-6.76453383172363,-4.56403692126116,1.19420974029759,-0.532858584150315,0.049262297174038
"Bcell","cg20690856","LM38","CpG ~ as.numeric(LM) +Age + Gender",47,-25.5548050473767,0.0851063829787234,0.650716519170446,"116769,116815","10-129-09,10-061-09",4.54292237234369,9.81408259387643e-05,-0.0163577635049093,0.448852458190618,1.04162614849496e-10,7.94451944077806e-08,0.084815361931437,0.140628210538641,0.536492245115921,1.52025157740019e-05,0.00927248091304631,0.299008367655439,8.46782486364195,6.45556481556801,-1.76411940432188,1.50113677991731,0.000369224913773645
"Bcell","cg04773990","LM38","CpG ~ as.numeric(LM) +Age + Gender",47,14.8675808956176,0.0851063829787234,0.650716519170446,"116769,116815","10-129-09,10-061-09",-4.33116579795958,-0.000138227946177024,0.00987639093155179,-0.438444237171725,4.42491130006805e-06,4.86704364949791e-07,0.492123557376451,0.345498561833098,0.824747673916579,2.33707749486276e-05,0.0142545528553137,0.459664530010368,-5.2515041083919,-5.91456408616614,0.692858697975232,-0.953835261471742,0.00146653459076578
"Bcell","cg00501035","LM38","CpG ~ as.numeric(LM) +Age + Gender",47,20.3504575480253,0.0851063829787234,0.650716519170446,"116769,116815","10-129-09,10-061-09",3.79375486120103,0.000167989599123277,-0.0257901940701163,1.16072178833401,8.50966898979673e-05,2.67527143448998e-08,0.0950819669692233,0.0217096365923976,0.87428461122597,2.47744971416279e-05,0.0151107260989602,0.487273426314787,4.33926757086713,6.78074707885831,-1.70674750513087,2.38207487962655,0.000164853358994052
"Bcell","cg04578828","LM38","CpG ~ as.numeric(LM) +Age + Gender",47,21.5273634754595,0.0851063829787234,0.650716519170446,"116769,116815","10-129-09,10-061-09",3.31664539487858,0.000157057517602073,-0.0126207522212472,0.638593620289421,0.000529432877233654,1.5269612523088e-07,0.414022653918616,0.202490904814485,0.885299707839881,2.50866306003118e-05,0.0153011058743208,0.493412575739735,3.74635320164191,6.26060630079675,-0.824826148182407,1.2942386385917,0.000625409498067639
"Bcell","cg24005036","LM38","CpG ~ as.numeric(LM) +Age + Gender",47,-26.6219347024441,0.0851063829787234,0.650716519170446,"116769,116815","10-129-09,10-061-09",-4.63438207984323,-6.99754461867375e-05,0.0152055890958519,-0.388335663774562,4.40119996166073e-11,3.10195914432635e-05,0.104477633931559,0.195955749343244,0.530436187971795,1.50309060161722e-05,0.00916781085529907,0.295633087252827,-8.736926674561,-4.65543767697361,1.65858451225168,-1.31357307594753,0.0395844131515579
"Bcell","cg05417884","LM38","CpG ~ as.numeric(LM) +Age + Gender",47,-80.7935340512457,0.0851063829787234,0.650716519170446,"116769,116815","10-129-09,10-061-09",3.50469023820941,-5.51427671859667e-05,0.00286209116392359,-0.164088069557334,5.08489318941109e-15,6.2314151358888e-08,0.581418595298381,0.328846988143016,0.298093159716711,8.44702976412301e-06,0.00515210267985444,0.166139119265157,11.757030055772,-6.52806592681537,0.555519045673299,-0.987654625130461,0.000308859188106685
"Bcell","cg09352282","LM38","CpG ~ as.numeric(LM) +Age + Gender",47,8.05076519220929,0.0851063829787234,0.650716519170446,"116769,116815","10-129-09,10-061-09",4.73526015511183,0.000145180884298342,-0.0264890316912215,0.982425821689918,2.04600780865631e-07,3.75582377973683e-08,0.0520605585738137,0.0264874103067346,0.767054744579835,2.17359373973398e-05,0.0132574152620628,0.42750997645757,6.17330143457445,6.67930173170769,-1.99805400733144,2.29801846925418,0.000205517174897687
"Bcell","cg13325346","LM38","CpG ~ as.numeric(LM) +Age + Gender",47,11.9288475096207,0.0851063829787234,0.650716519170446,"116769,116815","10-129-09,10-061-09",-4.16696646276338,-0.000137680803647114,0.0114378880143139,-0.405529261252142,5.02712528039643e-06,2.81350770367145e-07,0.412307373525983,0.367767357408118,0.799362367012559,2.26514345813631e-05,0.0138158050898386,0.4455162934815,-5.21286294517028,-6.07823770068823,0.827884291935067,-0.910245634526904,0.000943345687143507
"Bcell","cg12041340","LM38","CpG ~ as.numeric(LM) +Age + Gender",47,-44.3699096864489,0.0851063829787234,0.650716519170446,"116769,116815","10-129-09,10-061-09",-5.56665062977629,-6.68365922166122e-05,0.0176929754352444,-0.239125570429292,4.0695792032673e-16,2.98285130882608e-06,0.0245132731277022,0.334059471823561,0.439172124657598,1.2444767307245e-05,0.00759044549199342,0.24476801167045,-12.6753277752233,-5.3706582506932,2.33095349329725,-0.976947799662831,0.00647700120946189
"Bcell","cg24127639","LM38","CpG ~ as.numeric(LM) +Age + Gender",47,9.27218912461787,0.0851063829787234,0.650716519170446,"116769,116815","10-129-09,10-061-09",-6.94285306039728,-0.000135927500024769,0.0451276809977093,-1.2397902389885,2.35034394526614e-11,2.04909929433507e-07,0.00164280298141864,0.00646800554794678,0.777086791873692,2.20202143065008e-05,0.0134308044729934,0.433101233578034,-8.93446283349747,-6.17285091474524,3.36001325076632,-2.86258764203017,0.000768704024305462
"Bcell","cg08785078","LM38","CpG ~ as.numeric(LM) +Age + Gender",47,-77.4648832656065,0.0851063829787234,0.650716519170446,"116769,116815","10-129-09,10-061-09",-4.31966934644112,-4.40591751144576e-05,0.012657692002829,-0.132941071268247,1.32478435743616e-17,9.04134145614824e-06,0.0222739926263323,0.444137679233916,0.30883811277103,8.7515081974765e-06,0.00533781342034469,0.1721277069895,-13.986840250004,-5.03446653082746,2.37132529859232,-0.772339756297091,0.0158570060238413
"Bcell","cg11671947","LM38","CpG ~ as.numeric(LM) +Age + Gender",47,-85.6428229190645,0.0851063829787234,0.650716519170446,"116769,116815","10-129-09,10-061-09",-4.41777360314728,-3.66468039799227e-05,0.00798318485771415,-0.266675419492678,2.5554175067141e-19,4.10718423049265e-05,0.110081161695929,0.0982447846012,0.283105005984736,8.02231226707088e-06,0.00489305444445728,0.157785627817022,-15.6047173654904,-4.56810988651571,1.6315340342794,-1.69011223127325,0.0487724562106913
"Bcell","cg04552585","LM38","CpG ~ as.numeric(LM) +Age + Gender",47,-88.7107988435655,0.0851063829787234,0.650716519170446,"116769,116815","10-129-09,10-061-09",2.28080737331259,-3.74144106198229e-05,0.00159276781299417,0.0153465146500894,1.65760164985119e-10,1.82992313018549e-05,0.738268685078098,0.920423503726001,0.274014173445958,7.76470644643182e-06,0.00473593274891199,0.152718946941772,8.3236839344094,-4.81852222977679,0.336315546997598,0.100488609680767,0.0262402153339879
"Bcell","cg14366939","LM38","CpG ~ as.numeric(LM) +Age + Gender",47,21.1761215748351,0.0851063829787234,0.650716519170446,"116769,116815","10-129-09,10-061-09",-6.094198902599,-0.000123234687305942,0.022932742386673,-1.00968544369085,1.73997279413566e-08,1.26953679517982e-05,0.139795286569715,0.046088042555284,0.881997855537361,2.49930664115105e-05,0.0152440382042258,0.491572322732905,-6.90953936490706,-4.93075500528365,1.50437450230976,-2.05399164476446,0.0201008523198847
"Bcell","cg15903064","LM38","CpG ~ as.numeric(LM) +Age + Gender",47,1.45464888485703,0.0851063829787234,0.650716519170446,"116769,116815","10-129-09,10-061-09",3.93800481439577,0.000149674908798556,-0.0169791875435559,0.783236192217611,1.89594553820274e-06,3.5611242439182e-09,0.176614272453827,0.0558640090662379,0.715074493287516,2.02629793119208e-05,0.012359012922884,0.398539324540919,5.50712527346768,7.38661904029587,-1.37383038997533,1.96526702382463,4.12845962240479e-05
"Bcell","cg04725464","LM38","CpG ~ as.numeric(LM) +Age + Gender",47,-139.103749090027,0.0851063829787234,0.650716519170446,"116769,116815","10-129-09,10-061-09",-3.73363031351735,-2.2206967988509e-05,0.00723204073982541,-0.271219853161773,5.21147131288242e-26,1.45657839143803e-05,0.0124031590488838,0.00406512478800094,0.160306020652733,4.54257229219421e-06,0.00277065424576211,0.0893448917427612,-23.2906430982116,-4.88863281860559,2.61022852305995,-3.03565036423861,0.022203384575098
"Bcell","cg26802972","LM38","CpG ~ as.numeric(LM) +Age + Gender",47,-18.9056471577243,0.0851063829787234,0.650716519170446,"116769,116815","10-129-09,10-061-09",5.23326224386989,9.87088380467252e-05,-0.0264509501300633,0.277911451579119,1.44583655983978e-11,3.09768925240193e-07,0.010997356304103,0.391312685526502,0.575815806753229,1.63168227775485e-05,0.00995213095092551,0.320924945355512,9.08843102689025,6.04951340052218,-2.65781773375917,0.865970238839665,0.00102357679236554
"Bcell","cg24375476","LM38","CpG ~ as.numeric(LM) +Age + Gender",47,-85.468260059864,0.0851063829787234,0.650716519170446,"116769,116815","10-129-09,10-061-09",-4.65627414758317,-4.27796684661275e-05,0.0108921634266134,-0.390153953159345,3.92108351225265e-20,3.49660814677099e-06,0.031602129034337,0.0176378639422194,0.28363123508166,8.03722395725755e-06,0.00490214954191962,0.158078916125877,-16.4166479980338,-5.32269210036106,2.22191578071447,-2.46809607961044,0.00724138601612033
"Bcell","cg07108913","LM38","CpG ~ as.numeric(LM) +Age + Gender",47,9.16229537783326,0.0851063829787234,0.650716519170446,"116769,116815","10-129-09,10-061-09",5.27828460386412,0.000169952373692257,-0.0455124393262574,0.929504380916111,2.50564865640432e-08,1.15855143627693e-09,0.00149620365605685,0.0373341582879965,0.776178844208482,2.19944859034754e-05,0.013415111930422,0.432595198399031,6.80034587807751,7.72704460736691,-3.39262464318668,2.1486701293867,1.886769975372e-05
"Bcell","cg14081264","LM38","CpG ~ as.numeric(LM) +Age + Gender",47,-90.202051378027,0.0851063829787234,0.650716519170446,"116769,116815","10-129-09,10-061-09",2.8107861291881,-4.88641504139901e-05,0.00172434871500631,-0.0415978484437384,2.42654365883181e-13,9.77320676696691e-08,0.713256873104419,0.78330773409882,0.269701406258578,7.64249608497247e-06,0.00466139289900463,0.150315271048008,10.4218445434921,-6.39374228925968,0.369921341617549,-0.276737341147813,0.000425785003985448
"Bcell","cg13357523","LM38","CpG ~ as.numeric(LM) +Age + Gender",47,4.21422686900888,0.0851063829787234,0.650716519170446,"116769,116815","10-129-09,10-061-09",4.15682167753117,0.000148417927547562,-0.0179645392808504,0.153560033843057,1.19804359027805e-06,8.84125578350337e-09,0.165290892647678,0.710124046259541,0.736378266889717,2.08666617643359e-05,0.012727217376724,0.410412760974877,5.64495431823182,7.11268190493363,-1.41150565352209,0.374159988296408,7.11455852898516e-05
"Bcell","ch.5.1979606R","LM38","CpG ~ as.numeric(LM) +Age + Gender",47,46.1662293281192,0.0851063829787234,0.650716519170446,"116769,116815","10-129-09,10-061-09",-6.13433177270607,-0.000163086385824172,0.0569582677425853,-1.93047316080713,3.39718176940328e-06,1.0057875495605e-05,0.00644103234016228,0.00435437639112902,1.15060346371671,3.26045109990267e-05,0.0198864918420078,0.641276862129278,-5.33140388165595,-5.00195772999143,2.8641687128681,-3.01035835660317,0.0173725670444857
"Bcell","cg18323912","LM38","CpG ~ as.numeric(LM) +Age + Gender",47,-13.9548031845664,0.0851063829787234,0.650716519170446,"116769,116815","10-129-09,10-061-09",-4.69001802922632,-0.000145544631669147,0.0176881274280724,-0.801243808781035,1.15829084445149e-09,1.06039774556497e-10,0.0990138871709531,0.0224203706681397,0.606956049607133,1.71992400678309e-05,0.0104903443363363,0.338280635524207,-7.72711307888281,-8.46227107099751,1.68613411161392,-2.36857722446752,7.25306755977712e-06
"Bcell","cg01522425","LM38","CpG ~ as.numeric(LM) +Age + Gender",47,-86.569319761776,0.0851063829787234,0.650716519170446,"116769,116815","10-129-09,10-061-09",3.92397589578273,3.8343572523456e-05,-0.00936726923922373,0.274973277085789,1.28857492726689e-17,1.7804322270778e-05,0.0597925693928978,0.0855265722275117,0.280328330552057,7.94362995162479e-06,0.00484506368562408,0.156238076671236,13.9977856967048,4.82695855131232,-1.93336349056001,1.75996327492178,0.0257464427306571
"Bcell","cg15399561","LM38","CpG ~ as.numeric(LM) +Age + Gender",47,-63.447004161345,0.0851063829787234,0.650716519170446,"116769,116815","10-129-09,10-061-09",-4.09389981155811,-6.10147236878003e-05,-0.000873160726039415,-0.283711026982795,1.32240431070219e-14,3.58341620120835e-07,0.888592924876561,0.162843921104201,0.358505358227871,1.01589229166691e-05,0.00619623884903403,0.199809229183326,-11.4193545998718,-6.00602290107794,-0.1409178611918,-1.41990952140899,0.00115615036063467
"Bcell","cg11011677","LM38","CpG ~ as.numeric(LM) +Age + Gender",47,3.99836871762404,0.0851063829787234,0.650716519170446,"116769,116815","10-129-09,10-061-09",-5.34211034702383,-0.000128953511778222,0.0235545003709349,-0.495579435977438,5.21992427097782e-09,1.90831385448288e-07,0.0704645392047782,0.232778437215952,0.734689214934141,2.08187993036358e-05,0.0126980245931157,0.409471385451336,-7.27125189594992,-6.19408976941823,1.85497359831112,-1.210290764106,0.000741634735736942
"Bcell","cg06183469","LM38","CpG ~ as.numeric(LM) +Age + Gender",47,-130.550909044394,0.0851063829787234,0.650716519170446,"116769,116815","10-129-09,10-061-09",3.12314671986237,2.29318668402058e-05,-0.00941523530472417,0.254879137062328,1.92024091803031e-21,3.60005883083093e-05,0.00338366731997303,0.0125783684156348,0.175576049165969,4.97527724078442e-06,0.00303457427297529,0.0978554831657708,17.7879997567898,4.60916361649633,-3.10265442786242,2.60464849609452,0.0446900588020726
"Bcell","cg01520986","LM38","CpG ~ as.numeric(LM) +Age + Gender",47,-75.1263123852697,0.0851063829787234,0.650716519170446,"116769,116815","10-129-09,10-061-09",-3.06639217670984,-5.92321807466142e-05,0.0113034272844822,-0.265775516800556,2.26096868787144e-12,4.86609838574653e-08,0.0449281589759755,0.139347831082868,0.31661788805529,8.97196274747955e-06,0.00547227541581213,0.176463683752724,-9.68483554591319,-6.60192004957377,2.06558084628214,-1.50612018942653,0.000248387086967067
"Bcell","cg06029376","LM38","CpG ~ as.numeric(LM) +Age + Gender",47,-73.2187117617444,0.0851063829787234,0.650716519170446,"116769,116815","10-129-09,10-061-09",4.16537679593834,4.70199380548572e-05,-0.00624430593064431,-0.065003685439827,2.28047027250147e-16,6.4876218024636e-06,0.269708054811035,0.719890476763315,0.323108852145397,9.15589641076485e-06,0.00558446220169899,0.180081355014074,12.8915588919364,5.13548165525054,-1.11815707674493,-0.360968438041499,0.0119609187999356
"Bcell","cg20911986","LM38","CpG ~ as.numeric(LM) +Age + Gender",47,12.8344717846149,0.0851063829787234,0.650716519170446,"116769,116815","10-129-09,10-061-09",4.36712720741964,0.000155369493424235,-0.0270764937395936,1.08356931755625,2.61030077182345e-06,2.5646632311441e-08,0.0588275595788365,0.0203597406206969,0.807100882237347,2.2870719950058e-05,0.0139495539657457,0.449829274380116,5.41088146913384,6.79338008438344,-1.94102935520964,2.40884570940709,0.000160937323558386
"Bcell","cg08885381","LM38","CpG ~ as.numeric(LM) +Age + Gender",47,8.70548701318214,0.0851063829787234,0.650716519170446,"116769,116815","10-129-09,10-061-09",3.69768217441211,0.000155763209954909,-0.0217934372405684,0.90225138766354,2.02605454983771e-05,8.73195129365399e-09,0.109885832263217,0.042019868966485,0.772416026664495,2.18878593984552e-05,0.0133500771528022,0.430498031213754,4.78716397221807,7.11642043743676,-1.63245777467241,2.09583162347971,7.11025122036055e-05
"Bcell","cg01830644","LM38","CpG ~ as.numeric(LM) +Age + Gender",47,-132.401871715233,0.0851063829787234,0.650716519170446,"116769,116815","10-129-09,10-061-09",-3.76518328543144,2.40650701916453e-05,-0.00587889708498416,0.154327910411835,6.33594953812786e-25,1.25977332974757e-05,0.0546131543460028,0.115052454342604,0.172152581511848,4.87826685249388e-06,0.0029754046600531,0.0959474491088038,-21.8711985168361,4.93311885538666,-1.97583110758428,1.60846288093421,0.0200390385739695
"Bcell","cg20639324","LM38","CpG ~ as.numeric(LM) +Age + Gender",47,31.4883687784452,0.0851063829787234,0.650716519170446,"116769,116815","10-129-09,10-061-09",4.06202836126608,0.000137062018731326,-0.0221473344117205,0.550182761853232,0.000165525451579424,1.3400099426209e-05,0.199882281763099,0.321500078831555,0.984264224780705,2.78909761310366e-05,0.0170115622746819,0.548569418985235,4.12696942446638,4.91420659095563,-1.30189891169972,1.00294100037691,0.0208783622028014
"Bcell","cg03667488","LM38","CpG ~ as.numeric(LM) +Age + Gender",47,-35.1486654176937,0.0851063829787234,0.650716519170446,"116769,116815","10-129-09,10-061-09",3.20789783006217,6.82819281091451e-05,-0.01041541077977,0.429866750507032,4.55137563079079e-08,1.10178497424844e-05,0.220253895000107,0.118683544691873,0.484438148650582,1.37274651468586e-05,0.00837280226845297,0.269996558900372,6.62189350487338,4.97411046967914,-1.24395757188883,1.59211936721627,0.018479158130612
"Bcell","cg10603824","LM38","CpG ~ as.numeric(LM) +Age + Gender",47,64.297712473223,0.0851063829787234,0.650716519170446,"116769,116815","10-129-09,10-061-09",-4.72688990618745,-0.000203998927050619,0.022865587687837,-1.26422037552258,0.00151837553955884,6.00075319506227e-06,0.348376913934232,0.11134809641959,1.39539101622243,3.95410262275803e-05,0.0241172853511854,0.777706656154148,-3.38750203436451,-5.15917128393415,0.948099562404236,-1.62557484305753,0.011338356855405
"Bcell","cg21826610","LM38","CpG ~ as.numeric(LM) +Age + Gender",47,5.89546454558468,0.0851063829787234,0.650716519170446,"116769,116815","10-129-09,10-061-09",4.16086429925292,0.000155021483776188,-0.0224201095907662,0.912017648537199,1.6423392025824e-06,4.78534128846515e-09,0.0907378211596975,0.0345576752638037,0.749667251546974,2.12432301131081e-05,0.0129568979689599,0.417819238228441,5.55028152912746,7.29745349227903,-1.73036089691196,2.18280434477878,5.03561463785188e-05
"Bcell","cg16528345","LM38","CpG ~ as.numeric(LM) +Age + Gender",47,-15.2760334276607,0.0851063829787234,0.650716519170446,"116769,116815","10-129-09,10-061-09",3.88766309808487,9.61448428657679e-05,-0.0144413087290937,0.562194518412268,6.94160200502892e-08,1.10501140903139e-06,0.169846463910043,0.0991482440522289,0.598484568856177,1.69591847437922e-05,0.010343927227266,0.333559143920129,6.49584517361069,5.66919013609785,-1.3961146875654,1.68544178344242,0.00283079505138736
"Bcell","cg03850491","LM38","CpG ~ as.numeric(LM) +Age + Gender",47,-59.6925416531902,0.0851063829787234,0.650716519170446,"116769,116815","10-129-09,10-061-09",3.77498698466683,-5.68663828569216e-05,0.00387638449692997,-0.0542890608126751,6.04808091310676e-13,2.90623088792121e-06,0.550923872943102,0.795287809750394,0.373114258831995,1.05728935637696e-05,0.00644873225084092,0.207951347848874,10.1175093026038,-5.37850707698288,0.601107992415794,-0.261066164630628,0.00639179227068704
"Bcell","cg25230532","LM38","CpG ~ as.numeric(LM) +Age + Gender",47,-57.6996157247553,0.0851063829787234,0.650716519170446,"116769,116815","10-129-09,10-061-09",-3.81812461216787,-5.46971474747238e-05,0.0145786923572388,-0.395215204215192,8.16248656386004e-13,8.18443589267671e-06,0.0322346076498858,0.0696410163055135,0.381109233580619,1.0799446194931e-05,0.00658691365314784,0.212407263793224,-10.0184521280044,-5.06481040670374,2.21328123077365,-1.86064825259427,0.014654746671234
"Bcell","cg05371030","LM38","CpG ~ as.numeric(LM) +Age + Gender",47,-104.953719322489,0.0851063829787234,0.650716519170446,"116769,116815","10-129-09,10-061-09",-3.84499404879421,3.05145617691654e-05,-0.00121174584154172,-0.0751302075867872,2.17132084891224e-20,2.94843859019717e-05,0.762500275633027,0.561775090189418,0.230530415132379,6.53251245352099e-06,0.00398437981844406,0.128483726933964,-16.6789013353673,4.67118309934767,-0.304124078716701,-0.584744927467752,0.0383406321958539
"Bcell","cg04309489","LM38","CpG ~ as.numeric(LM) +Age + Gender",47,-102.985949319978,0.0851063829787234,0.650716519170446,"116769,116815","10-129-09,10-061-09",-4.76061915193681,-3.14151507340685e-05,0.0113036335046737,-0.512173948835608,1.37458329770274e-23,2.60603565368852e-05,0.00806962912081823,0.000329056620449668,0.235407141011672,6.6707036441307e-06,0.00406866686647798,0.131201719333566,-20.2229173315552,-4.70942083624259,2.77821553733118,-3.9037136970245,0.0344114933773104
"Bcell","cg21935094","LM38","CpG ~ as.numeric(LM) +Age + Gender",47,20.2596170314613,0.0851063829787234,0.650716519170446,"116769,116815","10-129-09,10-061-09",3.53367382773716,0.000153128191999542,-0.0216663724796352,0.287709710150802,0.00021290345590911,1.95514430702106e-07,0.158456787721329,0.557601755489612,0.873440120773254,2.47505669179475e-05,0.0150961303211548,0.486802758352546,4.04569671543002,6.18685594181294,-1.43522691038731,0.591019063089286,0.000751297151843185
"Bcell","ch.10.1464434F","LM38","CpG ~ as.numeric(LM) +Age + Gender",47,-4.04975192368196,0.0851063829787234,0.650716519170446,"116769,116815","10-129-09,10-061-09",-5.78928658226311,-0.00015403420335643,0.0303284945508424,-0.781602349817087,7.16731090836132e-11,3.8962976537576e-10,0.0126640438794873,0.0435748619818039,0.674403953064814,1.91105031393357e-05,0.0116560823374535,0.375872022349016,-8.58430107942551,-8.06018565986245,2.60194580587256,-2.0794374237605,1.02409714746189e-05
"Bcell","cg23889054","LM38","CpG ~ as.numeric(LM) +Age + Gender",47,-110.978955865388,0.0851063829787234,0.650716519170446,"116769,116815","10-129-09,10-061-09",-4.24244607648905,-3.2916257110474e-05,0.0132891739913243,-0.294522526734408,4.44954640702313e-23,2.96575248725772e-06,0.000930811231517365,0.0187006045752084,0.216217435132352,6.1269272727392e-06,0.00373700096988237,0.120506536536425,-19.6212024894854,-5.37239233390769,3.55610664766368,-2.4440377692324,0.00646038175962371
"Bcell","cg13451953","LM38","CpG ~ as.numeric(LM) +Age + Gender",47,-82.5504350634668,0.0851063829787234,0.650716519170446,"116769,116815","10-129-09,10-061-09",-4.60949862612878,-5.79820678257721e-05,0.0078114546829988,-0.217406116687734,1.79686745280022e-19,1.31409614780416e-08,0.129729867592984,0.189464974488303,0.292573412430631,8.29061735378704e-06,0.00505670195072749,0.163062745578666,-15.7550154261597,-6.99369725455808,1.54477261248807,-1.33326662639108,9.56207653848198e-05
"Bcell","cg12188560","LM38","CpG ~ as.numeric(LM) +Age + Gender",47,-131.438284485411,0.0851063829787234,0.650716519170446,"116769,116815","10-129-09,10-061-09",-3.82607422052208,-2.43250372822952e-05,0.00702209213363418,-0.105459746400438,5.03882085464575e-25,1.24978678032267e-05,0.0242240444330881,0.282686013129257,0.173926381239809,4.928530800556e-06,0.00300606218450161,0.0969360579210159,-21.9982396761692,-4.93555549648813,2.33597700334945,-1.08793104095864,0.0199265246808113
"Bcell","cg03592628","LM38","CpG ~ as.numeric(LM) +Age + Gender",47,-73.7747997472442,0.0851063829787234,0.650716519170446,"116769,116815","10-129-09,10-061-09",3.70265066643126,-4.67434155528125e-05,0.0048399721204536,-0.0779540094521329,9.72296122431361e-15,6.48570218476167e-06,0.388144340011797,0.665413433887254,0.321203038017197,9.10189158663171e-06,0.00555152300213287,0.179019169350226,11.5274459708972,-5.13557155761625,0.871827806278405,-0.435450626517134,0.0119609187999356
"Bcell","cg25091705","LM38","CpG ~ as.numeric(LM) +Age + Gender",47,-58.6908872445523,0.0851063829787234,0.650716519170446,"116769,116815","10-129-09,10-061-09",3.954425290732,-5.14669618849894e-05,-0.00526487951665573,-0.191132592128299,2.00407675711507e-13,1.84362573468424e-05,0.423670686018074,0.368218971580353,0.3771113849651,1.0686159642902e-05,0.0065178167084704,0.210179104487023,10.4860936274782,-4.81622618460273,-0.807767347893294,-0.909379610284239,0.0263263211773559
"Bcell","cg05033322","LM38","CpG ~ as.numeric(LM) +Age + Gender",47,-38.9724713030031,0.0851063829787234,0.650716519170446,"116769,116815","10-129-09,10-061-09",-6.38703174698838,-6.16671076887881e-05,0.0277377558750925,-0.211736594340706,2.53705483727254e-17,2.87734602447372e-05,0.00126666149685634,0.418557366938104,0.465127228110804,1.31802539303143e-05,0.00803904135438839,0.259233818374131,-13.731795003553,-4.6787495912317,3.45038104076313,-0.8167784422136,0.0374874341716172
"Bcell","cg06947286","LM38","CpG ~ as.numeric(LM) +Age + Gender",47,-133.319562523894,0.0851063829787234,0.650716519170446,"116769,116815","10-129-09,10-061-09",0.454586263193338,-2.89373782955143e-05,-2.1701298026731e-05,-0.144181841172585,0.0107570785484543,3.77976698346085e-07,0.994157605905885,0.136469147088326,0.170480090254975,4.83087367030725e-06,0.00294649810381156,0.0950153035182788,2.66650646719769,-5.9900921179903,-0.00736511521886217,-1.51745914430351,0.00119691746196866
"Bcell","cg09804146","LM38","CpG ~ as.numeric(LM) +Age + Gender",47,-30.2150150551488,0.0851063829787234,0.650716519170446,"116769,116815","10-129-09,10-061-09",3.62431384570344,7.52745974088992e-05,-0.00994897270184259,0.678607543152617,9.25511645953343e-09,5.1913587480005e-06,0.265787133608733,0.0215645875227646,0.510543275677454,1.44672029697653e-05,0.00882399106809167,0.284545979681014,7.09893562087217,5.20312029673007,-1.12749124801576,2.38487833816299,0.00991861292413017
"Bcell","cg23953279","LM38","CpG ~ as.numeric(LM) +Age + Gender",47,-43.1942593301245,0.0851063829787234,0.650716519170446,"116769,116815","10-129-09,10-061-09",3.96851604401147,7.14467084738316e-05,-0.0118248613605656,0.386406820849274,2.42914564462414e-11,1.10295671379548e-06,0.131253766391879,0.126316371941591,0.44469930666907,1.26013903944939e-05,0.00768597471943497,0.247848529023739,8.92404369536089,5.66974803868069,-1.53849860196196,1.55904423710445,0.00283079505138736
"Bcell","cg06922858","LM38","CpG ~ as.numeric(LM) +Age + Gender",47,12.4901667104233,0.0851063829787234,0.650716519170446,"116769,116815","10-129-09,10-061-09",4.08051094929578,0.000151568298130776,-0.0115326048151842,0.312845285801995,7.93291030088096e-06,4.12206289267507e-08,0.411251767333869,0.488917613660302,0.804150024563024,2.27871018535261e-05,0.0138985527225565,0.448184644575276,5.07431551906392,6.65149517938026,-0.829770195890073,0.698027675844325,0.000216882339098099
"Bcell","cg14021550","LM38","CpG ~ as.numeric(LM) +Age + Gender",47,12.8377141460443,0.0851063829787234,0.650716519170446,"116769,116815","10-129-09,10-061-09",4.31330919254973,0.000145001439316455,-0.0206810519794723,0.520306217598834,3.25818446712042e-06,1.17087262072628e-07,0.145497319411136,0.253807025992452,0.807128722215045,2.28715088481343e-05,0.0139500351388926,0.449844790701857,5.34401647944394,6.33982831125213,-1.48250895238348,1.15663497355842,0.000494364826057822
"Bcell","cg05067136","LM38","CpG ~ as.numeric(LM) +Age + Gender",47,-39.9620024262635,0.0851063829787234,0.650716519170446,"116769,116815","10-129-09,10-061-09",-4.45719348893904,-6.44921858640482e-05,-0.00356090613359561,-0.137512785669523,2.26573923949728e-12,1.21231624480348e-05,0.656660740911857,0.594671135418446,0.460256549425888,1.30422340983193e-05,0.00795485882323231,0.256519196315361,-9.68415005609118,-4.94487258684914,-0.447639136372341,-0.536072105498362,0.0197432916634371
"Bcell","cg02902915","LM38","CpG ~ as.numeric(LM) +Age + Gender",47,-59.5701378218908,0.0851063829787234,0.650716519170446,"116769,116815","10-129-09,10-061-09",3.42406764765246,5.50248207448587e-05,-0.00642288777500109,0.447539972735394,1.13646534986091e-11,5.28751391821526e-06,0.325448785348959,0.0372780636316151,0.373600432907747,1.05866702196725e-05,0.00645713505606106,0.208222311908672,9.16505267674025,5.19755689023068,-0.994696211127281,2.1493372570548,0.0100462030069157
"Bcell","cg10018845","LM38","CpG ~ as.numeric(LM) +Age + Gender",47,-83.1022668303633,0.0851063829787234,0.650716519170446,"116769,116815","10-129-09,10-061-09",-4.59932558424279,-3.89856892240739e-05,0.00654556033508002,-0.65758282246348,1.57031660907076e-19,2.43769265779056e-05,0.199829705628095,0.000205955529883951,0.290860877057258,8.24208944632099e-06,0.00502710329071501,0.162108281816689,-15.8128024324749,-4.73007354239233,1.30205407698099,-4.05644187387705,0.0327100247981258
"Bcell","cg26411533","LM38","CpG ~ as.numeric(LM) +Age + Gender",47,74.8382585291003,0.0851063829787234,0.650716519170446,"116769,116815","10-129-09,10-061-09",9.70706207956855,0.000214259865019016,-0.107865405547049,1.32737826817645,1.75778984380941e-07,1.68507234872595e-05,0.000246507928093809,0.134397526448815,1.56097112412523,4.42330496914224e-05,0.0269790944529687,0.869991005519775,6.21860451455076,4.84388633643238,-3.99811067547451,1.52573792114484,0.0247334991666697
"Bcell","cg16843934","LM38","CpG ~ as.numeric(LM) +Age + Gender",47,-50.9510908514652,0.0851063829787234,0.650716519170446,"116769,116815","10-129-09,10-061-09",-5.5256651428753,-7.44946622699781e-05,0.0142276567249165,-0.497359059006093,4.6765980193818e-17,8.94581176046947e-08,0.0506928234397361,0.0348323041375018,0.4094762295649,1.16032783245434e-05,0.00707719553740484,0.22821731369006,-13.4944710923678,-6.42013922155136,2.01035235634223,-2.17932220375511,0.000399296093241852
"Bcell","cg26577002","LM38","CpG ~ as.numeric(LM) +Age + Gender",47,49.725534728844,0.0851063829787234,0.650716519170446,"116769,116815","10-129-09,10-061-09",-6.10450910545074,-0.000155132501160147,0.0499555469280803,-1.51100555330235,7.09342170290625e-06,3.93813263333328e-05,0.0198825118939152,0.0283634949530635,1.19500635919454,3.38627504704419e-05,0.0206539307091123,0.666024353666889,-5.10834863637488,-4.5812138413139,2.41869441859028,-2.26869414756878,0.0475335788700002
"Bcell","cg07439679","LM38","CpG ~ as.numeric(LM) +Age + Gender",47,-68.6456774783774,0.0851063829787234,0.650716519170446,"116769,116815","10-129-09,10-061-09",3.9870761953453,4.61267437399365e-05,-0.00930192708993334,0.268894880204938,5.13152588573504e-15,1.95159093138993e-05,0.119933923491664,0.162158315421262,0.339216508236218,9.61233711057403e-06,0.00586285939199534,0.189058789447317,11.7537799562775,4.79870225204596,-1.58658539596454,1.42228182562159,0.0275801330395879
"Bcell","cg01007370","LM38","CpG ~ as.numeric(LM) +Age + Gender",47,-17.3760765195614,0.0851063829787234,0.650716519170446,"116769,116815","10-129-09,10-061-09",3.71411461321238,9.2967801895469e-05,-0.00256225086802969,0.15234632056607,1.14663234679253e-07,1.36551700051319e-06,0.801241966152462,0.642823476476034,0.585262144828792,1.65845025155273e-05,0.0101153970378098,0.326189763540694,6.34607012606099,5.60570338533987,-0.253302056108366,0.467048134534927,0.00340878394440153
"Bcell","cg27517924","LM38","CpG ~ as.numeric(LM) +Age + Gender",47,-126.580475414043,0.0851063829787234,0.650716519170446,"116769,116815","10-129-09,10-061-09",3.35959019135084,2.87064610367819e-05,-0.00744010602292536,0.302048385476284,5.95225061445829e-22,1.75009669966989e-06,0.0234119153620429,0.00500189762837246,0.183150997079451,5.18992762238886e-06,0.00316549612801516,0.10207730152625,18.3432809262482,5.53118716202225,-2.3503759670022,2.95901616676857,0.00409951161674899
"Bcell","cg09257923","LM38","CpG ~ as.numeric(LM) +Age + Gender",47,-73.842042103883,0.0851063829787234,0.650716519170446,"116769,116815","10-129-09,10-061-09",3.453876717331,4.45195835243764e-05,0.00129954913908463,0.200423514229189,8.90309997946406e-14,1.42783820369924e-05,0.815897854854158,0.268776607220411,0.320973349443637,9.09538292934088e-06,0.00554755317231023,0.178891154814928,10.760633938356,4.89474537468459,0.234256274562834,1.12036570190704,0.021933170388161
"Bcell","cg01810632","LM38","CpG ~ as.numeric(LM) +Age + Gender",47,-55.9729722179189,0.0851063829787234,0.650716519170446,"116769,116815","10-129-09,10-061-09",4.48033458446519,7.80530683736633e-05,-0.0216686549380651,0.55084171233522,9.32784317163484e-15,9.34724772775904e-09,0.00237615547882793,0.0145573378064152,0.388174346090502,1.0999649432451e-05,0.00670902375164937,0.216344930699156,11.5420677064028,7.09595963516728,-3.22977764577716,2.54612719861325,7.26530762448698e-05
"Bcell","cg06429625","LM38","CpG ~ as.numeric(LM) +Age + Gender",47,-75.5654385545555,0.0851063829787234,0.650716519170446,"116769,116815","10-129-09,10-061-09",3.98627708717951,4.23333530465327e-05,-0.0107001225385601,0.119051477244505,4.36705205947499e-16,2.35682674138777e-05,0.0559570828528458,0.501522994953308,0.315142239649641,8.93014747732794e-06,0.00544677099929853,0.175641246476094,12.6491361221881,4.74049876040788,-1.96448915145104,0.677810478079867,0.0318588479639432
"Bcell","cg04371579","LM38","CpG ~ as.numeric(LM) +Age + Gender",47,3.3257782202765,0.0851063829787234,0.650716519170446,"116769,116815","10-129-09,10-061-09",3.10798662244339,9.4763652978336e-05,-0.00258721502043529,0.557107590737441,0.000108985304818265,3.89660893942222e-05,0.838374477965554,0.17769813440881,0.729451115616612,2.06703679176736e-05,0.01260749173568,0.406551985328016,4.26071954090601,4.58451699339667,-0.205212509726524,1.37032313416931,0.0473403380376572
"Bcell","cg24911489","LM38","CpG ~ as.numeric(LM) +Age + Gender",47,-73.0768911663214,0.0851063829787234,0.650716519170446,"116769,116815","10-129-09,10-061-09",3.01653156598732,4.24727480393022e-05,-0.00140390546962336,0.434619395287709,6.95779435574012e-12,3.34677912937725e-05,0.802997456004752,0.0203119337400351,0.32359670400518,9.16972060983062e-06,0.00559289400495321,0.180353254169335,9.32188594213567,4.63184756073902,-0.251015926348689,2.40982286285581,0.0420033062495118
"Bcell","cg06990529","LM38","CpG ~ as.numeric(LM) +Age + Gender",47,-23.0476731796474,0.0851063829787234,0.650716519170446,"116769,116815","10-129-09,10-061-09",2.6838281225435,8.35879905919332e-05,0.00468190305035702,0.33711936728844,1.54329613723035e-05,3.15646154111051e-06,0.62547749543952,0.278408051353951,0.550993891561879,1.56134471730122e-05,0.00952312058417302,0.307090709332503,4.87088543746967,5.35358974002966,0.491635384533314,1.09778432574925,0.00669834674393809
"Bcell","ch.2.3127775F","LM38","CpG ~ as.numeric(LM) +Age + Gender",47,51.200544144261,0.0851063829787234,0.650716519170446,"116769,116815","10-129-09,10-061-09",-4.93512528717532,-0.000162101562128481,0.0307239060730136,-0.355504661180412,0.000200274517346517,2.58033548129876e-05,0.150358675958614,0.60196212084108,1.21390580181871,3.43983016871266e-05,0.0209805798314345,0.676557761260559,-4.06549279176471,-4.71248736646632,1.46439737699627,-0.525460916327435,0.0341534439202817
"Bcell","cg11699233","LM38","CpG ~ as.numeric(LM) +Age + Gender",47,-100.084723432044,0.0851063829787234,0.650716519170446,"116769,116815","10-129-09,10-061-09",4.12980644440889,3.26023517565802e-05,-0.00935044969648214,0.296934577993813,1.03950381654832e-20,2.36942020339345e-05,0.0311406404639301,0.0336563839045003,0.242786057857983,6.8797991171265e-06,0.0041962006122856,0.135314281819542,17.0100642551089,4.73885228355291,-2.22831331493208,2.19440678397725,0.0319659087183452
"Bcell","cg19095118","LM38","CpG ~ as.numeric(LM) +Age + Gender",47,14.9823750700313,0.0851063829787234,0.650716519170446,"116769,116815","10-129-09,10-061-09",4.1129586262412,0.000161985655795195,-0.032279618388984,0.503626689508263,1.07777697842507e-05,1.66542247097599e-08,0.0288248196270914,0.279914517437182,0.825755483085346,2.33993331149848e-05,0.0142719713573824,0.460226221958768,4.98084325262193,6.92266121428306,-2.26174910113499,1.09430246578471,0.000116238841126043
"Bcell","cg10879418","LM38","CpG ~ as.numeric(LM) +Age + Gender",47,-80.690909953792,0.0851063829787234,0.650716519170446,"116769,116815","10-129-09,10-061-09",-4.77294675395316,-3.867161746106e-05,0.0109861597959929,-0.102851372341756,1.03116036566502e-19,4.04150975608988e-05,0.0389311837616055,0.539578825137156,0.298418779361859,8.45625680857101e-06,0.00515773053742748,0.166320599984513,-15.9941233060455,-4.57313659418001,2.13003756521807,-0.618392263804562,0.0483847512588287
"Bcell","cg01925424","LM38","CpG ~ as.numeric(LM) +Age + Gender",47,-86.9876834248288,0.0851063829787234,0.650716519170446,"116769,116815","10-129-09,10-061-09",3.03820340273432,4.58358176480313e-05,-0.00406253934922587,-0.0885517027091424,6.16003598795213e-14,7.2385875971415e-07,0.40431909096324,0.572113095585525,0.279083451955476,7.90835397760368e-06,0.0048235477865017,0.155544256545258,10.8863617009404,5.79587329776052,-0.84223055913213,-0.569302298110744,0.00202916300143721
"Bcell","cg27649522","LM38","CpG ~ as.numeric(LM) +Age + Gender",47,-95.1816857552282,0.0851063829787234,0.650716519170446,"116769,116815","10-129-09,10-061-09",-2.57554601719601,3.57440647025305e-05,-0.0121083866211134,0.190389931648358,7.00029577937115e-13,1.26662298296443e-05,0.00893503446708169,0.188735703722699,0.255785860111114,7.24817293913658e-06,0.00442088311117146,0.142559586270704,-10.06914931137,4.93145859000273,-2.73890675609943,1.33551125272509,0.0201008523198847
"Bcell","cg26671261","LM38","CpG ~ as.numeric(LM) +Age + Gender",47,-14.838907695021,0.0851063829787234,0.650716519170446,"116769,116815","10-129-09,10-061-09",4.17267862435978,9.19578620714833e-05,-0.0246770040768562,0.627717716187258,1.57324023644024e-08,2.73199827255584e-06,0.0221015736963207,0.0678559196807599,0.601274167108065,1.70382332516011e-05,0.0103921413380592,0.335113897464668,6.93972708727705,5.39714773906162,-2.37458318493817,1.87314737149461,0.0061267972407765
"Bcell","cg14034135","LM38","CpG ~ as.numeric(LM) +Age + Gender",47,13.50592146331,0.0851063829787234,0.650716519170446,"116769,116815","10-129-09,10-061-09",3.74976049660175,0.000168398239385408,-0.0262678406251501,0.352320925528709,3.5571462942861e-05,4.58055626841623e-09,0.0683504987110565,0.441028597060038,0.812886709487032,2.30346722360971e-05,0.0140495534964515,0.453053944964293,4.61289433427693,7.31064187323295,-1.86965661448134,0.777657781031961,4.895433726274e-05
"Bcell","cg25907853","LM38","CpG ~ as.numeric(LM) +Age + Gender",47,-59.3137026278874,0.0851063829787234,0.650716519170446,"116769,116815","10-129-09,10-061-09",3.9586423474985,5.8667365508774e-05,-0.00169014530203129,-0.0453425647457793,1.57599825804113e-13,1.77743515899741e-06,0.795311380951956,0.829105269003479,0.374621019047084,1.06155904454973e-05,0.00647477438931009,0.208791124968605,10.5670588307299,5.52652872301214,-0.261035396819654,-0.217167107809766,0.00414934048320284
"Bcell","cg04764169","LM38","CpG ~ as.numeric(LM) +Age + Gender",47,-120.59153639918,0.0851063829787234,0.650716519170446,"116769,116815","10-129-09,10-061-09",3.91994911739379,3.22039963440672e-05,-0.0057550547327569,0.187821271731306,1.80613004989198e-23,6.63133601187608e-07,0.0952526316004454,0.0914516205008574,0.195199683087135,5.53134977854366e-06,0.00337373997878955,0.108792511239621,20.0817391473119,5.82208640447723,-1.70583825930229,1.72641728360898,0.00189896047202018
"Bcell","cg13887911","LM38","CpG ~ as.numeric(LM) +Age + Gender",47,-5.97767927103754,0.0851063829787234,0.650716519170446,"116769,116815","10-129-09,10-061-09",5.13366954755126,0.000156328546526709,-0.0351901129100109,0.697864075305578,1.00648903512826e-09,1.5237861502072e-10,0.00358531950874112,0.0648113796003084,0.660712899526917,1.87225414133883e-05,0.0114194525748328,0.368241456190571,7.76989453547383,8.34975033971191,-3.08159368230716,1.89512631881518,8.16706353250725e-06
"Bcell","cg18927375","LM38","CpG ~ as.numeric(LM) +Age + Gender",47,10.7465842917442,0.0851063829787234,0.650716519170446,"116769,116815","10-129-09,10-061-09",-5.04929799938537,-0.000132664725202014,0.0240170263917855,-0.706410268881782,9.67989042103551e-08,4.6078142147696e-07,0.0854558364265007,0.115666995629505,0.789371532478487,2.23683255131848e-05,0.0136431281809625,0.439948005863656,-6.39660513666038,-5.93091892926075,1.7603753386484,-1.60566762314342,0.00140701869813899
"Bcell","cg01015483","LM38","CpG ~ as.numeric(LM) +Age + Gender",47,30.8176530343305,0.0851063829787234,0.650716519170446,"116769,116815","10-129-09,10-061-09",3.28609721279025,0.000144908656085985,-0.00961666932531678,1.01420723968433,0.00163097025498472,4.70779698161354e-06,0.572081045835334,0.0694372586533517,0.977266225982173,2.76926746866269e-05,0.0168906121381615,0.544669157207636,3.36254044744834,5.23274323357301,-0.569349958820588,1.86206108104942,0.00920031313268215
"Bcell","cg08766923","LM38","CpG ~ as.numeric(LM) +Age + Gender",47,-29.9669678609389,0.0851063829787234,0.650716519170446,"116769,116815","10-129-09,10-061-09",4.32043563294015,0.000109386733917412,-0.0152742669608455,0.369290614927238,1.13870594608668e-10,2.13715916415636e-09,0.0914490755149163,0.202434369521276,0.511892276330497,1.45054294378899e-05,0.00884730656411402,0.285297831151198,8.44012662959329,7.54108896849899,-1.72643129862824,1.29440386362954,2.98327792344312e-05
"Bcell","cg00246280","LM38","CpG ~ as.numeric(LM) +Age + Gender",47,20.1222834312357,0.0851063829787234,0.650716519170446,"116769,116815","10-129-09,10-061-09",3.10936820364012,0.000151831569703587,-0.00511379900178803,0.651611589446607,0.000906526301698339,2.26137066185234e-07,0.736077014328314,0.187119118616212,0.872164960200382,2.47144328472318e-05,0.0150740910425246,0.486092060882332,3.56511479540033,6.14343734457146,-0.339244269346775,1.34051066019023,0.000816262773647453
"Bcell","cg14303939","LM38","CpG ~ as.numeric(LM) +Age + Gender",47,-96.1602141278404,0.0851063829787234,0.650716519170446,"116769,116815","10-129-09,10-061-09",-4.34164850993928,-3.7860483577023e-05,0.00464664866724181,-0.145774512622016,7.61606070587492e-21,4.05237114968626e-06,0.294134140119793,0.30726261396807,0.25313697216551,7.1731117222351e-06,0.00437510097146671,0.141083256150506,-17.1513804277495,-5.27811151465321,1.06206661230131,-1.03325168839671,0.00810468305418027
"Bcell","cg13131270","LM38","CpG ~ as.numeric(LM) +Age + Gender",47,-72.8994279202283,0.0851063829787234,0.650716519170446,"116769,116815","10-129-09,10-061-09",4.44010320056478,4.5167186376261e-05,-0.0115140181155612,0.218635115685143,2.78656918769461e-17,1.33046072682855e-05,0.0460058923386684,0.232898726009215,0.324208201490386,9.18704854000901e-06,0.00560346284133728,0.180694065926712,13.6952217129413,4.91639792470463,-2.05480404556646,1.20997396657077,0.0207769060467373
"Bcell","cg16688681","LM38","CpG ~ as.numeric(LM) +Age + Gender",47,32.2292507182602,0.0851063829787234,0.650716519170446,"116769,116815","10-129-09,10-061-09",3.12044194434973,0.000146223325856589,0.00179396940196533,0.791645070437432,0.00300645899148755,5.21890418149138e-06,0.9171575311984,0.15943621179396,0.992052575016956,2.81116736684157e-05,0.0171461724756069,0.552910174908682,3.14544009353173,5.20151619506294,0.104627980648015,1.43177880668986,0.00994346619949637
"Bcell","cg00604876","LM38","CpG ~ as.numeric(LM) +Age + Gender",47,-54.471263844866,0.0851063829787234,0.650716519170446,"116769,116815","10-129-09,10-061-09",4.74587812003358,5.3304405766048e-05,-0.0190749440733754,0.925262846218855,2.3579172197235e-15,2.14754553969204e-05,0.00766173175461356,0.000128162114327671,0.394425472181541,1.11767868354041e-05,0.00681706528979253,0.219828930748562,12.0323824264809,4.76920662002773,-2.79811667667861,4.20901308607629,0.0297831573071841
"Bcell","cg10954617","LM38","CpG ~ as.numeric(LM) +Age + Gender",47,-134.014636286524,0.0851063829787234,0.650716519170446,"116769,116815","10-129-09,10-061-09",-3.83536548454282,-2.25688722718224e-05,0.00999724156943201,-0.305842802665845,1.54333220866478e-25,2.63098259419692e-05,0.00139042975914006,0.00229097059685248,0.16922414119922,4.79528399402529e-06,0.00292479086805323,0.0943153133871288,-22.6644109839365,-4.70647250505751,3.41810475361825,-3.24276929887807,0.0346739680061218
"Bcell","cg21893193","LM38","CpG ~ as.numeric(LM) +Age + Gender",47,-62.239861482561,0.0851063829787234,0.650716519170446,"116769,116815","10-129-09,10-061-09",3.58769828375525,5.88272824528684e-05,-0.00818980547975828,0.111205736116084,1.24489126348497e-12,9.42639778259841e-07,0.198876356137073,0.585533705928184,0.363138952240604,1.02902245090224e-05,0.00627632371965988,0.202391714568229,9.8796845164056,5.71681233983661,-1.30487301891466,0.549457947689827,0.00249907323694124
"Bcell","cg07076509","LM38","CpG ~ as.numeric(LM) +Age + Gender",47,1.98406245523549,0.0851063829787234,0.650716519170446,"116769,116815","10-129-09,10-061-09",-5.16964015784475,-0.000174863269831583,0.042085261032752,-0.689024105422108,6.86153462832224e-09,7.23827409511706e-11,0.00152448164729633,0.0927767049753081,0.719113197644024,2.03774235881341e-05,0.0124288159990703,0.400790254369032,-7.18891013929608,-8.58122564294174,3.38610379588048,-1.71916382175222,7.07277612812799e-06
"Bcell","cg12613770","LM38","CpG ~ as.numeric(LM) +Age + Gender",47,5.76105829547608,0.0851063829787234,0.650716519170446,"116769,116815","10-129-09,10-061-09",4.58900796102593,0.000143632258590886,-0.024726695458862,0.488126533261671,2.36431838971095e-07,2.76392976038252e-08,0.0626710637858355,0.248467524699399,0.748596103010526,2.12128771067601e-05,0.0129383847388998,0.417222244742859,6.1301520841091,6.77099376327001,-1.91111146853749,1.16994369167088,0.000166196933684114
"Bcell","cg17750401","LM38","CpG ~ as.numeric(LM) +Age + Gender",47,21.7367092265503,0.0851063829787234,0.650716519170446,"116769,116815","10-129-09,10-061-09",3.74480362168566,0.000161381728961269,-0.0292974036564659,0.490586427565585,0.000123607635128873,8.99006547697646e-08,0.0627564225488818,0.326718034553726,0.88727354041777,2.51425628550159e-05,0.0153352206729421,0.494512670778411,4.22057398434583,6.41866662089596,-1.91046508435051,0.992060378945103,0.000399296093241852
"Bcell","cg14707326","LM38","CpG ~ as.numeric(LM) +Age + Gender",47,-65.2904095870154,0.0851063829787234,0.650716519170446,"116769,116815","10-129-09,10-061-09",3.74894187815062,4.920754444126e-05,-0.00939436837186185,0.178664180352997,1.18244871336018e-13,1.2329673082276e-05,0.129393248941221,0.366914869004995,0.351543307081623,9.96164011652844e-06,0.00607591001491401,0.195929002455494,10.6642390926822,4.93970308760847,-1.54616647527733,0.91188225384642,0.019918126164388
"Bcell","cg20634552","LM38","CpG ~ as.numeric(LM) +Age + Gender",47,-0.627296834224778,0.0851063829787234,0.650716519170446,"116769,116815","10-129-09,10-061-09",3.87848188814404,0.000160291837952938,-0.0210683239591324,0.895934199311581,1.66949089127882e-06,3.56210466199889e-10,0.0885042041965236,0.0264643302001707,0.699410868998372,1.9819121087498e-05,0.0120882901704632,0.389809366609742,5.54535546995205,8.0877369508606,-1.74287046902723,2.2983906392597,1.02409714746189e-05
"Bcell","cg14071023","LM38","CpG ~ as.numeric(LM) +Age + Gender",47,-101.96680936037,0.0851063829787234,0.650716519170446,"116769,116815","10-129-09,10-061-09",2.75090422967787,-4.3452588658372e-05,0.00199248380580564,-0.024633010451998,8.8725312072927e-15,8.26666683968822e-08,0.630536790931952,0.853534100673099,0.237973290950877,6.74342032416544e-06,0.00411301900119737,0.132631936287243,11.5597183981698,-6.44370164835449,0.484433406513706,-0.185724578420162,0.000374460846689573
"Bcell","cg00571438","LM38","CpG ~ as.numeric(LM) +Age + Gender",47,-139.528055174548,0.0851063829787234,0.650716519170446,"116769,116815","10-129-09,10-061-09",3.30775324216662,2.6047582505402e-05,-0.00661614171937062,0.0977355149340218,5.24736765719942e-24,8.15911970467429e-07,0.0208602462711885,0.277943070851339,0.159584046867819,4.52211380849104e-06,0.00275817598871127,0.0889425071698571,20.7273427832444,5.76004576808597,-2.3987380596631,1.09886170340771,0.00225032140419302
"Bcell","cg20808750","LM38","CpG ~ as.numeric(LM) +Age + Gender",47,27.9010088549614,0.0851063829787234,0.650716519170446,"116769,116815","10-129-09,10-061-09",2.87816905675671,0.000153657945404361,-0.000844735746147029,0.403979152298346,0.0040398835861879,9.21673004960933e-07,0.959095689697079,0.448408336040675,0.947409083899061,2.6846616467487e-05,0.0163745752660461,0.528028589895803,3.03793694368182,5.72354976614841,-0.0515882538888596,0.765070604184641,0.00245299504680254
"Bcell","cg14557552","LM38","CpG ~ as.numeric(LM) +Age + Gender",47,-119.272729028752,0.0851063829787234,0.650716519170446,"116769,116815","10-129-09,10-061-09",3.17043833951163,2.76950788480564e-05,-0.0093832525362137,0.120952597155832,9.80946688647944e-20,1.24319856438434e-05,0.00885220201280816,0.279056452422835,0.197957609846936,5.60950081511708e-06,0.00342140669433417,0.110329613007761,16.0157436835243,4.93717351344718,-2.74251305807998,1.09628406969327,0.019918126164388
"Bcell","cg11691510","LM38","CpG ~ as.numeric(LM) +Age + Gender",47,-84.6012992299453,0.0851063829787234,0.650716519170446,"116769,116815","10-129-09,10-061-09",2.11950666565995,3.77329103127281e-05,-0.00923138904851092,0.33190523659066,3.36033924400892e-09,3.13986116070931e-05,0.0688943798652712,0.0434878035026871,0.286259262937291,8.1116940643159e-06,0.00494757114559076,0.159543620092093,7.40415050298041,4.6516683215062,-1.86584260778905,2.08034164198528,0.0399934699184239
"Bcell","cg09197075","LM38","CpG ~ as.numeric(LM) +Age + Gender",47,-70.7110521868794,0.0851063829787234,0.650716519170446,"116769,116815","10-129-09,10-061-09",2.81834339680617,-4.43122679539812e-05,-0.00627592825065725,-0.077967526976729,9.60766837382633e-11,2.5814999388571e-05,0.279943503167386,0.675446343323037,0.331844504584197,9.40343753592754e-06,0.00573544513060279,0.184950079958209,8.49296389686359,-4.71234777544681,-1.09423560120392,-0.421559844658334,0.0341534439202817
"Bcell","cg16739709","LM38","CpG ~ as.numeric(LM) +Age + Gender",47,6.30621240661649,0.0851063829787234,0.650716519170446,"116769,116815","10-129-09,10-061-09",4.01984910041384,0.000157899227336096,-0.0229532187177803,0.567115424439794,3.31499667457012e-06,3.40105838756036e-09,0.0848729617900971,0.183633279357192,0.752950208598288,2.13362588694645e-05,0.0130136390623751,0.419648960163721,5.33879804336239,7.40051141590125,-1.76378172221961,1.35140433618265,4.0108740203437e-05
"Bcell","cg03928690","LM38","CpG ~ as.numeric(LM) +Age + Gender",47,-88.7168390241998,0.0851063829787234,0.650716519170446,"116769,116815","10-129-09,10-061-09",-5.2143314549579,-3.86957790891751e-05,0.0183806003851088,-0.223892154628793,1.45003981356516e-22,1.06716296965581e-05,0.000352234916906296,0.149886878061997,0.273996566616925,7.76420752384989e-06,0.00473562844071808,0.152709133958906,-19.0306452352305,-4.98386718416662,3.8813434405174,-1.46613466283583,0.0181575655579534
"Bcell","cg19870470","LM38","CpG ~ as.numeric(LM) +Age + Gender",47,-129.854116358169,0.0851063829787234,0.650716519170446,"116769,116815","10-129-09,10-061-09",-1.92087848343464,-2.62744032428069e-05,-0.00364970637068878,-0.17736690621838,6.6605301836129e-14,4.56618129884404e-06,0.239090910212106,0.0790149122338653,0.17688237537804,5.0122944484436e-06,0.00305715220392939,0.0985835504805414,-10.8596375378229,-5.24199117052381,-1.19382553671936,-1.799153158451,0.00897484246408859
"Bcell","cg12526997","LM38","CpG ~ as.numeric(LM) +Age + Gender",47,-0.0522718698915003,0.0851063829787234,0.650716519170446,"116769,116815","10-129-09,10-061-09",-4.08119475726892,-0.000148386635463703,0.0101565696144722,-0.704774561813171,7.14892590832443e-07,2.97088351687884e-09,0.408291415167276,0.0793660763164815,0.703702479035006,1.99407319213391e-05,0.0121624643500776,0.392201250785794,-5.79960264296,-7.44138359860855,0.835074975114514,-1.79697173428468,3.62869548415633e-05
"Bcell","cg17304496","LM38","CpG ~ as.numeric(LM) +Age + Gender",47,-44.1360294155946,0.0851063829787234,0.650716519170446,"116769,116815","10-129-09,10-061-09",-4.28231342402247,-7.69771125104703e-05,0.0114760611046715,-0.431089244248964,1.98842848965344e-12,2.06787389487065e-07,0.138828555084452,0.0860644872372679,0.440266184039138,1.24757695354355e-05,0.00760935470237889,0.245377774277031,-9.7266462409972,-6.17012940899786,1.50815168349082,-1.75683900271369,0.000768704024305462
"Bcell","cg12109728","LM38","CpG ~ as.numeric(LM) +Age + Gender",47,-106.080445518532,0.0851063829787234,0.650716519170446,"116769,116815","10-129-09,10-061-09",3.46955526042647,4.4843789491062e-05,-0.00547103114274411,0.168951037192341,6.18710197566363e-19,1.53303896041885e-08,0.171780390256978,0.19026325482611,0.227783668846333,6.45467823667826e-06,0.00393690634097592,0.126952856486476,15.2317998827523,6.9474864349148,-1.38967774920139,1.33081713848903,0.000108517716403361
"Bcell","cg13239696","LM38","CpG ~ as.numeric(LM) +Age + Gender",47,-11.0913792742595,0.0851063829787234,0.650716519170446,"116769,116815","10-129-09,10-061-09",4.66630633055702,0.000123424686014735,-0.0244747300767316,0.413949381362572,2.81778510835169e-09,1.46612347919364e-08,0.0287363170612839,0.241754786872818,0.625729606326199,1.77312240708691e-05,0.010814817705583,0.348743881919207,7.45738460092046,6.96086663399125,-2.26307375149715,1.18697245406722,0.000105560118858006
"Bcell","cg06305609","LM38","CpG ~ as.numeric(LM) +Age + Gender",47,-43.3948347192882,0.0851063829787234,0.650716519170446,"116769,116815","10-129-09,10-061-09",-5.49547397798086,-9.01640720670861e-05,0.0200228351441268,-0.333978968986279,8.95984652970511e-16,7.29760912421732e-09,0.0123891436021924,0.18395549008923,0.443751427498084,1.25745304572256e-05,0.00766959201940368,0.247320238435699,-12.3841268724811,-7.17037287187738,2.61067799870842,-1.35039077715069,6.6093072047254e-05
"Bcell","cg15556378","LM38","CpG ~ as.numeric(LM) +Age + Gender",47,-42.9465497664494,0.0851063829787234,0.650716519170446,"116769,116815","10-129-09,10-061-09",4.40407171992891,6.70662329187294e-05,-0.0193969275194441,0.543193950191246,1.25352483969761e-12,3.66936933938942e-06,0.0156433280679139,0.0343175616899848,0.445872727319597,1.26346414733521e-05,0.0077062555728565,0.248502522807398,9.87741893612639,5.30812315174748,-2.51703662512378,2.18586895639787,0.00747590550141216
"Bcell","cg01160557","LM38","CpG ~ as.numeric(LM) +Age + Gender",47,-85.5467031682724,0.0851063829787234,0.650716519170446,"116769,116815","10-129-09,10-061-09",-4.42360609926876,-4.13397304648188e-05,0.0134495160830098,0.0658075323860445,2.52773952928519e-19,6.22920229661423e-06,0.00877536981588572,0.679012119342778,0.283394643220698,8.03051968234768e-06,0.00489806039890791,0.157947054115213,-15.6093497357458,-5.14782755039999,2.74588612382333,0.416642986820392,0.0117053385298699
"Bcell","ch.7.109930408F","LM38","CpG ~ as.numeric(LM) +Age + Gender",47,36.224650059315,0.0851063829787234,0.650716519170446,"116769,116815","10-129-09,10-061-09",-6.87550761216372,-0.000156388786350541,0.0490685415665582,-1.86589399205509,4.25257591405508e-08,3.39470184905911e-06,0.00884817376423736,0.00234652519126371,1.03512798307383,2.93322962895585e-05,0.0178906676713254,0.576917805152049,-6.64218118396027,-5.33162439130997,2.74268923150385,-3.23424580658128,0.00710079232797305
"Bcell","cg04418299","LM38","CpG ~ as.numeric(LM) +Age + Gender",47,-118.227380980627,0.0851063829787234,0.650716519170446,"116769,116815","10-129-09,10-061-09",-3.83293247725573,-3.59367453818982e-05,0.00338560129813599,-0.320121685390628,1.14339612017027e-22,1.18775195720499e-07,0.333255688128225,0.00635228241959578,0.200171328033294,5.67223067925526e-06,0.00345966756355779,0.111563405792984,-19.1482592183143,-6.33555781032103,0.978591507981294,-2.86941477911352,0.000495975969701011
"Bcell","cg20033041","LM38","CpG ~ as.numeric(LM) +Age + Gender",47,-42.0284795720247,0.0851063829787234,0.650716519170446,"116769,116815","10-129-09,10-061-09",3.26222580332496,7.14414031735602e-05,-0.0033880422659142,0.185449958728363,5.68788822662827e-09,1.39426572223612e-06,0.665467675936547,0.463911940580698,0.450248769325014,1.27586448456668e-05,0.00778188903510934,0.250941464262272,7.24538527493477,5.59945072832901,-0.435375299060223,0.739016803275442,0.00343047044129818
"Bcell","cg07389810","LM38","CpG ~ as.numeric(LM) +Age + Gender",47,-32.2990807638024,0.0851063829787234,0.650716519170446,"116769,116815","10-129-09,10-061-09",3.27261615221517,7.23605385198e-05,-0.0256665356438643,0.919492891354199,5.71741009059425e-08,6.96678842514668e-06,0.00480505610785207,0.00192766860082102,0.49934862213998,1.41499814282849e-05,0.00863050791488791,0.278306756073998,6.55377026613237,5.11382568850273,-2.97393107068342,3.30388275270514,0.0127073291969552
"Bcell","cg15895233","LM38","CpG ~ as.numeric(LM) +Age + Gender",47,0.53458020619131,0.0851063829787234,0.650716519170446,"116769,116815","10-129-09,10-061-09",-4.81114193796401,-0.000142925582805079,0.0218843532339757,-0.727340779875649,2.55638641228546e-08,8.54539469088247e-09,0.0808017458100167,0.0722342189773288,0.708109511517077,2.00656134670374e-05,0.0122386334372269,0.394657464460204,-6.79434728627845,-7.12291119530776,1.78813699635851,-1.84296724469782,7.04217739950621e-05
"Bcell","cg27004170","LM38","CpG ~ as.numeric(LM) +Age + Gender",47,11.430980534382,0.0851063829787234,0.650716519170446,"116769,116815","10-129-09,10-061-09",-4.95918095915374,-0.00012518508448807,0.00806750395218723,-0.18517166758063,1.65342285488676e-07,1.61172279114501e-06,0.560250709437482,0.67814253265869,0.795139770733041,2.25317793819991e-05,0.0137428237117072,0.443162873404507,-6.23686695306646,-5.55593423695962,0.587033940143952,-0.417841111458833,0.00385458157527703
"Bcell","cg09449346","LM38","CpG ~ as.numeric(LM) +Age + Gender",47,-96.7625347717909,0.0851063829787234,0.650716519170446,"116769,116815","10-129-09,10-061-09",3.17486970162582,-4.55977926213586e-05,-0.000818358168146006,-0.0554991813888097,4.68944154664304e-16,9.64674028591024e-08,0.851565219513715,0.694130798719824,0.251520140479105,7.12729575855576e-06,0.00434715640919524,0.140182131842137,12.6227255422894,-6.39762880144577,-0.188251374258122,-0.395907671395018,0.000422969366785973
"Bcell","cg00794641","LM38","CpG ~ as.numeric(LM) +Age + Gender",47,-123.861571834557,0.0851063829787234,0.650716519170446,"116769,116815","10-129-09,10-061-09",3.29817749477802,2.46814322292589e-05,-0.00484809892696136,0.292092459364974,3.60672727482399e-21,3.4761651876791e-05,0.14407984122368,0.0080343079271748,0.188525907815157,5.34223581693837e-06,0.00325839356998171,0.105072952069214,17.494558350101,4.62005667196546,-1.48788009270119,2.77990152187374,0.0433883140063242
"Bcell","cg00110223","LM38","CpG ~ as.numeric(LM) +Age + Gender",47,41.8220623449979,0.0851063829787234,0.650716519170446,"116769,116815","10-129-09,10-061-09",5.84365902329214,0.000154114029959608,-0.0429422404135011,1.80487448054007,3.53962269786019e-06,1.19083862903019e-05,0.0288412626681981,0.0051572963377675,1.09863885981658,3.11319963118649e-05,0.0189883599450333,0.612314931123762,5.3189990241814,4.95034203447058,-2.26150339143604,2.94762448014724,0.0195133354833835
"Bcell","cg16666206","LM38","CpG ~ as.numeric(LM) +Age + Gender",47,-73.869237184779,0.0851063829787234,0.650716519170446,"116769,116815","10-129-09,10-061-09",2.11637561720835,-4.48915421698563e-05,0.00527132216867949,0.248880413582493,4.97139237450204e-08,1.24362375797302e-05,0.347179603485717,0.171188475199674,0.320880502277152,9.09275193042912e-06,0.00554594844533253,0.178839407413275,6.59552575550505,-4.93706883387258,0.95048163909923,1.39164190478088,0.019918126164388
"Bcell","cg22070382","LM38","CpG ~ as.numeric(LM) +Age + Gender",47,29.6767753240813,0.0851063829787234,0.650716519170446,"116769,116815","10-129-09,10-061-09",3.3102243141723,0.000173880777796303,-0.00171881070975525,0.520793083881809,0.00134900836529584,1.11052537864203e-07,0.918438760475043,0.338536798985597,0.96547683741711,2.73586002106995e-05,0.0166868498630471,0.53809846422449,3.42859008718218,6.355616751485,-0.103003905701911,0.967839751470724,0.00047474612897766
"Bcell","cg27241813","LM38","CpG ~ as.numeric(LM) +Age + Gender",47,-84.2633393459895,0.0851063829787234,0.650716519170446,"116769,116815","10-129-09,10-061-09",3.57069072054273,3.79154407074732e-05,-0.00267626397691813,0.476293828701046,7.93136793076434e-16,3.08245049601717e-05,0.592678027370889,0.00479591197607076,0.287290308350888,8.14091067332863e-06,0.00496539125204168,0.160118262519649,12.4288589512097,4.65739549651273,-0.538983504233971,2.97463775340804,0.0394089855518367
"Bcell","cg13407349","LM38","CpG ~ as.numeric(LM) +Age + Gender",47,37.4834173328718,0.0851063829787234,0.650716519170446,"116769,116815","10-129-09,10-061-09",3.26520356667402,0.000160327870629572,-0.0129797285178922,-0.0107378575619319,0.00329368393900205,2.76792649369548e-06,0.477952210114061,0.985432724325124,1.04908275468891,2.97277309627195e-05,0.0181318554137853,0.584695351835372,3.1124366043385,5.39320914975427,-0.715852196131233,-0.0183648758763441,0.00618579532756696
"Bcell","cg07350595","LM38","CpG ~ as.numeric(LM) +Age + Gender",47,-59.8019318391033,0.0851063829787234,0.650716519170446,"116769,116815","10-129-09,10-061-09",3.25170940631085,5.21404740865409e-05,-0.00507391361461376,0.418347353605455,4.56885100451936e-11,1.24282352141202e-05,0.435178999731003,0.0502824525046191,0.372680308846866,1.05605967755977e-05,0.00644123206236483,0.207709490342304,8.72519778780954,4.93726587563891,-0.787724082207794,2.01409840694338,0.019918126164388
"Bcell","cg26106370","LM38","CpG ~ as.numeric(LM) +Age + Gender",47,-51.9932138247392,0.0851063829787234,0.650716519170446,"116769,116815","10-129-09,10-061-09",4.38038082525533,6.95627871098042e-05,-0.010899035071811,0.397483851179184,7.55093718584395e-14,2.97147368020511e-07,0.126755720538325,0.0853304102841706,0.404961677648126,1.14753500136459e-05,0.00699916813465981,0.225701175178051,10.8167786411174,6.0619316210036,-1.5571900634647,1.76110669723194,0.000991450312142387
"Bcell","cg08860414","LM38","CpG ~ as.numeric(LM) +Age + Gender",47,-13.7948679172019,0.0851063829787234,0.650716519170446,"116769,116815","10-129-09,10-061-09",-5.46956386092119,-0.000140086587547149,0.024360308363875,-0.619567518394085,1.93397788013866e-11,3.09384029699528e-10,0.0252604954228394,0.0744309270677787,0.607989627345434,1.72285284350221e-05,0.0105082082103024,0.338856689316574,-8.99614666914969,-8.13108258639091,2.31821713810276,-1.82840574770315,1.00770061616347e-05
"Bcell","cg12337988","LM38","CpG ~ as.numeric(LM) +Age + Gender",47,14.566553508111,0.0851063829787234,0.650716519170446,"116769,116815","10-129-09,10-061-09",4.29544261251873,0.000141825900934174,-0.020619379089697,0.66770312724418,4.83137646303078e-06,2.72315785816377e-07,0.153994492452987,0.152312829062762,0.822110710866125,2.32960516460357e-05,0.0142089768199165,0.458194846106337,5.22489557153843,6.08798019033876,-1.45115157488294,1.45724713605622,0.000926679780693894
"Bcell","cg19734747","LM38","CpG ~ as.numeric(LM) +Age + Gender",47,-2.55298590359485,0.0851063829787234,0.650716519170446,"116769,116815","10-129-09,10-061-09",4.94700576270961,9.54801149112988e-05,-0.0204200421549939,0.172624988241733,6.1984764570124e-09,1.32660726474852e-05,0.0918542055209248,0.653533496227941,0.685228466944399,1.94172360781589e-05,0.0118431681700171,0.381904952471052,7.21949831531302,4.91728660695934,-1.72420435662566,0.452010342167056,0.0207641358364225
"Bcell","cg24412958","LM38","CpG ~ as.numeric(LM) +Age + Gender",47,-83.0816118155604,0.0851063829787234,0.650716519170446,"116769,116815","10-129-09,10-061-09",2.32601602224133,-3.84301207829469e-05,0.00103840713461681,0.104946616850125,4.81466518299662e-10,3.04054157451587e-05,0.837362373954549,0.520914834273534,0.290924796161748,8.24390071424353e-06,0.00502820803860607,0.162143906464146,7.99524843852815,-4.66164284542494,0.206516342729662,0.647243668532994,0.0392217752909779
"Bcell","cg06271011","LM38","CpG ~ as.numeric(LM) +Age + Gender",47,-56.991649573419,0.0851063829787234,0.650716519170446,"116769,116815","10-129-09,10-061-09",4.02721197338233,6.03170640248143e-05,-0.0141154913745322,0.352886311463663,1.9939774671367e-13,1.68099374181621e-06,0.0392076400274432,0.106456070741002,0.383990414926864,1.08810898817929e-05,0.00663671064328757,0.214013060221976,10.4877929678254,5.54329250838575,-2.12688063910225,1.64890082454616,0.00397851665893972
"Bcell","cg27632348","LM38","CpG ~ as.numeric(LM) +Age + Gender",47,-86.7052929882091,0.0851063829787234,0.650716519170446,"116769,116815","10-129-09,10-061-09",3.49478870408226,4.44868274118553e-05,-0.0123108481311593,0.183439621509521,6.81180531452507e-16,1.35320399381799e-06,0.014613193230916,0.246142803701698,0.279923122124658,7.93214760949335e-06,0.0048380602527822,0.156012237972654,12.4848161079238,5.60842152743257,-2.54458346691316,1.17580276966269,0.00339545143601777
"Bcell","cg18935638","LM38","CpG ~ as.numeric(LM) +Age + Gender",47,-27.3054502137809,0.0851063829787234,0.650716519170446,"116769,116815","10-129-09,10-061-09",3.66813271214518,9.27414510754618e-05,-0.0171995683826183,0.46376552936352,1.44228761088995e-08,1.77868162990812e-07,0.0655418489557634,0.121397165337739,0.526593141380636,1.4922006070359e-05,0.00910138943637107,0.293491205243334,6.96578140483936,6.21507930221813,-1.88977391890135,1.58016840395272,0.000703242393901159
"Bcell","cg10129414","LM38","CpG ~ as.numeric(LM) +Age + Gender",47,-63.4142399468342,0.0851063829787234,0.650716519170446,"116769,116815","10-129-09,10-061-09",-3.56970678277581,-4.97126159063055e-05,0.00689036471047243,-0.052319234086623,9.9356866642585e-13,1.44167546138249e-05,0.272471480285539,0.794760388164909,0.35863033901287,1.01624644820369e-05,0.0061983989584372,0.199878885922731,-9.95372224391675,-4.89178741969303,1.11163620745859,-0.261754681316608,0.022060376000186
"Bcell","cg16712944","LM38","CpG ~ as.numeric(LM) +Age + Gender",47,-71.906102365394,0.0851063829787234,0.650716519170446,"116769,116815","10-129-09,10-061-09",3.46097261930048,4.44116146209725e-05,-0.00945275631040545,0.253337783094755,1.59534500087297e-13,2.05134629704575e-05,0.102340382316455,0.17250257376071,0.327652370313449,9.2846455348167e-06,0.00566299024357636,0.18261363756468,10.5629408875923,4.78333981135116,-1.6692164216825,1.38728841105871,0.0287115831436455
"Bcell","ch.12.1183517F","LM38","CpG ~ as.numeric(LM) +Age + Gender",47,16.5927533444828,0.0851063829787234,0.650716519170446,"116769,116815","10-129-09,10-061-09",-5.9631342608061,-0.00014084526642989,0.0335540080821023,-0.871841352531565,9.26031014237179e-09,4.82818915675021e-07,0.0256863919986952,0.0694175063624973,0.840023937241317,2.38036565723163e-05,0.0145185806420913,0.46817859634066,-7.0987670665545,-5.91695927060609,2.31110801456891,-1.86219822808215,0.00146126426649175
"Bcell","cg00385421","LM38","CpG ~ as.numeric(LM) +Age + Gender",47,4.04352500971701,0.0851063829787234,0.650716519170446,"116769,116815","10-129-09,10-061-09",3.26611538180082,0.00016677805881784,-0.0135214471161673,0.277824061206526,6.1162159073061e-05,4.63228562819544e-10,0.293117367325233,0.501298175505901,0.735042234196582,2.08288027677206e-05,0.0127041260128523,0.409668137062145,4.44343907036955,8.00708810188092,-1.06433509101595,0.678168585916609,1.09257248560605e-05
"Bcell","cg17128080","LM38","CpG ~ as.numeric(LM) +Age + Gender",47,-17.0954125861881,0.0851063829787234,0.650716519170446,"116769,116815","10-129-09,10-061-09",3.64783900085344,7.85378787397633e-05,-0.010269370182868,0.18556735426073,1.78364979066884e-07,2.5062353247538e-05,0.317106778077073,0.573529159002115,0.587012224035865,1.66340942980619e-05,0.0101456445878753,0.327165151967532,6.21424708292031,4.72150015098292,-1.01219494670063,0.567197799474517,0.033351214610019
"Bcell","cg11975774","LM38","CpG ~ as.numeric(LM) +Age + Gender",47,-13.9468135255352,0.0851063829787234,0.650716519170446,"116769,116815","10-129-09,10-061-09",-2.69693679904032,-0.000123150733789878,0.0196020112971723,-0.124803276891078,6.1247060091054e-05,7.56286396654118e-09,0.0685267640147413,0.7140104456804,0.607007640862225,1.72007020029781e-05,0.0104912360154471,0.338309389373141,-4.44300304887342,-7.15963416891683,1.86841772202156,-0.368902787836684,6.64090463020043e-05
"Bcell","cg10924869","LM38","CpG ~ as.numeric(LM) +Age + Gender",47,-96.5502060885716,0.0851063829787234,0.650716519170446,"116769,116815","10-129-09,10-061-09",4.20406760754548,3.95196482951066e-05,-0.0111979019296249,0.258218838374246,2.18096541175623e-20,1.7435114985533e-06,0.0137145198082171,0.0729971721228976,0.252088920283698,7.14341320299225e-06,0.00435698693317734,0.140499135344937,16.6769233761415,5.53232007894385,-2.57010225216783,1.83786781135911,0.00409812078162531
"Bcell","cg23802616","LM38","CpG ~ as.numeric(LM) +Age + Gender",47,-58.2481109137545,0.0851063829787234,0.650716519170446,"116769,116815","10-129-09,10-061-09",3.58127220463081,6.57606245854903e-05,-0.00549379126949872,0.310377285819998,4.64207776140379e-12,2.40634491635532e-07,0.406149878744361,0.148898547283,0.378891915542459,1.07366143222283e-05,0.00654859056577021,0.211171464668075,9.45196257223782,6.12489399468734,-0.838927279743984,1.46978800524899,0.000840581585270346
"Bcell","cg11563839","LM38","CpG ~ as.numeric(LM) +Age + Gender",47,-99.3178377438171,0.0851063829787234,0.650716519170446,"116769,116815","10-129-09,10-061-09",3.89386374524521,3.56289886167668e-05,-0.00289828841876381,-0.000841586552434277,1.25881773123555e-19,6.46155334719925e-06,0.496969121273142,0.995106444447946,0.244774895322158,6.936156563476e-06,0.00423057474833994,0.13642273967538,15.9079375363243,5.13670478610298,-0.685081482108568,-0.00616896094035968,0.0119609187999356
"Bcell","cg19493916","LM38","CpG ~ as.numeric(LM) +Age + Gender",47,14.8929756734916,0.0851063829787234,0.650716519170446,"116769,116815","10-129-09,10-061-09",3.53016752556987,0.000158213689987006,-0.0065489936302123,0.106378101727202,0.000102853421515928,2.79270922323999e-08,0.648326920557186,0.818130237042157,0.824970515548076,2.33770895849505e-05,0.0142584043457938,0.459788728473787,4.27914387125045,6.76789509712363,-0.459307610542288,0.231363004657184,0.000166196933684114
"Bcell","cg12488586","LM38","CpG ~ as.numeric(LM) +Age + Gender",47,8.84121943655381,0.0851063829787234,0.650716519170446,"116769,116815","10-129-09,10-061-09",3.0538447285831,0.000173341824467648,-0.0206017215484805,0.910643085428766,0.000287516356451441,6.399694642921e-10,0.130653118502764,0.0405094875170938,0.773532171658677,2.19194874639764e-05,0.0133693680805816,0.431120103006619,3.94792206513502,7.90811485681529,-1.54096449617567,2.11227237857379,1.28745856978963e-05
"Bcell","cg25639195","LM38","CpG ~ as.numeric(LM) +Age + Gender",47,11.0498375957425,0.0851063829787234,0.650716519170446,"116769,116815","10-129-09,10-061-09",-4.25786396077337,-0.000145081868568831,0.0208378887081831,-0.403773204047919,2.92448418959649e-06,7.6934406347025e-08,0.135221059779619,0.365388488295499,0.791922235370985,2.24406044721278e-05,0.0136872133361551,0.441369613566662,-5.37661877719436,-6.46514975784316,1.5224347130719,-0.914818763315104,0.000362915512202299
"Bcell","cg17443976","LM38","CpG ~ as.numeric(LM) +Age + Gender",47,-80.9762229359872,0.0851063829787234,0.650716519170446,"116769,116815","10-129-09,10-061-09",3.89228682472748,4.81510437296388e-05,-0.0101545856177504,0.423119495979027,1.37341019319079e-16,9.5969339692741e-07,0.0547349028446924,0.0143561523227584,0.297514378638648,8.43062891481149e-06,0.0051420992985418,0.165816541656707,13.0826847513644,5.71144148511197,-1.97479376188438,2.55173272673253,0.00252471340396678
"Bcell","cg13396858","LM38","CpG ~ as.numeric(LM) +Age + Gender",47,18.3229051175521,0.0851063829787234,0.650716519170446,"116769,116815","10-129-09,10-061-09",-4.03453256102753,-0.000148857731138878,0.0158179868604895,-0.523259014138969,2.5571022042567e-05,2.29128067515568e-07,0.290753707415538,0.278632304934156,0.855628475582115,2.42458404853768e-05,0.0147882821806302,0.476875623333642,-4.71528551955063,-6.13951622871796,1.06962976952171,-1.0972651746824,0.000816262773647453
"Bcell","cg10448759","LM38","CpG ~ as.numeric(LM) +Age + Gender",47,41.4423217953092,0.0851063829787234,0.650716519170446,"116769,116815","10-129-09,10-061-09",-6.69231466297565,-0.000146658108845019,0.0439790970288806,-1.44748293306285,2.47815771630372e-07,2.43892318614086e-05,0.0248317110958095,0.0221576606528635,1.09420953894505,3.10064831827741e-05,0.0189118056357906,0.609846295247525,-6.11611800554016,-4.72991754596975,2.32548376796186,-2.37352090902733,0.0327100247981258
"Bcell","cg06362482","LM38","CpG ~ as.numeric(LM) +Age + Gender",47,20.5951858281488,0.0851063829787234,0.650716519170446,"116769,116815","10-129-09,10-061-09",-2.48144615841434,-0.000198007941835418,0.0167667374295417,-0.527585718328331,0.00703165265321688,5.20043099993758e-10,0.274573777097071,0.286200118985947,0.876563770114776,2.48390813910257e-05,0.015150118014662,0.488543691794249,-2.83087921611159,-7.97162901148826,1.10670672091895,-1.07991511750094,1.14744154896849e-05
"Bcell","cg26680922","LM38","CpG ~ as.numeric(LM) +Age + Gender",47,49.6121128236708,0.0851063829787234,0.650716519170446,"116769,116815","10-129-09,10-061-09",-3.81247211121296,-0.000203085321848669,-0.00376158853957183,0.11981664522247,0.00262514302163597,3.60115698292208e-07,0.856169358028119,0.857908062658106,1.19356531495489,3.3821915774351e-05,0.0206290243748107,0.665221202661927,-3.19418808794479,-6.00454815166559,-0.182344471130925,0.18011549352759,0.00115641942278582
"Bcell","cg14822966","LM38","CpG ~ as.numeric(LM) +Age + Gender",47,-107.457425733579,0.0851063829787234,0.650716519170446,"116769,116815","10-129-09,10-061-09",-4.90381125361909,-3.15118661549524e-05,0.01441627499985,-0.252204148628899,6.63068575348876e-25,1.1764482500315e-05,0.000580012222717852,0.0500847950232346,0.224471248962218,6.36081459559712e-06,0.00387965602574571,0.125106713748058,-21.8460550127936,-4.95406141483271,3.7158642168745,-2.01591218467134,0.0193899932718144
"Bcell","cg18382590","LM38","CpG ~ as.numeric(LM) +Age + Gender",47,-139.669165358073,0.0851063829787234,0.650716519170446,"116769,116815","10-129-09,10-061-09",-3.33843833843475,2.06027025395767e-05,-0.00373847610570064,0.0571225846475386,3.44452595652663e-24,4.17724286887215e-05,0.18171960995304,0.523505619886354,0.159344663461463,4.51533042989745e-06,0.00275403859793529,0.0888090893204293,-20.9510520522837,4.56283385223805,-1.3574523278299,0.643206512809026,0.049262297174038
"Bcell","cg00482453","LM38","CpG ~ as.numeric(LM) +Age + Gender",47,2.72137701606892,0.0851063829787234,0.650716519170446,"116769,116815","10-129-09,10-061-09",4.56672988890098,0.000147225395184845,-0.0210305412301013,0.586993848259468,1.33412394028354e-07,7.34372835414192e-09,0.10043330167563,0.153442072042623,0.724775937139047,2.05378879513768e-05,0.0125266881386234,0.403946323274555,6.30088508032912,7.16847786556238,-1.67885884899282,1.45314813983466,6.6093072047254e-05
"Bcell","cg26723698","LM38","CpG ~ as.numeric(LM) +Age + Gender",47,-109.608359864266,0.0851063829787234,0.650716519170446,"116769,116815","10-129-09,10-061-09",3.65755752891395,3.1442906590265e-05,-0.00485362803106938,0.0147305817073553,2.20888609615496e-20,8.37948438722519e-06,0.207406837533133,0.904672431947763,0.219393156180536,6.21691729546247e-06,0.00379188864640056,0.122276491601743,16.6712471463977,5.05763630042404,-1.28000278586152,0.12046945013219,0.0149648183379637
"Bcell","cg14250381","LM38","CpG ~ as.numeric(LM) +Age + Gender",47,24.4663130071914,0.0851063829787234,0.650716519170446,"116769,116815","10-129-09,10-061-09",4.6511248965,0.000157843660053401,-0.025578857267812,0.672706992924833,7.48485607112104e-06,2.6309064431522e-07,0.112491918086676,0.193353116221759,0.913416222496916,2.58833648708905e-05,0.0157870585565304,0.509083022476471,5.09201039126027,6.09826662185329,-1.62024212276271,1.32140920679775,0.000904284850544668
"Bcell","cg06927522","LM38","CpG ~ as.numeric(LM) +Age + Gender",47,8.40790381222748,0.0851063829787234,0.650716519170446,"116769,116815","10-129-09,10-061-09",2.9204199514696,0.000169579478077163,-0.0134657440707046,0.801693249728331,0.00046035491318237,9.98848978331593e-10,0.317263942234269,0.0685647869267312,0.769974594989092,2.18186768447569e-05,0.0133078805901924,0.429137324686027,3.7928783241361,7.7722164035769,-1.01186240584609,1.86815083100702,1.70801926733479e-05
"Bcell","cg08637669","LM38","CpG ~ as.numeric(LM) +Age + Gender",47,8.83582916731536,0.0851063829787234,0.650716519170446,"116769,116815","10-129-09,10-061-09",5.04895681221771,0.000158781703076332,-0.0386716004200179,0.841336929572109,6.24283004290929e-08,5.70888165771745e-09,0.00597164023009461,0.0575156775454324,0.773487816050971,2.19182305644928e-05,0.0133686014590142,0.431095381870428,6.5275195128413,7.24427560925267,-2.89271847459724,1.95162593930311,5.57835215638635e-05
"Bcell","cg19037691","LM38","CpG ~ as.numeric(LM) +Age + Gender",47,42.6977967432374,0.0851063829787234,0.650716519170446,"116769,116815","10-129-09,10-061-09",4.1652379940121,0.000166933010997035,-0.0208115360432024,0.368955374487294,0.000514157882629151,3.61801979803812e-06,0.283594506706114,0.553657471634929,1.10892196068936,3.14233872958861e-05,0.0191660882485416,0.618046110342843,3.7561146245339,5.31238117091501,-1.08585204102804,0.596970627778285,0.00740930374778169
"Bcell","cg11466230","LM38","CpG ~ as.numeric(LM) +Age + Gender",47,-28.4865381168632,0.0851063829787234,0.650716519170446,"116769,116815","10-129-09,10-061-09",3.68451181159499,0.000100990856599605,-0.0151099743559669,0.219787475714096,9.68313344005111e-09,2.09804880324335e-08,0.0999796711370658,0.452383316896343,0.520018016300666,1.47356875472969e-05,0.00898774805131854,0.289826627730443,7.08535415331585,6.85348792008898,-1.6811746690819,0.758341210520216,0.000137986047228311
"Bcell","cg18558423","LM38","CpG ~ as.numeric(LM) +Age + Gender",47,-96.5486025997731,0.0851063829787234,0.650716519170446,"116769,116815","10-129-09,10-061-09",1.93094400101406,-3.83232929054154e-05,0.00350707661189845,-0.0427484645631018,1.44599083226728e-09,3.04182827764092e-06,0.425295436966298,0.762400297657687,0.252093220551864,7.14353505917045e-06,0.00435706125700001,0.140501532054631,7.65964271782865,-5.36475184736697,0.804917903383621,-0.304256216554849,0.00654275261875786
"Bcell","cg23049298","LM38","CpG ~ as.numeric(LM) +Age + Gender",47,-85.8581529547695,0.0851063829787234,0.650716519170446,"116769,116815","10-129-09,10-061-09",4.15235944058543,4.48390836624376e-05,-0.0117650717319945,0.0667957611839407,2.23703986868452e-18,1.38194271241565e-06,0.0203053531401696,0.673460079630781,0.282457226822347,8.00395622740033e-06,0.0048818585325428,0.157424594844578,14.7008433358198,5.60211505267081,-2.40995753022496,0.424303211641654,0.00341242565190882
"Bcell","cg10443882","LM38","CpG ~ as.numeric(LM) +Age + Gender",47,2.93845531387566,0.0851063829787234,0.650716519170446,"116769,116815","10-129-09,10-061-09",-7.05376612993786,-0.00014486058593823,0.0535470200887936,-0.603328821785895,2.09340750805495e-12,1.13726017637756e-08,0.000107605743040038,0.143486357962578,0.726451627934526,2.05853717985014e-05,0.012555649994193,0.404880252094613,-9.70989100815066,-7.0370643462838,4.26477483153473,-1.49014139036079,8.64311415934855e-05
"Bcell","cg20735720","LM38","CpG ~ as.numeric(LM) +Age + Gender",47,7.11368335396059,0.0851063829787234,0.650716519170446,"116769,116815","10-129-09,10-061-09",4.14631055390746,0.000171218304512973,-0.0272478972476199,0.445071988814141,2.2200422713428e-06,5.4705586018371e-10,0.0439182262244333,0.298897917728074,0.759445998431449,2.15203292792463e-05,0.0131259092541467,0.423269321002724,5.4596515913853,7.95611917881258,-2.07588645632392,1.05151015377105,1.16932335339486e-05
"Bcell","cg00155622","LM38","CpG ~ as.numeric(LM) +Age + Gender",47,-0.220461766396463,0.0851063829787234,0.650716519170446,"116769,116815","10-129-09,10-061-09",-5.4292207987366,-0.000144830123537015,0.0329048706849003,-0.849120678436684,1.15098606232188e-09,5.13770466775839e-09,0.00961817754537038,0.0356666568581709,0.702444502161903,1.99050847830425e-05,0.0121407220664731,0.391500130471756,-7.72903878103845,-7.27603650602875,2.71028942963516,-2.16888989899824,5.16788868268147e-05
"Bcell","ch.2.4489892R","LM38","CpG ~ as.numeric(LM) +Age + Gender",47,-29.1292174288902,0.0851063829787234,0.650716519170446,"116769,116815","10-129-09,10-061-09",-5.32868981167751,-9.10441650706707e-05,0.0229292487443087,-0.272130404346174,3.31507715912783e-13,1.74450465799485e-07,0.0137636091854292,0.349745360539158,0.516474772271716,1.46352830703793e-05,0.00892650827958315,0.287851837557899,-10.3174251633613,-6.22086806472076,2.56866940870406,-0.945383592666617,0.000697669939658748
"Bcell","cg01390082","LM38","CpG ~ as.numeric(LM) +Age + Gender",47,25.9870969691688,0.0851063829787234,0.650716519170446,"116769,116815","10-129-09,10-061-09",3.45749201379293,0.000147520773742948,-0.00709240472797024,0.623568965389406,0.000565257503838736,1.35521201475574e-06,0.660672315319472,0.234705813149275,0.928314163678567,2.63055260258299e-05,0.0160445476004227,0.517386234898841,3.72448482321132,5.60797657488752,-0.442044544015898,1.20522913701275,0.00339545143601777
"Bcell","cg04718021","LM38","CpG ~ as.numeric(LM) +Age + Gender",47,26.1587408459792,0.0851063829787234,0.650716519170446,"116769,116815","10-129-09,10-061-09",4.07205500902937,0.000137808394157118,-0.00918474784609604,0.0174521984604873,7.51641935507581e-05,4.76312353649045e-06,0.570697571089315,0.973296166330939,0.930010812692876,2.63536037634632e-05,0.0160738716880392,0.518331844563979,4.37850286626088,5.22920490852096,-0.57140855820882,0.0336699329657589,0.0092606566544325
"Bcell","cg19246545","LM38","CpG ~ as.numeric(LM) +Age + Gender",47,32.501536482799,0.0851063829787234,0.650716519170446,"116769,116815","10-129-09,10-061-09",4.30508444295987,0.000163554779979088,-0.039971849644086,1.18555837277523,8.84518334632715e-05,7.11063962264711e-07,0.0248895318745443,0.0382403785342418,0.994930377112435,2.81932215978579e-05,0.0171959110603577,0.554514087947199,4.32702080667636,5.80120932300674,-2.32449734729289,2.13801307945872,0.00200976940028616
"Bcell","cg26384635","LM38","CpG ~ as.numeric(LM) +Age + Gender",47,-8.72551585698132,0.0851063829787234,0.650716519170446,"116769,116815","10-129-09,10-061-09",3.75074472364368,0.000108517496360652,-0.0111722904173667,0.590924106031446,6.13794274188276e-07,4.06965077068209e-07,0.319388621161118,0.105753798453041,0.641678307065104,1.81831604721225e-05,0.01109046758596,0.357632724241867,5.84521041516701,5.96802170486401,-1.00737776209817,1.65232112716789,0.0012714447665855
"Bcell","cg03017508","LM38","CpG ~ as.numeric(LM) +Age + Gender",47,-70.350985958979,0.0851063829787234,0.650716519170446,"116769,116815","10-129-09,10-061-09",3.55122306382842,-5.32064369771566e-05,0.00385021826060424,-0.0453780417107856,1.19537588713491e-13,1.23205929276621e-06,0.507238378648603,0.8080720529616,0.333118069866754,9.43952640109486e-06,0.00575745683698166,0.185659888309973,10.6605536747043,-5.63655788610171,0.66873593143995,-0.244414892865946,0.0031211940590949
"Bcell","cg18657579","LM38","CpG ~ as.numeric(LM) +Age + Gender",47,19.4904224537495,0.0851063829787234,0.650716519170446,"116769,116815","10-129-09,10-061-09",6.0121110270313,0.000139782989497169,-0.0453758873106958,0.514500863520766,1.57279905981149e-08,1.01697530833225e-06,0.00412260048536253,0.292559522300387,0.866321992492311,2.45488613789438e-05,0.014973103922875,0.482835543658535,6.93981115466679,5.69407221538447,-3.03049304569197,1.06558199842186,0.002644889832786
"Bcell","cg15167105","LM38","CpG ~ as.numeric(LM) +Age + Gender",47,-39.8602149033604,0.0851063829787234,0.650716519170446,"116769,116815","10-129-09,10-061-09",3.63502919775556,6.85811567867731e-05,-0.0230423172759774,1.00371248632723,6.80622926733044e-10,4.40747114907493e-06,0.00595926012221055,0.000324212162094428,0.460755206319619,1.30563644783234e-05,0.00796347737563708,0.256797117543808,7.88928512993077,5.25269931768783,-2.89349943361068,3.90858159128676,0.0087129717589928
"Bcell","cg11982525","LM38","CpG ~ as.numeric(LM) +Age + Gender",47,47.5211930824779,0.0851063829787234,0.650716519170446,"116769,116815","10-129-09,10-061-09",-4.64642543761779,-0.000161359003212879,0.0133445170710574,-0.671970892269864,0.000260238371578076,1.50718884916207e-05,0.511864823314481,0.307440177534253,1.16730895806744,3.30778925692013e-05,0.02017522178903,0.650587495492877,-3.98045899117424,-4.87815246619189,0.661430997418492,-1.0328678262726,0.0228060011417617
"Bcell","cg08219587","LM38","CpG ~ as.numeric(LM) +Age + Gender",47,-96.3913295674687,0.0851063829787234,0.650716519170446,"116769,116815","10-129-09,10-061-09",4.2955464557322,3.46200046869354e-05,-0.0113803104684823,0.292689728341827,1.03728797977648e-20,1.71631241615777e-05,0.0124867606559892,0.0435499785164382,0.252515355138633,7.15549703583e-06,0.00436435723365984,0.140736804371929,17.0110306890997,4.83823898096544,-2.60755704888508,2.07969571035824,0.0250308978910412
"Bcell","cg26902259","LM38","CpG ~ as.numeric(LM) +Age + Gender",47,45.1092063750227,0.0851063829787234,0.650716519170446,"116769,116815","10-129-09,10-061-09",-5.55448175708718,-0.000156482229054537,0.0216079893216998,-1.12206706079187,1.488208639815e-05,1.63223097816462e-05,0.277946616611423,0.0838976508655748,1.13773748806358,3.22399294051725e-05,0.019664122339452,0.634106144540419,-4.8820416092124,-4.85367778222962,1.09885348294176,-1.76952560774365,0.0241872722985722
"Bcell","cg06518610","LM38","CpG ~ as.numeric(LM) +Age + Gender",47,-63.8151010489591,0.0851063829787234,0.650716519170446,"116769,116815","10-129-09,10-061-09",3.70570116698435,7.59218114142985e-05,-0.00917882183806159,0.42757210124073,2.77330262224594e-13,2.42564924989436e-09,0.144267655162227,0.037365499036622,0.357104223530086,1.01192191324328e-05,0.00617202229257848,0.199028321346048,10.3770857996367,7.50273419526652,-1.48716602159694,2.14829778168764,3.13043765788961e-05
"Bcell","cg13810889","LM38","CpG ~ as.numeric(LM) +Age + Gender",47,-82.3819295709771,0.0851063829787234,0.650716519170446,"116769,116815","10-129-09,10-061-09",-3.70458528814943,-5.41207305352845e-05,0.00692495777870821,-0.373976107025658,4.48327412941179e-16,6.4828145515575e-08,0.178727138441234,0.0270306366646368,0.293098353297086,8.30549253954295e-06,0.00506577478301723,0.16335531590568,-12.6393930449498,-6.51625779899416,1.36700861671226,-2.2893415188373,0.000319008110733279
"Bcell","cg08192337","LM38","CpG ~ as.numeric(LM) +Age + Gender",47,-58.3259967796003,0.0851063829787234,0.650716519170446,"116769,116815","10-129-09,10-061-09",2.89977385135198,-4.9423792041853e-05,0.00728525872821622,0.100110245209003,1.44598053736757e-09,3.62390032087536e-05,0.271715766997529,0.637569921806961,0.378578105940862,1.07277219375541e-05,0.00654316682746341,0.210996566153545,7.6596448813259,-4.60710972278627,1.11341479138787,0.474463859929129,0.0448233218802376
"Bcell","cg06797533","LM38","CpG ~ as.numeric(LM) +Age + Gender",47,-95.1433610207985,0.0851063829787234,0.650716519170446,"116769,116815","10-129-09,10-061-09",-4.52717553925718,-3.48232730895585e-05,0.00876662773659858,-0.154605252403175,2.35860370640685e-21,1.92791170746517e-05,0.0538713108468485,0.284382054349217,0.25589016781118,7.25112869380042e-06,0.00442268591664863,0.142617721081439,-17.6918698282997,-4.8024624248266,1.98219541288197,-1.084053589069,0.0273585470611543
"Bcell","cg02600653","LM38","CpG ~ as.numeric(LM) +Age + Gender",47,29.9456062433112,0.0851063829787234,0.650716519170446,"116769,116815","10-129-09,10-061-09",4.60567304265871,0.000145454542522524,-0.0262525699485983,0.671103993023168,2.23609582382829e-05,3.75180060389115e-06,0.124035153558934,0.220378685460912,0.968241960010335,2.74369551547331e-05,0.0167346409480094,0.539639576515477,4.75673770904284,5.30140978480374,-1.56875609283515,1.24361522436248,0.00758891641097179
"Bcell","cg09802419","LM38","CpG ~ as.numeric(LM) +Age + Gender",47,-77.3589274096289,0.0851063829787234,0.650716519170446,"116769,116815","10-129-09,10-061-09",3.30725611087524,-5.92699129871516e-05,0.00499833193646333,-0.16504060351382,1.07472809799016e-13,2.82074306992884e-08,0.35483355034717,0.343544899360936,0.309186428262131,8.76137837136252e-06,0.00534383354229865,0.172321837002322,10.696640630265,-6.76490735531768,0.935345739514427,-0.957746309956042,0.000166196933684114
"Bcell","cg18501370","LM38","CpG ~ as.numeric(LM) +Age + Gender",47,-78.9523591943792,0.0851063829787234,0.650716519170446,"116769,116815","10-129-09,10-061-09",2.98624648255316,-5.73424635718521e-05,0.0116179675232441,-0.218293926668463,1.47782470978106e-12,4.04946844032471e-08,0.0323845285486889,0.204483567252021,0.303989457251921,8.61411243326368e-06,0.00525401152728068,0.169425359312919,9.82351989950236,-6.65680463496417,2.21125657279577,-1.28843714750686,0.000214714431460457
"Bcell","cg10139470","LM38","CpG ~ as.numeric(LM) +Age + Gender",47,-73.4777526091724,0.0851063829787234,0.650716519170446,"116769,116815","10-129-09,10-061-09",-5.46941384522733,-4.91725168451809e-05,0.0169883756589976,-0.208378806378147,1.12529642880959e-20,2.84050673484628e-06,0.00390408704517044,0.25231625285865,0.322219669478801,9.13069974923254e-06,0.00556909398458256,0.179585778311695,-16.9741774425945,-5.38540508347282,3.05047386631077,-1.16033022401405,0.00628636576050203
"Bcell","cg00320556","LM38","CpG ~ as.numeric(LM) +Age + Gender",47,-72.5649030271445,0.0851063829787234,0.650716519170446,"116769,116815","10-129-09,10-061-09",-3.3214208057925,-4.87372088165719e-05,0.000353779969094992,-0.310062760802315,4.599666505027e-13,3.94612545144359e-06,0.950128382738625,0.0944999594046121,0.325364041148265,9.21980142840785e-06,0.00562343983310892,0.181338261127147,-10.2083217127211,-5.28614517297562,0.0629116660966219,-1.70985846492105,0.00793861787694164
"Bcell","cg04516052","LM38","CpG ~ as.numeric(LM) +Age + Gender",47,46.2403455374546,0.0851063829787234,0.650716519170446,"116769,116815","10-129-09,10-061-09",7.86119026949523,0.000151480482154768,-0.079099220595528,0.722560477385809,2.29330975422291e-08,3.23567119447447e-05,0.000265120047737197,0.266467443109052,1.15151103813956,3.26302288255282e-05,0.0199021779336327,0.641782689285533,6.82684751524067,4.64233588323037,-3.97440023193934,1.12586470381462,0.0409848688641586
"Bcell","ch.5.978199R","LM38","CpG ~ as.numeric(LM) +Age + Gender",47,-16.204202634732,0.0851063829787234,0.650716519170446,"116769,116815","10-129-09,10-061-09",-5.13821143313811,-0.000149484126452117,0.0207771745589434,-0.543382431766259,5.43904476950824e-11,2.60634516349099e-11,0.0487244194958798,0.107218421589973,0.592604128062898,1.67925514052272e-05,0.0102422924403471,0.330281741462405,-8.67056301132069,-8.90181145466588,2.02856681548132,-1.64520881281629,4.45681765025505e-06
"Bcell","cg24156177","LM38","CpG ~ as.numeric(LM) +Age + Gender",47,24.9233146104858,0.0851063829787234,0.650716519170446,"116769,116815","10-129-09,10-061-09",5.06359794470502,0.000171934629209285,-0.0386040311929794,0.87154178102,1.8365385788021e-06,4.72906430041124e-08,0.0191870427748615,0.0956586374676066,0.917867808080053,2.60095089124177e-05,0.0158639976786299,0.511564067357938,5.51669630433688,6.6104527305088,-2.4334365129782,1.70368060743834,0.000243207243320285
"Bcell","cg07083854","LM38","CpG ~ as.numeric(LM) +Age + Gender",47,-104.508422938538,0.0851063829787234,0.650716519170446,"116769,116815","10-129-09,10-061-09",3.09251254632597,3.12737539213316e-05,-0.00127371595614592,0.0570181356163732,6.78425825935531e-17,2.17861221265549e-05,0.751898744811602,0.660934197216716,0.231625073553014,6.56353165660985e-06,0.00400329938234093,0.129093823408749,13.3513721070364,4.76477536142255,-0.318166550761716,0.441679811712116,0.0299830957826014
"Bcell","cg19343707","LM38","CpG ~ as.numeric(LM) +Age + Gender",47,-74.5429254873186,0.0851063829787234,0.650716519170446,"116769,116815","10-129-09,10-061-09",-5.39420214204935,-4.44988282133602e-05,0.0198352284604909,-0.578847264861109,1.23668262151924e-20,1.27650458588789e-05,0.000812677748876535,0.00218264742040582,0.318589006087631,9.02781808043522e-06,0.00550634329749846,0.177562265867698,-16.9315388760327,-4.92907896646661,3.60225060241014,-3.25996777543045,0.0201644977880921
"Bcell","cg03066655","LM38","CpG ~ as.numeric(LM) +Age + Gender",47,53.7619789713269,0.0851063829787234,0.650716519170446,"116769,116815","10-129-09,10-061-09",4.32566575051339,0.000168163106486471,-0.0333825272945446,-0.0255882833750333,0.00120487832924673,2.23210888719031e-05,0.128868740578236,0.970811145544602,1.24743869240059,3.53485191462976e-05,0.0215601466205362,0.695246968731753,3.46763795035811,4.75728858090182,-1.54834416862209,-0.0368045953824303,0.0305639543787163
"Bcell","cg23846327","LM38","CpG ~ as.numeric(LM) +Age + Gender",47,51.9771829023327,0.0851063829787234,0.650716519170446,"116769,116815","10-129-09,10-061-09",4.13130358108405,0.000165329209605121,-0.0223852794966328,1.64320449432352,0.00157240274590477,2.16455839522473e-05,0.295884843889899,0.0203625770092121,1.22397677696742,3.46836816901958e-05,0.0211546418531922,0.682170714415666,3.37531206377949,4.7667721980004,-1.05817340950421,2.40878779988533,0.0298497403133415
"Bcell","cg05644420","LM38","CpG ~ as.numeric(LM) +Age + Gender",47,-98.5796371333804,0.0851063829787234,0.650716519170446,"116769,116815","10-129-09,10-061-09",4.68307791116521,3.2209568364279e-05,-0.0110064739691076,0.0614154481127428,1.59861778378886e-22,3.62058326436344e-05,0.0133364105722532,0.657359735867438,0.246704728800509,6.99084202102532e-06,0.00426392908711421,0.137498312273981,18.9825218751767,4.607394683989,-2.58129854982102,0.446663286967229,0.0448233218802376
"Bcell","cg08258816","LM38","CpG ~ as.numeric(LM) +Age + Gender",47,-157.151548930664,0.0851063829787234,0.650716519170446,"116769,116815","10-129-09,10-061-09",3.55269940578227,2.00648513368562e-05,-0.0052142786962404,0.0760053128494359,1.68558564125213e-28,3.17292428312479e-06,0.0276060608713587,0.308416138969794,0.132301941622762,3.74902409636232e-06,0.0022866448483164,0.0737371098322576,26.852964984537,5.352019837996,-2.28031856371554,1.03076067155789,0.00669834674393809
"Bcell","cg26152704","LM38","CpG ~ as.numeric(LM) +Age + Gender",47,-74.5513116145793,0.0851063829787234,0.650716519170446,"116769,116815","10-129-09,10-061-09",4.36159966904009,-6.14759394823716e-05,0.00134946338009457,-0.131935630149645,2.81270018800513e-17,2.4243239180537e-08,0.80754790737889,0.461458974722802,0.318560584717689,9.02701270751735e-06,0.00550585207584016,0.177546425513042,13.6915860852823,-6.81021966781733,0.245096192470562,-0.743104964058842,0.000154974340030761
"Bcell","cg04223606","LM38","CpG ~ as.numeric(LM) +Age + Gender",47,-4.14171670183368,0.0851063829787234,0.650716519170446,"116769,116815","10-129-09,10-061-09",-4.49012925820419,-0.000146513700846609,0.0193534128849741,-0.757706757528525,3.94732045374138e-08,1.37853370648195e-09,0.103787983898125,0.0498757899051462,0.673744473484633,1.90918155463433e-05,0.0116446842009931,0.375504468270524,-6.66443946468467,-7.67416281028712,1.66199551236637,-2.01783686095222,2.04980470122852e-05
"Bcell","cg03397234","LM38","CpG ~ as.numeric(LM) +Age + Gender",47,2.17093362834229,0.0851063829787234,0.650716519170446,"116769,116815","10-129-09,10-061-09",-6.34881755370321,0.000106461128849895,0.0159585333334089,-0.0837440992234121,3.47528668431056e-11,5.00682941229489e-06,0.206904898370994,0.835797897784986,0.720544210304088,2.0417974020569e-05,0.0124535489522445,0.401587814377541,-8.81114227678528,5.21408876035624,1.28144462230044,-0.208532470919754,0.0095928467335088
"Bcell","cg23523811","LM38","CpG ~ as.numeric(LM) +Age + Gender",47,-10.3867816789503,0.0851063829787234,0.650716519170446,"116769,116815","10-129-09,10-061-09",4.48560404108559,0.000104178956464083,-0.0147377104313036,0.533440695539969,8.77141852901901e-09,6.42424990947532e-07,0.183267481941453,0.136286938225963,0.630437522251678,1.78646317142626e-05,0.0108961871213698,0.35136778984845,7.11506514565432,5.83157593900523,-1.35255665740171,1.51818325683766,0.00185407376237619
"Bcell","cg13206010","LM38","CpG ~ as.numeric(LM) +Age + Gender",47,30.6534121768644,0.0851063829787234,0.650716519170446,"116769,116815","10-129-09,10-061-09",4.34858023392283,0.00013703527550932,-0.0177870883465113,1.11851432388249,5.84812600045125e-05,1.16487977655613e-05,0.297354728606721,0.0457686106807198,0.97556019510831,2.76443310963757e-05,0.0168611258988748,0.543718318660747,4.45752118190927,4.95708414978744,-1.0549169998012,2.05715769635562,0.0192456991006162
"Bcell","cg21855281","LM38","CpG ~ as.numeric(LM) +Age + Gender",47,14.8571818514264,0.0851063829787234,0.650716519170446,"116769,116815","10-129-09,10-061-09",3.28651237613801,0.000155130937608489,-0.0147702535656785,0.539288458403074,0.000256391981004497,4.30454713653788e-08,0.305858459371942,0.247113424303611,0.82465643867063,2.33681896265129e-05,0.0142529759880163,0.459613680995844,3.98531099985827,6.63855181286624,-1.0362926014958,1.17335162268147,0.000224754864019559
"Bcell","cg10315352","LM38","CpG ~ as.numeric(LM) +Age + Gender",47,13.5166116351544,0.0851063829787234,0.650716519170446,"116769,116815","10-129-09,10-061-09",4.11674831658746,0.000144387273646894,-0.0176864004304417,0.780088209629837,8.21214856926254e-06,1.49185669598915e-07,0.214924241017988,0.0923210697866359,0.812979160473878,2.30372920085144e-05,0.0140511513760457,0.45310547155935,5.06378086516737,6.26754540392724,-1.25871538617065,1.72164817817182,0.000614712361911505
"Bcell","cg01212373","LM38","CpG ~ as.numeric(LM) +Age + Gender",47,-53.4491756737815,0.0851063829787234,0.650716519170446,"116769,116815","10-129-09,10-061-09",3.61803812798599,8.22955258102236e-05,-0.0144732807298663,0.843294969911666,1.51429912860549e-11,5.01290007161191e-09,0.0416197815972419,0.000457895503213257,0.398737570996118,1.12989782572643e-05,0.00689159358785711,0.222232234131702,9.07373267823116,7.283448462016,-2.10013555578322,3.79465640169869,5.12786983939974e-05
"Bcell","cg16359370","LM38","CpG ~ as.numeric(LM) +Age + Gender",47,-7.5886657330393,0.0851063829787234,0.650716519170446,"116769,116815","10-129-09,10-061-09",4.3462740293614,0.000158100618561977,-0.0265833578367399,0.561561099945107,3.60120250211501e-08,7.02937334735835e-11,0.0224436856443172,0.128149674471882,0.64948597933895,1.84044055357408e-05,0.0112254117399411,0.361984249101816,6.69186736530487,8.59036811892404,-2.36814100476634,1.55134125680467,7.07277612812799e-06
"Bcell","cg13530711","LM38","CpG ~ as.numeric(LM) +Age + Gender",47,-29.7589798024641,0.0851063829787234,0.650716519170446,"116769,116815","10-129-09,10-061-09",-4.4066034461993,-7.63700365403656e-05,0.00833667654117165,-0.226234752721671,7.05047563749868e-11,4.39886059317348e-06,0.352366152752169,0.433155596929913,0.5130261630823,1.4537560249448e-05,0.00886690413212989,0.285929791127971,-8.58943220307537,-5.25329114582795,0.940201497269275,-0.791224838199587,0.0087129717589928
"Bcell","cg21659100","LM38","CpG ~ as.numeric(LM) +Age + Gender",47,7.2252703566573,0.0851063829787234,0.650716519170446,"116769,116815","10-129-09,10-061-09",4.3401362160309,0.000175295502396002,-0.0372267663196058,1.06079507855958,9.70486059370496e-07,3.04565841898708e-10,0.0069969151594853,0.016184502143616,0.760348068882366,2.1545891140362e-05,0.0131415002176965,0.423772080577526,5.70809132508281,8.13591330495587,-2.83276381713831,2.50322078111873,1.00770061616347e-05
"Bcell","cg03747484","LM38","CpG ~ as.numeric(LM) +Age + Gender",47,7.29423072622464,0.0851063829787234,0.650716519170446,"116769,116815","10-129-09,10-061-09",4.08604257999781,0.000151916129073073,-0.0199949895418483,0.935734827170058,2.98966805957472e-06,1.10520800329892e-08,0.13573055113794,0.0327399699829643,0.760906080816749,2.15617034569645e-05,0.0131511446348487,0.424083082719963,5.36996967564235,7.04564597024005,-1.52039918174608,2.20648940101191,8.49389604737578e-05
"Bcell","cg04400433","LM38","CpG ~ as.numeric(LM) +Age + Gender",47,0.918383181003867,0.0851063829787234,0.650716519170446,"116769,116815","10-129-09,10-061-09",-5.15832391993328,-0.00012446678725922,0.0119139387011322,-0.193461076687168,5.5099621430817e-09,2.01597291063835e-07,0.337716164871584,0.627886754329412,0.711006640474903,2.01477090594371e-05,0.0122887060584225,0.396272149124247,-7.25495885170338,-6.17771414566464,0.96950310671371,-0.488202557547161,0.000766064106117821
"Bcell","cg04287714","LM38","CpG ~ as.numeric(LM) +Age + Gender",47,-82.7766021772199,0.0851063829787234,0.650716519170446,"116769,116815","10-129-09,10-061-09",-4.43664371285235,-4.3165006266079e-05,0.00683465749467609,-0.220395621733404,6.66456084488839e-19,4.9258229612429e-06,0.182538068942364,0.182539239881466,0.291870317283111,8.27069383174528e-06,0.00504454998321111,0.162670882817777,-15.2007362521515,-5.21903085088211,1.35485970352612,-1.3548560007527,0.00951262463512856
"Bcell","cg25278593","LM38","CpG ~ as.numeric(LM) +Age + Gender",47,34.7337950642507,0.0851063829787234,0.650716519170446,"116769,116815","10-129-09,10-061-09",4.31418362444662,0.000139437734503415,-0.023465701065622,0.223798949874014,0.000118365344082744,1.76450287670332e-05,0.189686812769371,0.695437868109702,1.01884019303489,2.88707511558779e-05,0.0176091571301634,0.567839974938109,4.23440658696009,4.82972312533773,-1.33258513693575,0.394123273724093,0.0255701513803112
"Bcell","cg00958304","LM38","CpG ~ as.numeric(LM) +Age + Gender",47,-5.72145016102393,0.0851063829787234,0.650716519170446,"116769,116815","10-129-09,10-061-09",-5.02030783754688,-0.000135790749571187,0.0128497319958192,-0.622242176463593,1.89444360337015e-09,5.92565351122215e-09,0.268010519414886,0.0992016104271373,0.662516355081801,1.87736457150262e-05,0.0114506226567164,0.369246593369187,-7.57763608254928,-7.23305167426814,1.12218631082758,-1.68516700664981,5.70861601888506e-05
"Bcell","cg00699934","LM38","CpG ~ as.numeric(LM) +Age + Gender",47,-110.756764618886,0.0851063829787234,0.650716519170446,"116769,116815","10-129-09,10-061-09",-4.52930908750371,-3.22201360303741e-05,0.0100177442350788,-0.335520786563258,3.80141960412966e-24,4.50075670984585e-06,0.0105440129730833,0.00808087097566574,0.216729120718115,6.14142684521151e-06,0.00374584470410343,0.12079171917074,-20.8984795051823,-5.24635998155644,2.67436186665848,-2.7776803647359,0.00887174376297122
"Bcell","cg13645221","LM38","CpG ~ as.numeric(LM) +Age + Gender",47,-47.7884373486922,0.0851063829787234,0.650716519170446,"116769,116815","10-129-09,10-061-09",-2.66113598688117,-6.0592896182872e-05,0.0138604089059536,-0.0871032420783262,1.41247344792041e-07,8.61260454940663e-06,0.0650102689760536,0.713908697249192,0.423487545084204,1.20003152754703e-05,0.00731936055824563,0.236026374529751,-6.28385891809886,-5.04927535585079,1.89366390624645,-0.369040291585494,0.0153012427240815
"Bcell","cg07310204","LM38","CpG ~ as.numeric(LM) +Age + Gender",47,-55.2453235722474,0.0851063829787234,0.650716519170446,"116769,116815","10-129-09,10-061-09",3.26822016661317,-6.7891992471383e-05,0.00110326930137972,0.289468524213549,1.50040285190208e-10,2.40870168221972e-07,0.871143159299884,0.191290019707071,0.391190841790603,1.10851275057698e-05,0.00676115945176079,0.218026143174337,8.35454161363672,-6.1246018537942,0.163177530311372,1.32767804814162,0.000840581585270346
"Bcell","cg21951459","LM38","CpG ~ as.numeric(LM) +Age + Gender",47,-0.878784101043427,0.0851063829787234,0.650716519170446,"116769,116815","10-129-09,10-061-09",4.48909505586319,0.000148327596792068,-0.0199113217749097,0.747282861807525,8.49445169857654e-08,2.41461283143587e-09,0.105907588300326,0.0612244026181294,0.697542168510474,1.97661679480952e-05,0.0120559924256887,0.388767865846944,6.43558950055904,7.5041149696576,-1.65157052790469,1.92218268909532,3.13043765788961e-05
"Bcell","cg10326403","LM38","CpG ~ as.numeric(LM) +Age + Gender",47,57.574241787617,0.0851063829787234,0.650716519170446,"116769,116815","10-129-09,10-061-09",1.46808932126035,0.000169445868253806,0.0139012188187958,0.318298969084652,0.264695179900455,3.67137931939955e-05,0.53909164140276,0.662410009915775,1.2990696968394,3.68115806659266e-05,0.0224525127405289,0.724022971550437,1.13010820345681,4.60305874370258,0.619138667437558,0.439625511332935,0.0452469386950035
"Bcell","cg16746026","LM38","CpG ~ as.numeric(LM) +Age + Gender",47,-1.83711010644405,0.0851063829787234,0.650716519170446,"116769,116815","10-129-09,10-061-09",4.43343494565501,0.000157342615276969,-0.0217724097663466,0.547221057476709,8.92233605887176e-08,4.13718476913218e-10,0.0750378797541972,0.162239213225903,0.690466883143882,1.95656764435667e-05,0.0119337065042922,0.38482452920523,6.42092336922574,8.04176721059414,-1.82444655887218,1.42200149924661,1.02409714746189e-05
"Bcell","cg20672364","LM38","CpG ~ as.numeric(LM) +Age + Gender",47,27.8902946971574,0.0851063829787234,0.650716519170446,"116769,116815","10-129-09,10-061-09",2.89505811365677,0.000164098125478165,-0.0241770140355213,0.796323136524364,0.00384442709336256,2.50310163271529e-07,0.147051981343098,0.138796317286587,0.947301103984572,2.68435566537278e-05,0.0163727089917333,0.527968408414589,3.05611183337534,6.11312903111059,-1.4766654710426,1.50827800268506,0.000869090863588373
"Bcell","cg07730924","LM38","CpG ~ as.numeric(LM) +Age + Gender",47,35.9101348363712,0.0851063829787234,0.650716519170446,"116769,116815","10-129-09,10-061-09",3.57825919261663,0.000144792973711073,-0.00422411945785824,-0.0766789829519546,0.0012021708155608,1.1811445670305e-05,0.813860337455729,0.89453328931764,1.03167032921461,2.92343171709145e-05,0.0178309072000318,0.574990717769569,3.46841339843579,4.95284267679522,-0.236898740511123,-0.13335690574171,0.0194206004357218
"Bcell","ch.2.225756826F","LM38","CpG ~ as.numeric(LM) +Age + Gender",47,6.58493379677029,0.0851063829787234,0.650716519170446,"116769,116815","10-129-09,10-061-09",-5.60589641784648,-0.000138110848789955,0.0206117161160925,-0.485171227566178,3.1550715659729e-09,7.98913548176514e-08,0.121627144367764,0.255396241298128,0.755186110424912,2.13996173487302e-05,0.0130522833432562,0.420895116769904,-7.42319852081531,-6.45389338226419,1.57916554322597,-1.15271289267871,0.000369224913773645
"Bcell","cg01614898","LM38","CpG ~ as.numeric(LM) +Age + Gender",47,-115.669243731778,0.0851063829787234,0.650716519170446,"116769,116815","10-129-09,10-061-09",2.32192784209454,-4.59020101371882e-05,0.000661488335888093,0.0984453429177062,1.92401324882637e-14,7.1284359132985e-10,0.853267404485578,0.395253692011826,0.205693637674057,5.82871569872554e-06,0.00355511257922403,0.114641207581183,11.2882822645875,-7.87514994893726,0.186066775987295,0.85872562750172,1.35439292292128e-05
"Bcell","cg26333513","LM38","CpG ~ as.numeric(LM) +Age + Gender",47,-85.1789338042707,0.0851063829787234,0.650716519170446,"116769,116815","10-129-09,10-061-09",-4.05709947901625,-4.60766252375009e-05,0.00606842705124447,-0.14281109934016,6.65900378792721e-18,9.47459771001558e-07,0.223865535554451,0.372796431946247,0.284505579589543,8.0620001516835e-06,0.00491726130324437,0.15856622293497,-14.2601754414428,-5.71528459074503,1.23410709275112,-0.900640102897123,0.0025021534597151
"Bcell","cg10886007","LM38","CpG ~ as.numeric(LM) +Age + Gender",47,-0.58908151577749,0.0851063829787234,0.650716519170446,"116769,116815","10-129-09,10-061-09",4.66380378779888,0.000143641511986566,-0.0231909437351715,0.473201245957781,3.93361989196331e-08,5.70128244150179e-09,0.0618087856598557,0.231586475072882,0.699695269455213,1.98271801087991e-05,0.0120932056148741,0.389967874243607,6.6654785181414,7.24467681225226,-1.91768373694463,1.2134364833914,5.57835215638635e-05
"Bcell","cg16134098","LM38","CpG ~ as.numeric(LM) +Age + Gender",47,-40.3375508270904,0.0851063829787234,0.650716519170446,"116769,116815","10-129-09,10-061-09",4.55888887861185,6.94437243548989e-05,-0.0187859168661794,0.0717125759974034,1.02103909393232e-12,3.2385410586261e-06,0.0222902718426522,0.780302390415314,0.458421402740221,1.29902317689465e-05,0.00792314100667411,0.255496396414924,9.94475574517469,5.34584182869669,-2.37101887374653,0.280679402933506,0.00681583351198449
"Bcell","cg06107159","LM38","CpG ~ as.numeric(LM) +Age + Gender",47,-53.7974806669649,0.0851063829787234,0.650716519170446,"116769,116815","10-129-09,10-061-09",-0.907285365178139,-6.90888729792776e-05,0.0125608563032322,-0.392225156968726,0.027380099473833,2.30827237195696e-07,0.0742790717971504,0.0835670081217235,0.397262833770902,1.12571888071222e-05,0.00686610491975974,0.221410304692,-2.28384154783874,-6.13731138057898,1.8294005771866,-1.77148555716204,0.00081805531660969
"Bcell","cg23352747","LM38","CpG ~ as.numeric(LM) +Age + Gender",47,-161.694822762212,0.0851063829787234,0.650716519170446,"116769,116815","10-129-09,10-061-09",-3.39948651609393,-1.77445259445425e-05,0.00813098877491315,-0.189123007625364,1.41822260518221e-28,1.12591594521193e-05,0.000552780933083409,0.0100838713456599,0.126059503639935,3.57213288727942e-06,0.00217875347136997,0.0702579520095158,-26.9673163699258,-4.96748763399364,3.73194529888711,-2.69183775239775,0.0187377342322441
"Bcell","cg07927617","LM38","CpG ~ as.numeric(LM) +Age + Gender",47,-118.133742764911,0.0851063829787234,0.650716519170446,"116769,116815","10-129-09,10-061-09",4.01443384200396,3.05725302796828e-05,-0.0101860218044255,0.247760421680102,1.97759413484686e-23,2.84910472409247e-06,0.00524567212265251,0.0318442413347773,0.200370828297849,5.67788389409001e-06,0.00346311563277422,0.111674595188534,20.0350214455197,5.38449373920891,-2.94128839014993,2.21859252108165,0.00628636576050203
"Bcell","cg21885848","LM38","CpG ~ as.numeric(LM) +Age + Gender",47,44.7721607548969,0.0851063829787234,0.650716519170446,"116769,116815","10-129-09,10-061-09",3.6638783268502,0.000165396861815903,-0.0144123756314417,0.482577048870313,0.00236212306911103,6.21307748185054e-06,0.465991827812428,0.449175701864769,1.13366533087497,3.21245371801075e-05,0.01959374108017,0.631836570124595,3.23188707201835,5.14861462092353,-0.735560175694465,0.763768784030895,0.0117053385298699
"Bcell","cg12950007","LM38","CpG ~ as.numeric(LM) +Age + Gender",47,-112.832008598927,0.0851063829787234,0.650716519170446,"116769,116815","10-129-09,10-061-09",-3.59388377680569,-2.8647190640892e-05,0.011166063050696,-0.315140930735925,1.18048790077293e-20,2.15102152936044e-05,0.00393631697534529,0.0107381067343904,0.211996808123289,6.00732787635352e-06,0.00366405362770006,0.11815421401182,-16.9525372038414,-4.76870769009549,3.04746168731841,-2.66720009414476,0.0297831573071841
"Bcell","cg21746120","LM38","CpG ~ as.numeric(LM) +Age + Gender",47,-126.199437626074,0.0851063829787234,0.650716519170446,"116769,116815","10-129-09,10-061-09",0.841956629735685,-2.3923320196502e-05,-0.00064500746837498,-0.233786645284102,3.97300806054584e-05,3.81734124456744e-05,0.840141051002603,0.0275606108831626,0.183894923537787,5.21100817634001e-06,0.00317835380480066,0.102491921193147,4.57846586266793,-4.59091971974312,-0.202937592221717,-2.28102510483269,0.0464598278394645
"Bcell","cg00761830","LM38","CpG ~ as.numeric(LM) +Age + Gender",47,28.0454888082191,0.0851063829787234,0.650716519170446,"116769,116815","10-129-09,10-061-09",3.68506871733433,0.000164208902332014,-0.0226855584790761,0.580425623908952,0.000349769632092456,2.55362927688017e-07,0.1737176438228,0.278512197074667,0.948866391016308,2.68879120027705e-05,0.0163997626803138,0.528840804846285,3.88365396037196,6.10716452490227,-1.38328577805018,1.09754318991641,0.000882156392545279
"Bcell","cg08399951","LM38","CpG ~ as.numeric(LM) +Age + Gender",47,5.87519842604913,0.0851063829787234,0.650716519170446,"116769,116815","10-129-09,10-061-09",3.78411506752975,0.000152029361369525,-0.0144476752208965,0.519197674660537,8.62563479768503e-06,7.60038054204715e-09,0.270917610782041,0.22063773616709,0.749505642946088,2.12386506297576e-05,0.0129541048015269,0.417729167357166,5.04881464621867,7.15814596792301,-1.11529707704646,1.2429050093517,6.64090463020043e-05
"Bcell","cg05621583","LM38","CpG ~ as.numeric(LM) +Age + Gender",47,-153.230233763106,0.0851063829787234,0.650716519170446,"116769,116815","10-129-09,10-061-09",3.15268170785503,2.0784201790894e-05,-0.00929773957936675,0.187225635671924,1.10453048511455e-25,3.55859597696668e-06,0.000332827037024255,0.0190982135675078,0.137937800939824,3.90872675925764e-06,0.00238405240345224,0.0768781973504313,22.8558211481883,5.31738416906926,-3.89997282186545,2.43535413322062,0.00730949506085683
"Bcell","cg21588667","LM38","CpG ~ as.numeric(LM) +Age + Gender",47,-49.5183872608051,0.0851063829787234,0.650716519170446,"116769,116815","10-129-09,10-061-09",3.78361804535002,7.04646675846766e-05,0.00356607762957811,0.0517610764127013,1.39251607057847e-11,3.89703850036749e-07,0.622237532160067,0.82430114737609,0.415765076879588,1.17814846292425e-05,0.00718588903152591,0.231722337270769,9.10037484087634,5.98096672891106,0.49626116044,0.223375428637327,0.00122836628988888
"Bcell","cg06421658","LM38","CpG ~ as.numeric(LM) +Age + Gender",47,8.25643867737029,0.0851063829787234,0.650716519170446,"116769,116815","10-129-09,10-061-09",4.39846584059227,0.000151315850432534,-0.0217580745466963,0.99597892771942,9.27401673375026e-07,1.53893208153949e-08,0.108800871661222,0.0248818073858441,0.768734909923978,2.1783548039208e-05,0.0132864544536376,0.428446399120744,5.7216938944886,6.94633629747471,-1.63761330177437,2.32462900788375,0.000108517716403361
"Bcell","cg22049175","LM38","CpG ~ as.numeric(LM) +Age + Gender",47,35.0025271455308,0.0851063829787234,0.650716519170446,"116769,116815","10-129-09,10-061-09",3.20010805976772,0.000146292148727216,-0.00871875731060479,0.319104627925744,0.0031207467850264,8.51705614925494e-06,0.624021470923301,0.578143345530947,1.02175707376399,2.89534064518282e-05,0.017659571131731,0.569465668046249,3.13196565204978,5.05267485435994,-0.493712856646829,0.560357973853882,0.0151708953666918
"Bcell","cg02468316","LM38","CpG ~ as.numeric(LM) +Age + Gender",47,-72.7073248934676,0.0851063829787234,0.650716519170446,"116769,116815","10-129-09,10-061-09",2.68542064025596,4.56791422204026e-05,-0.00635659307829692,0.271981654307677,1.99682113430976e-10,1.14640723974999e-05,0.263871020052149,0.140371695965807,0.324871446818319,9.20584284253944e-06,0.00561492606321964,0.181063718805511,8.26610238159143,4.96197284721428,-1.13208847395793,1.50213226648584,0.0190324470862329
"Bcell","cg08187057","LM38","CpG ~ as.numeric(LM) +Age + Gender",47,-82.3997487711493,0.0851063829787234,0.650716519170446,"116769,116815","10-129-09,10-061-09",3.10391537559488,-5.19622808492547e-05,0.00599190265783289,-0.142336368232304,1.46371209577358e-13,1.54262325889787e-07,0.243291219017789,0.388323880358836,0.293042797092529,8.30391825010297e-06,0.00506481457557519,0.163324352233439,10.5920207095717,-6.25756170571771,1.1830448219622,-0.871495072754752,0.000628063449982053
"Bcell","cg16091766","LM38","CpG ~ as.numeric(LM) +Age + Gender",47,-41.0107634605255,0.0851063829787234,0.650716519170446,"116769,116815","10-129-09,10-061-09",4.52183320896381,6.04357161020037e-05,-0.0134930236846479,-0.197095128610553,1.0523796783849e-12,2.81229072869107e-05,0.0935020833148767,0.441432883625318,0.45514999223052,1.28975302055414e-05,0.00786659947828092,0.253673109824407,9.93481991904251,4.68583636858145,-1.71522952476494,-0.776965003294922,0.0367799769975344
"Bcell","cg01809606","LM38","CpG ~ as.numeric(LM) +Age + Gender",47,16.0798964012265,0.0851063829787234,0.650716519170446,"116769,116815","10-129-09,10-061-09",3.37418554680497,0.000161734205310482,-0.0219688249900414,0.717586692880506,0.000217517117247876,2.25656363901285e-08,0.1354721974078,0.130618900624571,0.835453309540456,2.36741392487165e-05,0.0144395840517348,0.465631204574168,4.0387481960673,6.83168260570447,-1.52143059740021,1.54110524773948,0.000145611155308169
"Bcell","cg13636583","LM38","CpG ~ as.numeric(LM) +Age + Gender",47,-35.7684513844799,0.0851063829787234,0.650716519170446,"116769,116815","10-129-09,10-061-09",-3.77010784793609,-6.73189133731235e-05,0.0256121594622993,-0.755222614464655,8.15895451050985e-10,1.24634799937983e-05,0.00360887325292839,0.00731809989832624,0.481254528431678,1.36372512862913e-05,0.00831777806636446,0.268222201314488,-7.83391661834787,-4.9363989824544,3.07920688168756,-2.81566033968666,0.019918126164388
"Bcell","cg05598763","LM38","CpG ~ as.numeric(LM) +Age + Gender",47,81.4791245424865,0.0851063829787234,0.650716519170446,"116769,116815","10-129-09,10-061-09",2.4822576795301,0.000225766236074348,0.01552085976027,1.57177466807143,0.145702813131067,2.24236540285727e-05,0.594685196707039,0.099540546294813,1.67523868532185,4.74710357338357e-05,0.0289540415091876,0.933676841168688,1.48173373817069,4.75587339910155,0.536051582137332,1.68342471267043,0.0306141062620231
"Bcell","cg13485208","LM38","CpG ~ as.numeric(LM) +Age + Gender",47,-79.5449205245488,0.0851063829787234,0.650716519170446,"116769,116815","10-129-09,10-061-09",3.44623045572625,-4.75166328211845e-05,0.00358025673522268,-0.0649189308159579,1.36451076166174e-14,1.63830309611757e-06,0.496556445602227,0.701698179948895,0.30207918251746,8.55998120947115e-06,0.00522099523268328,0.168360687576609,11.4083679219672,-5.55102069249988,0.685742195819366,-0.385594355490012,0.0039044986976618
"Bcell","cg15942222","LM38","CpG ~ as.numeric(LM) +Age + Gender",47,47.8088202622357,0.0851063829787234,0.650716519170446,"116769,116815","10-129-09,10-061-09",5.11349746506392,0.000162387533415799,-0.0410070491828371,1.91487849356001,7.79023271932609e-05,1.43015577498663e-05,0.0489619457113065,0.00534458273114529,1.17088623447291,3.31792614174504e-05,0.0202370497604355,0.652581253256176,4.36720264916758,4.89424798740073,-2.02633534375193,2.93431428501104,0.021933170388161
"Bcell","cg25506413","LM38","CpG ~ as.numeric(LM) +Age + Gender",47,-131.54688614576,0.0851063829787234,0.650716519170446,"116769,116815","10-129-09,10-061-09",-3.78234367035092,-2.46534080118629e-05,0.0136087198840618,-0.258690991713941,7.58351444702234e-25,9.86189903378003e-06,4.60595547246065e-05,0.0106141065555702,0.173725553722996,4.92283997553477e-06,0.00300259117567825,0.0968241287952378,-21.7719477031102,-5.00796453559001,4.53232527767879,-2.67176162525579,0.0171205320548487
"Bcell","cg23774361","LM38","CpG ~ as.numeric(LM) +Age + Gender",47,35.8254964212605,0.0851063829787234,0.650716519170446,"116769,116815","10-129-09,10-061-09",6.2283730794028,0.000159622731514468,-0.0536813206027956,0.589086143331929,3.17013083741528e-07,2.18069707340536e-06,0.00431989632768866,0.310891285558141,1.0307418223847,2.92080061853291e-05,0.0178148593224784,0.574473224154152,6.0426121693529,5.46503347409741,-3.01328905443905,1.02543707620019,0.00503610895571137
"Bcell","ch.1.1021960F","LM38","CpG ~ as.numeric(LM) +Age + Gender",47,53.5158695745512,0.0851063829787234,0.650716519170446,"116769,116815","10-129-09,10-061-09",-5.02699639449334,-0.000166985848329941,0.0348449224807015,-0.548924778731491,0.000216398816234896,2.38854157329002e-05,0.112455811356709,0.432933823372806,1.2441769388383,3.52560912306416e-05,0.0215037719983031,0.69342906434034,-4.04041920210086,-4.73636873802989,1.62040978129098,-0.791609130565768,0.0321604427839076
"Bcell","cg26777694","LM38","CpG ~ as.numeric(LM) +Age + Gender",47,-112.543238824622,0.0851063829787234,0.650716519170446,"116769,116815","10-129-09,10-061-09",3.3199243527534,2.76066927400458e-05,-0.0109400162586317,0.133325498547614,2.51073445163066e-19,3.93569125729418e-05,0.00477047389835334,0.266854235650709,0.212649067683283,6.02581087650837e-06,0.00367532697671014,0.118517744087225,15.6122215296897,4.58140710118709,-2.97661033370814,1.12494124465861,0.0475335788700002
"Bcell","cg00004055","LM38","CpG ~ as.numeric(LM) +Age + Gender",47,-148.357643458435,0.0851063829787234,0.650716519170446,"116769,116815","10-129-09,10-061-09",-3.20708303492324,1.90126171433595e-05,-0.00200929214501043,0.131872774302547,4.3842599791989e-25,3.49438388536887e-05,0.42797629548687,0.110683211374136,0.145276515928685,4.11668303708782e-06,0.00251089131916816,0.0809683537496794,-22.0757155031001,4.61843114276031,-0.800230631119507,1.62869526420462,0.043536267862894
"Bcell","cg13140773","LM38","CpG ~ as.numeric(LM) +Age + Gender",47,9.07286878708329,0.0851063829787234,0.650716519170446,"116769,116815","10-129-09,10-061-09",4.91010127897044,0.000146663569760421,-0.0345613945867065,0.649110744752854,1.20194679121192e-07,3.8160901354619e-08,0.013421453940543,0.140423272316541,0.775440780151662,2.1973571471686e-05,0.013402355576641,0.432183846080589,6.3320132299595,6.67454400616687,-2.57875523366531,1.50193199176587,0.000207157664460735
"Bcell","cg20198242","LM38","CpG ~ as.numeric(LM) +Age + Gender",47,32.0508263576676,0.0851063829787234,0.650716519170446,"116769,116815","10-129-09,10-061-09",-2.30564119609145,-0.000193548493215669,0.041025601140042,-0.61682987608318,0.0246540520862429,1.80788888022723e-08,0.0209351978835233,0.26989032388815,0.990171314783443,2.80583646250225e-05,0.0171136576540666,0.551861674102419,-2.3285275605017,-6.89806750330209,2.39724329943537,-1.11772551896529,0.000120746740556386
"Bcell","cg13787252","LM38","CpG ~ as.numeric(LM) +Age + Gender",47,48.9035481718239,0.0851063829787234,0.650716519170446,"116769,116815","10-129-09,10-061-09",4.42457762492212,0.000153776064524247,-0.0339431551295546,1.25021665306089,0.000547626639682133,3.94031231504472e-05,0.10462511062989,0.0650162231494022,1.1846021372213,3.35679272924662e-05,0.0204741090051824,0.660225668863401,3.73507482883727,4.58104139658213,-1.65785749802167,1.89362018476678,0.0475335788700002
"Bcell","cg22542751","LM38","CpG ~ as.numeric(LM) +Age + Gender",47,-169.955045697261,0.0851063829787234,0.650716519170446,"116769,116815","10-129-09,10-061-09",-3.56973147229271,-1.62903516417645e-05,0.0110964545114584,-0.250746361075113,5.25946633323435e-31,1.08331268780561e-05,1.58566311450359e-06,0.00033610779553531,0.115454825762053,3.27162941461156e-06,0.0019954671813875,0.0643475451944236,-30.9188589453141,-4.97927777791993,5.56083037343804,-3.89675099986321,0.0182958138739654
"Bcell","cg03232443","LM38","CpG ~ as.numeric(LM) +Age + Gender",47,0.961755861930211,0.0851063829787234,0.650716519170446,"116769,116815","10-129-09,10-061-09",4.58023860946414,0.000155534706565128,-0.0251335157629337,0.441171409227081,8.39975311500666e-08,1.20073459001212e-09,0.047076963393847,0.271980844041993,0.71133478281334,2.01570075891393e-05,0.0122943775170458,0.396455035840445,6.43893525260951,7.71616054006604,-2.04430974468506,1.11279052942748,1.90725487359485e-05
"Bcell","cg26201957","LM38","CpG ~ as.numeric(LM) +Age + Gender",47,-54.3690962982764,0.0851063829787234,0.650716519170446,"116769,116815","10-129-09,10-061-09",2.87091892343559,5.44990095466279e-05,-0.0149857882552818,0.233918877574336,5.22725088492383e-09,1.54376434913048e-05,0.033542861667047,0.293742773742581,0.394854401864335,1.11889413638768e-05,0.00682447870971231,0.220067990241889,7.27082922181019,4.87079230950094,-2.19588761174603,1.06293912766333,0.0231056257326806
"Bcell","cg23173777","LM38","CpG ~ as.numeric(LM) +Age + Gender",47,-2.37578931745074,0.0851063829787234,0.650716519170446,"116769,116815","10-129-09,10-061-09",1.82758816508015,0.000103470088305695,-0.00764495795119559,0.538159491319333,0.0108783416462923,3.54266321879612e-06,0.522802836171853,0.166764532448493,0.686521388856702,1.9453873449799e-05,0.0118655144273266,0.382625549038893,2.66209938210916,5.31873966244824,-0.644300590422699,1.40649126194297,0.00729868653114594
"Bcell","cg00803358","LM38","CpG ~ as.numeric(LM) +Age + Gender",47,-121.447277528963,0.0851063829787234,0.650716519170446,"116769,116815","10-129-09,10-061-09",2.05456738812052,-3.30114798174401e-05,-0.000411967407781114,-0.0058209498605298,1.34062149545503e-13,3.38934823872272e-07,0.902501746500695,0.957189731627921,0.193430721784309,5.48122293634856e-06,0.00334316607941691,0.107806599073287,10.6217221812962,-6.0226486316631,-0.12322672520444,-0.0539943742829021,0.00110395107073578
"Bcell","cg12484289","LM38","CpG ~ as.numeric(LM) +Age + Gender",47,-65.542943713167,0.0851063829787234,0.650716519170446,"116769,116815","10-129-09,10-061-09",4.18110309780093,7.1088277826855e-05,-0.0214679266971114,0.430204793343851,3.17326050389621e-15,7.67010673741524e-09,0.000967854495224331,0.0331062528766658,0.350600141785635,9.93491375576502e-06,0.00605960878729234,0.195403339096611,11.925560202304,7.15539959122484,-3.54279087160412,2.20162457475279,6.64090463020043e-05
"Bcell","cg02211825","LM38","CpG ~ as.numeric(LM) +Age + Gender",47,8.39799148935184,0.0851063829787234,0.650716519170446,"116769,116815","10-129-09,10-061-09",3.43046691661715,0.000159873724431193,-0.0219651291299538,0.882320122895699,5.88085177161753e-05,4.32221473418278e-09,0.106084221145844,0.0458600996293468,0.769893405261484,2.18163761812788e-05,0.0133064773449332,0.429092074436571,4.45576867287497,7.32815216893745,-1.65070954247088,2.05624893923816,4.69265597953548e-05
"Bcell","cg13155299","LM38","CpG ~ as.numeric(LM) +Age + Gender",47,-58.173232974436,0.0851063829787234,0.650716519170446,"116769,116815","10-129-09,10-061-09",4.0168543281533,5.5213899609452e-05,-0.0101807038649629,0.133490462167551,1.45886291535896e-13,6.42379000073085e-06,0.127656997729421,0.530966512365738,0.379193851164992,1.07451702353959e-05,0.0065538090797793,0.211339745343989,10.5931420454535,5.13848532874526,-1.55340256956429,0.631639173929512,0.0119609187999356
"Bcell","cg24769205","LM38","CpG ~ as.numeric(LM) +Age + Gender",47,-110.409254152505,0.0851063829787234,0.650716519170446,"116769,116815","10-129-09,10-061-09",4.21513729500387,2.84273306727068e-05,-0.00953576055841533,0.204586509271646,7.2254696264005e-23,3.57080494107412e-05,0.0149163899929051,0.0987564032573956,0.217531833776365,6.16417322792465e-06,0.00375971842097266,0.1212391029371,19.3771055106227,4.61170210855312,-2.53629646976286,1.68746307350845,0.0444075041030908
"Bcell","cg15892152","LM38","CpG ~ as.numeric(LM) +Age + Gender",47,34.927027349374,0.0851063829787234,0.650716519170446,"116769,116815","10-129-09,10-061-09",3.59783827779572,0.000143463903899713,-0.00547512377498495,0.372144396438101,0.00102237267151973,1.15770559250351e-05,0.757842210495871,0.51657997462947,1.02093673888009,2.89301607215757e-05,0.0176453928474732,0.569008462938811,3.52405603675538,4.95897362204143,-0.31028630659073,0.654022603664017,0.0191734827298896
"Bcell","cg03809624","LM38","CpG ~ as.numeric(LM) +Age + Gender",47,-70.2070189543061,0.0851063829787234,0.650716519170446,"116769,116815","10-129-09,10-061-09",-4.76277908682467,-4.38574235495965e-05,0.00749507360948059,-0.246146310173685,6.40569958101905e-18,3.27022992912138e-05,0.20059091479846,0.192576643487268,0.333628652365221,9.45399471551606e-06,0.00576628150595809,0.185944456150068,-14.2756896119668,-4.63903618198738,1.29981056279271,-1.32376256474692,0.0411180316244371
"Bcell","cg19891562","LM38","CpG ~ as.numeric(LM) +Age + Gender",47,-64.8423790390602,0.0851063829787234,0.650716519170446,"116769,116815","10-129-09,10-061-09",4.10162059622985,5.37765614261971e-05,-0.00702869338017465,-0.236270289754675,7.65219295717506e-15,2.96277512797389e-06,0.255965326772065,0.236646401270229,0.35322286120286,1.00092334382471e-05,0.00610493864239814,0.196865084459944,11.6119907478872,5.37269529759461,-1.15131269810988,-1.20016350488371,0.00646038175962371
"Bcell","cg15676735","LM38","CpG ~ as.numeric(LM) +Age + Gender",47,-95.5218323211566,0.0851063829787234,0.650716519170446,"116769,116815","10-129-09,10-061-09",-4.8535995025205,-3.98285779058349e-05,0.0147868551248368,-0.333760352659962,1.41126628138569e-22,1.84753439863783e-06,0.00165749535128079,0.023450259986647,0.254861951016316,7.22199223901412e-06,0.00440491469872022,0.142044655155087,-19.0440333802898,-5.51490178716558,3.35689931274558,-2.34968610607388,0.00429831391495334
"Bcell","cg12175311","LM38","CpG ~ as.numeric(LM) +Age + Gender",47,-57.9063162742605,0.0851063829787234,0.650716519170446,"116769,116815","10-129-09,10-061-09",2.06800991516625,-5.73487480230103e-05,0.000751506796379305,-0.350485628353224,2.38370363612713e-06,3.50426358575111e-06,0.909498899537541,0.105472450708203,0.380272117196715,1.07757249293455e-05,0.00657244532529704,0.211940705691467,5.43823704564821,-5.32203154767181,0.11434203849316,-1.65369661863561,0.00724138601612033
"Bcell","cg21684318","LM38","CpG ~ as.numeric(LM) +Age + Gender",47,41.4916008597115,0.0851063829787234,0.650716519170446,"116769,116815","10-129-09,10-061-09",3.50711618951629,0.00016197976966172,-0.0143852424064407,0.912066826923102,0.00255785678736207,4.8886883208593e-06,0.451253639882607,0.142273840876235,1.0947833236141,3.10227424494483e-05,0.0189217226615077,0.610166088159422,3.20347973326686,5.22132335417047,-0.760250145495707,1.49478452608595,0.00947262993775115
"Bcell","cg01653719","LM38","CpG ~ as.numeric(LM) +Age + Gender",47,1.15165546673984,0.0851063829787234,0.650716519170446,"116769,116815","10-129-09,10-061-09",4.2614027962496,0.000148474702285049,-0.0214202392709585,0.365135558209775,3.92773825342438e-07,4.0064397514743e-09,0.08923247914786,0.363148542589856,0.712773279974791,2.01977701089836e-05,0.0123192398288397,0.397256767257885,5.97862309933997,7.35104427290272,-1.73876307049508,0.919142449681019,4.45641170525761e-05
"Bcell","cg04504475","LM38","CpG ~ as.numeric(LM) +Age + Gender",47,-15.4447041330908,0.0851063829787234,0.650716519170446,"116769,116815","10-129-09,10-061-09",-5.64000121016061,-0.000143840432470147,0.0226905666265447,-0.452994375246002,4.80680238592553e-12,9.49004260742993e-11,0.0334156687611191,0.180760419650025,0.5974116294877,1.69287809908539e-05,0.0103253830453032,0.332961152332959,-9.44072885724889,-8.49679800027302,2.19755204499325,-1.3605021849306,7.25306755977712e-06
"Bcell","cg17371170","LM38","CpG ~ as.numeric(LM) +Age + Gender",47,-62.3557144136063,0.0851063829787234,0.650716519170446,"116769,116815","10-129-09,10-061-09",2.54056947456244,5.11428136916928e-05,-0.0110464634329697,0.345280375409332,1.26650278805006e-08,1.09439300071757e-05,0.0851445975204246,0.0948277413061444,0.362691667165836,1.02775498460305e-05,0.00626859305373463,0.202142424888274,7.00476383815236,4.97616790556807,-1.76219182490855,1.70810444962343,0.0184374221804388
"Bcell","cg04222920","LM38","CpG ~ as.numeric(LM) +Age + Gender",47,-54.8577176638628,0.0851063829787234,0.650716519170446,"116769,116815","10-129-09,10-061-09",-4.56875482704327,-7.67628106055554e-05,0.0154350832519114,-0.539605940920962,7.25122364671661e-15,1.81827561273222e-08,0.0280474343378792,0.0177812164410313,0.392807234641733,1.11309310342272e-05,0.00678909642940873,0.218927022902435,-11.6310353377536,-6.89635129078716,2.27351068178238,-2.46477540217335,0.000120746740556386
"Bcell","cg08273973","LM38","CpG ~ as.numeric(LM) +Age + Gender",47,-77.6516202721976,0.0851063829787234,0.650716519170446,"116769,116815","10-129-09,10-061-09",4.02657851008838,4.14587613981518e-05,-0.00823733038574616,0.0309088525851631,1.44385766041937e-16,2.30962496741305e-05,0.129367829399973,0.858055609174199,0.308225195126887,8.73414002442633e-06,0.00532722003859812,0.171786103721324,13.0637552469738,4.74674796628016,-1.54627185024515,0.179926384705158,0.0314069966120415
"Bcell","cg04629914","LM38","CpG ~ as.numeric(LM) +Age + Gender",47,-89.7111692588523,0.0851063829787234,0.650716519170446,"116769,116815","10-129-09,10-061-09",4.07826071063927,3.63088548779334e-05,-0.00768427446273874,0.294271306239269,9.74542969473807e-19,2.46866570370798e-05,0.108321008834809,0.0580237903268434,0.271113511415796,7.68251073778916e-06,0.00468579906374741,0.151102293156643,15.042631735106,4.72617040407576,-1.63990695251737,1.94749728870235,0.0329795898048387
"Bcell","cg01454809","LM38","CpG ~ as.numeric(LM) +Age + Gender",47,-94.6283868583943,0.0851063829787234,0.650716519170446,"116769,116815","10-129-09,10-061-09",2.21621241919139,-3.74820930213465e-05,0.00123015664709907,0.0964558478461178,6.52808361771495e-11,6.37297462718129e-06,0.783391664999551,0.504781876346063,0.25729589601538,7.29096264367176e-06,0.00444698186511953,0.143401189061697,8.61347753117254,-5.14089769118202,0.276627313627691,0.672629344827946,0.0119100622407619
"Bcell","cg26793147","LM38","CpG ~ as.numeric(LM) +Age + Gender",47,-0.222920632171375,0.0851063829787234,0.650716519170446,"116769,116815","10-129-09,10-061-09",2.46626910352342,0.000117592810742509,-0.0177330877513184,0.336069179646003,0.00106186684230142,4.97793735030257e-07,0.151375711484981,0.395411531909422,0.702426127755999,1.99045641097278e-05,0.0121404044918398,0.391489889687912,3.51107256132723,5.90783149504083,-1.46066696239304,0.858436420705297,0.00149337028856149
"Bcell","cg23262420","LM38","CpG ~ as.numeric(LM) +Age + Gender",47,27.2260755693544,0.0851063829787234,0.650716519170446,"116769,116815","10-129-09,10-061-09",4.28236669673537,0.000162444060403423,-0.0210155757418307,1.39483999780948,4.31575394490221e-05,2.66500863183384e-07,0.203026328441397,0.010918920733319,0.940630915995554,2.66545443445253e-05,0.0162574245838455,0.524250848578994,4.5526535689112,6.09442271095465,-1.2926755792989,2.66063469728329,0.000911426289565594
"Bcell","cg17439770","LM38","CpG ~ as.numeric(LM) +Age + Gender",47,-45.5607359300128,0.0851063829787234,0.650716519170446,"116769,116815","10-129-09,10-061-09",3.50213106998926,7.54494568754473e-05,-0.0175267368651809,0.453755007431879,3.70008584562423e-10,2.28726939028338e-07,0.0240804848086441,0.0672503915783847,0.433643624658703,1.2288106872346e-05,0.007494893485074,0.241686759750591,8.07605801364103,6.1400391174367,-2.33849045354484,1.87745082891645,0.000816262773647453
"Bcell","cg14913178","LM38","CpG ~ as.numeric(LM) +Age + Gender",47,65.6464720798153,0.0851063829787234,0.650716519170446,"116769,116815","10-129-09,10-061-09",-5.55164901883317,-0.000193954386761841,0.073831883195233,-0.550031754205513,0.000311324628484068,1.73299817572063e-05,0.00426784060238669,0.48944699176136,1.41555712400575,4.0112470781471e-05,0.0244658269213825,0.788946026387636,-3.92188271648345,-4.8352640209696,3.01775547715928,-0.697172855694521,0.0252204699404688
"Bcell","cg12544907","LM38","CpG ~ as.numeric(LM) +Age + Gender",47,17.4310577542221,0.0851063829787234,0.650716519170446,"116769,116815","10-129-09,10-061-09",4.43672439555868,0.000156967999931324,-0.0272099839518168,1.35803990168672,4.67637634171896e-06,6.07341713776948e-08,0.0700955141176159,0.00626014163463624,0.847548885982027,2.40168901334174e-05,0.0146486383348261,0.472372548182713,5.23477107803403,6.53573377149763,-1.85750943738757,2.87493400476234,0.000305454923172694
"Bcell","cg08238664","LM38","CpG ~ as.numeric(LM) +Age + Gender",47,-26.7761955641403,0.0851063829787234,0.650716519170446,"116769,116815","10-129-09,10-061-09",-4.02081237112968,-7.27222569043397e-05,0.0122090195956815,-0.250093328576284,1.80296211774388e-09,1.6728268482661e-05,0.189254400550491,0.401492980526984,0.529566417340954,1.50062594311461e-05,0.00915277814672476,0.295148329646487,-7.5926498347816,-4.84612819323927,1.33391407504511,-0.847347938156493,0.0246065634425757
"Bcell","cg23731248","LM38","CpG ~ as.numeric(LM) +Age + Gender",47,8.19651928093542,0.0851063829787234,0.650716519170446,"116769,116815","10-129-09,10-061-09",4.74182841721008,0.000150308352182891,-0.0256705172440743,0.619756296024978,2.05297975058331e-07,1.76957038719028e-08,0.0597988674093203,0.155024922313079,0.768245043391974,2.17696667506195e-05,0.0132779878297315,0.428173377108894,6.17228637919204,6.90448567287388,-1.93331381028939,1.447442389365,0.000119839336335269
"Bcell","cg13823218","LM38","CpG ~ as.numeric(LM) +Age + Gender",47,9.07554364904103,0.0851063829787234,0.650716519170446,"116769,116815","10-129-09,10-061-09",3.76955939015479,0.000148068321802196,-0.0181283136209345,0.526810874199467,1.59355528339606e-05,3.08337735834573e-08,0.183259139045448,0.229520858400588,0.775462846391612,2.1974196760055e-05,0.0134027369592064,0.432196144469704,4.86104448162195,6.7382814224799,-1.35258295944412,1.2189161817856,0.000177228125732915
"Bcell","cg10425679","LM38","CpG ~ as.numeric(LM) +Age + Gender",47,17.9749877572774,0.0851063829787234,0.650716519170446,"116769,116815","10-129-09,10-061-09",4.68107602166394,0.000130628938370205,-0.0245153636266133,0.773554424404445,1.99899999276132e-06,2.63833213691609e-06,0.103403926622785,0.110800140425387,0.852467435464878,2.41562664744157e-05,0.0147336482424525,0.475113850532352,5.49120802381289,5.40766258347729,-1.66390314355248,1.62814538775853,0.00595579534650139
"Bcell","cg17395311","LM38","CpG ~ as.numeric(LM) +Age + Gender",47,-87.6609320241332,0.0851063829787234,0.650716519170446,"116769,116815","10-129-09,10-061-09",2.81123298301025,-4.74024408673022e-05,0.00212766019861811,-0.0122057130205731,5.55813906836175e-13,3.22969352154777e-07,0.659075926415635,0.937371419070615,0.277091736180362,7.8519149689057e-06,0.00478912390306799,0.154434194492783,10.1454955740015,-6.03705478918457,0.444269190290753,-0.079035041822577,0.00106206452897647
"Bcell","cg17750252","LM38","CpG ~ as.numeric(LM) +Age + Gender",47,-164.498569070807,0.0851063829787234,0.650716519170446,"116769,116815","10-129-09,10-061-09",3.25498092086071,1.89452536012366e-05,-0.00280957398714458,0.240935637578593,2.46528981784658e-28,2.18674750523948e-06,0.190996160849084,0.000995617671765429,0.122355037046242,3.46715986607068e-06,0.00211472720426967,0.0681933061189216,26.6027537520221,5.46419961382028,-1.32857513795255,3.53312738875612,0.00503610895571137
"Bcell","ch.10.54387284R","LM38","CpG ~ as.numeric(LM) +Age + Gender",47,12.5817155056279,0.0851063829787234,0.650716519170446,"116769,116815","10-129-09,10-061-09",-5.89620037461714,-0.00012469327846874,0.0271229258727133,-1.05204539420391,4.36650206460543e-09,2.16813412291807e-06,0.0577653731897568,0.0237086788820737,0.80493358655418,2.28093055547704e-05,0.0139120954413439,0.448621354693765,-7.32507684249832,-5.46677224211507,1.94959314267709,-2.34506312104125,0.00502709457425541
"Bcell","cg04889045","LM38","CpG ~ as.numeric(LM) +Age + Gender",47,18.9758082415976,0.0851063829787234,0.650716519170446,"116769,116815","10-129-09,10-061-09",4.75384708259463,0.000155258060197542,-0.0304792317489572,0.464930609447782,1.83154813559277e-06,1.0973807626873e-07,0.0468235809195908,0.338357385817217,0.861592168217955,2.44148329213216e-05,0.0148913558534382,0.480199425339123,5.51751426945662,6.35916947283118,-2.04677344688664,0.968203177501601,0.000472077330046729
"Bcell","cg14207145","LM38","CpG ~ as.numeric(LM) +Age + Gender",47,-78.942732049758,0.0851063829787234,0.650716519170446,"116769,116815","10-129-09,10-061-09",3.50306974679656,-5.11936669157163e-05,0.00126861989752469,0.0971830458239751,9.8611228103396e-15,4.43424134810143e-07,0.810367427045337,0.569263428322822,0.304020592361887,8.61499470510395e-06,0.00525454965195166,0.169442712142327,11.522475236239,-5.94239099014032,0.241432659610228,0.573545150424318,0.0013600891977106
"Bcell","cg14818609","LM38","CpG ~ as.numeric(LM) +Age + Gender",47,56.3384438911754,0.0851063829787234,0.650716519170446,"116769,116815","10-129-09,10-061-09",4.62329228471329,0.000175236371627631,-0.0519446576126443,3.11209129351733,0.000803684272469162,1.80139983009643e-05,0.0237599876819503,8.09137622838858e-05,1.28210287929997,3.63307940122034e-05,0.0221592662057994,0.714566692428126,3.60602285460712,4.82335650491894,-2.34415061989054,4.35521460277181,0.0259399679323538
"Bcell","cg19005281","LM38","CpG ~ as.numeric(LM) +Age + Gender",47,-122.804307531436,0.0851063829787234,0.650716519170446,"116769,116815","10-129-09,10-061-09",-3.30111714248365,-2.61598324531656e-05,0.0090166825023725,-0.402862028875102,5.33344226329297e-21,1.69529712318227e-05,0.00899611406667728,0.000462639605380133,0.190658321237504,5.40266175782576e-06,0.00329524920571073,0.106261430490639,-17.3143092892937,-4.84202669457755,2.73626725612935,-3.79123475954515,0.0247772383711764
"Bcell","cg18182621","LM38","CpG ~ as.numeric(LM) +Age + Gender",47,18.4968648371249,0.0851063829787234,0.650716519170446,"116769,116815","10-129-09,10-061-09",5.21166676183692,0.000157829581005914,-0.0395902327700264,0.739822278064094,2.79903091055e-07,6.90282898257253e-08,0.0106026507506635,0.128824971899872,0.857213397959526,2.42907522388318e-05,0.014815675237337,0.477758963320836,6.07977753759163,6.49751722194932,-2.67218551539623,1.54852621271968,0.000337250036423907
"Bcell","cg08500032","LM38","CpG ~ as.numeric(LM) +Age + Gender",47,27.6298863241518,0.0851063829787234,0.650716519170446,"116769,116815","10-129-09,10-061-09",4.36377848845604,0.000159757310559745,-0.0241960857721979,0.960593391579971,3.48444208365535e-05,4.07088361584842e-07,0.145650757745185,0.0750355288647504,0.944680425703691,2.67692948106791e-05,0.0163274144146729,0.526507800657347,4.61931714654241,5.96793123201786,-1.48193003237877,1.82446184155423,0.0012714447665855
"Bcell","cg05377594","LM38","CpG ~ as.numeric(LM) +Age + Gender",47,-82.5880693954452,0.0851063829787234,0.650716519170446,"116769,116815","10-129-09,10-061-09",3.9431232151877,3.94226493155977e-05,-0.015020364975499,0.0836068924000812,4.82050869416634e-17,2.23422352346993e-05,0.00483563300957544,0.610622942688488,0.292456299653462,8.28729874320422e-06,0.00505467782828983,0.162997473991515,13.4827774948257,4.75699628276647,-2.97157711841368,0.512933669171054,0.0305639543787163
"Bcell","cg07324031","LM38","CpG ~ as.numeric(LM) +Age + Gender",47,-70.5575527131495,0.0851063829787234,0.650716519170446,"116769,116815","10-129-09,10-061-09",1.72175546068892,4.7076749632943e-05,-0.00931140977589807,0.299211471406955,5.6031375267089e-06,1.01835749149445e-05,0.112364028054877,0.113591722611625,0.332386840431206,9.41880564114066e-06,0.00574481860959645,0.185252345196545,5.17997481024003,4.99816552401454,-1.6208361671061,1.61515618649527,0.01754537613085
"Bcell","cg14481654","LM38","CpG ~ as.numeric(LM) +Age + Gender",47,-143.291941887669,0.0851063829787234,0.650716519170446,"116769,116815","10-129-09,10-061-09",3.32660901311116,2.09677966069763e-05,-0.00871808449096265,0.19626616286292,8.68802549281373e-25,1.78510311055668e-05,0.00200535056259981,0.0265622373488214,0.153320327266004,4.34461954474835e-06,0.00264991679022098,0.0854514882583249,21.697116569153,4.82615252981624,-3.28994650818285,2.29681386320149,0.0257595274705742
"Bcell","ch.4.74730522R","LM38","CpG ~ as.numeric(LM) +Age + Gender",47,-98.3831362523722,0.0851063829787234,0.650716519170446,"116769,116815","10-129-09,10-061-09",-4.61184585973506,-4.32513997353522e-05,0.0090216231120187,-0.451866833589024,3.1230095519506e-22,2.04159404698402e-07,0.0405900361266879,0.00206562607820673,0.247220988392194,7.00547120654947e-06,0.00427285187631323,0.137786044182879,-18.6547505117922,-6.17394582892812,2.11138213379933,-3.27948186820195,0.000768704024305462
"Bcell","cg20193262","LM38","CpG ~ as.numeric(LM) +Age + Gender",47,-41.9360077086253,0.0851063829787234,0.650716519170446,"116769,116815","10-129-09,10-061-09",3.93522229889885,7.15480354375045e-05,-0.0157419862323451,0.19494031124661,4.47779628868881e-11,1.38111688904828e-06,0.0495434956229276,0.441954363141324,0.450691916438344,1.27712022517467e-05,0.00778954818244546,0.251188447692497,8.73151293681389,5.60229444551465,-2.02091133704279,0.776071961260152,0.00341242565190882
"Bcell","cg08028452","LM38","CpG ~ as.numeric(LM) +Age + Gender",47,-26.3830646377379,0.0851063829787234,0.650716519170446,"116769,116815","10-129-09,10-061-09",2.90114610748944,6.93810152902806e-05,-0.00597351919504846,0.601694039053338,2.25103579465801e-06,3.65822917362936e-05,0.519200058819665,0.0485609992092909,0.5317858310882,1.50691506897033e-05,0.00919113745535754,0.296385296793277,5.45547838601263,4.60417555832714,-0.649921647245791,2.0301075848341,0.0451662538558956
"Bcell","cg00643449","LM38","CpG ~ as.numeric(LM) +Age + Gender",47,-82.7614488972393,0.0851063829787234,0.650716519170446,"116769,116815","10-129-09,10-061-09",-5.27746828107209,-4.03381674374484e-05,0.0174523255338087,-0.262796995425308,1.03658654234474e-21,1.5155482796952e-05,0.00123514114827967,0.113570701503162,0.291917372061232,8.27202721729398e-06,0.00504536325597687,0.162697108308498,-18.0786372657709,-4.87645487349402,3.45908206175922,-1.61525301929156,0.0228060011417617
"Bcell","cg09264115","LM38","CpG ~ as.numeric(LM) +Age + Gender",47,-158.698237614043,0.0851063829787234,0.650716519170446,"116769,116815","10-129-09,10-061-09",3.5688850846759,2.05893738155873e-05,-0.0120880572246852,0.296625082730854,7.17376225862369e-29,1.47260785303848e-06,2.94925278563139e-06,0.000185947356885443,0.130142839415842,3.68784187861883e-06,0.00224932793612385,0.0725337566945942,27.4228309501712,5.58304138118265,-5.37407508729736,4.08947635209084,0.00357299017042819
"Bcell","cg10138522","LM38","CpG ~ as.numeric(LM) +Age + Gender",47,10.8028357760415,0.0851063829787234,0.650716519170446,"116769,116815","10-129-09,10-061-09",-4.3044408409132,-0.000175613675072017,0.0303389847891979,-0.2415007334706,2.29439370701467e-06,7.8345709394004e-10,0.0315651453056155,0.586116119621669,0.789844049594796,2.2381715173482e-05,0.0136512949456864,0.440211358359285,-5.44973510039285,-7.84630104131095,2.22242541164818,-0.548601777043418,1.44832631072843e-05
"Bcell","cg18638536","LM38","CpG ~ as.numeric(LM) +Age + Gender",47,-52.3727572609052,0.0851063829787234,0.650716519170446,"116769,116815","10-129-09,10-061-09",3.68075477287208,6.51084099032695e-05,0.00125274675497852,0.102201362185682,1.28506829571254e-11,1.00803604738939e-06,0.858225035612905,0.651648660130272,0.403329862054429,1.14291094528004e-05,0.00697096459754644,0.224791699744943,9.12591682183791,5.696717681474,0.179709240729675,0.454649181004651,0.00263164739020651
"Bcell","cg01781902","LM38","CpG ~ as.numeric(LM) +Age + Gender",47,-113.925777645637,0.0851063829787234,0.650716519170446,"116769,116815","10-129-09,10-061-09",-4.62704349388031,2.75580818366851e-05,-0.00670704864719969,0.140823154072895,4.33938602823727e-25,3.24856100729539e-05,0.0709106018006336,0.234484725334067,0.209544342905917,5.9378326665127e-06,0.00362166636651404,0.11678735805434,-22.0814526878343,4.64110111962282,-1.85192338786729,1.20580820063908,0.0409987869449104
"Bcell","cg08864240","LM38","CpG ~ as.numeric(LM) +Age + Gender",47,15.5772490095657,0.0851063829787234,0.650716519170446,"116769,116815","10-129-09,10-061-09",4.78980593001452,0.000143231505663501,-0.0270266822657763,0.375478178304481,8.05416818814351e-07,2.77302529295412e-07,0.0666510112801982,0.421997372833055,0.830997802578171,2.35478840875433e-05,0.0143625771543531,0.463147974152856,5.76392129456197,6.08256372976073,-1.88174322583778,0.810708886271755,0.00093897793824463
"Bcell","cg15179955","LM38","CpG ~ as.numeric(LM) +Age + Gender",47,-140.818265908374,0.0851063829787234,0.650716519170446,"116769,116815","10-129-09,10-061-09",-4.71653325553019,-2.46990365428262e-05,0.00768340626148827,-0.222433989267063,1.91235989660673e-30,1.71475094799362e-06,0.00715638441248514,0.0149481762640527,0.157408616463455,4.46046890059413e-06,0.00272057686759487,0.0877300536813334,-29.9636281767664,-5.53731840603939,2.82418275072698,-2.53543660277495,0.00404441749887206
"Bcell","cg22063259","LM38","CpG ~ as.numeric(LM) +Age + Gender",47,-132.798692962905,0.0851063829787234,0.650716519170446,"116769,116815","10-129-09,10-061-09",-3.71344986556693,-2.98965520908331e-05,0.0133331711765091,-0.413278882208703,9.26267411209129e-25,2.17946997915453e-07,5.10588881473079e-05,8.88582887539101e-05,0.171427370751977,4.8577166430234e-06,0.00296287045664184,0.0955432604416061,-21.6619426015673,-6.15444544995645,4.50008576872479,-4.32556812797162,0.000801476649673012
"Bcell","cg04382220","LM38","CpG ~ as.numeric(LM) +Age + Gender",47,-51.6432176542722,0.0851063829787234,0.650716519170446,"116769,116815","10-129-09,10-061-09",3.27525597105989,7.73706886808652e-05,-0.0142190457248868,0.589023510093053,3.92720505178451e-10,3.30772116500205e-08,0.0492133627091061,0.0127244457395544,0.406472307751196,1.15181565559206e-05,0.00702527715846194,0.226543109139561,8.05775918458065,6.71728052186397,-2.02398359583009,2.60005043777424,0.000188538728187965
"Bcell","cg11341604","LM38","CpG ~ as.numeric(LM) +Age + Gender",47,-12.1106579424756,0.0851063829787234,0.650716519170446,"116769,116815","10-129-09,10-061-09",4.02476972769617,0.000109084438361301,-0.0123166443732141,0.740409698990976,6.79428849302512e-08,1.75438752653608e-07,0.255977049824304,0.037540609003177,0.618981229876924,1.75399961447379e-05,0.0106981819249364,0.34498274455927,6.50224842600872,6.21918257342534,-1.1512838779181,2.14622241450621,0.000697669939658748
"Bcell","cg05003364","LM38","CpG ~ as.numeric(LM) +Age + Gender",47,19.9143641901563,0.0851063829787234,0.650716519170446,"116769,116815","10-129-09,10-061-09",2.98283113542532,0.000158335097205868,-0.00744671484511891,0.959099801073773,0.00135285273336913,8.92690058663375e-08,0.623049094512964,0.0544234168827454,0.870237944551948,2.46598272381875e-05,0.015040785405804,0.485018058771901,3.42760408701906,6.42077074087018,-0.49510146207161,1.97745173345149,0.000399296093241852
"Bcell","cg27443949","LM38","CpG ~ as.numeric(LM) +Age + Gender",47,-15.0164269486833,0.0851063829787234,0.650716519170446,"116769,116815","10-129-09,10-061-09",-3.94971135258554,-0.000163382072661903,0.0171800625769716,-0.794576115953786,5.21356721746814e-08,2.87099704900384e-12,0.104940960806583,0.0220509091968815,0.600139730751141,1.70060868659492e-05,0.0103725342709256,0.334481631171202,-6.5813195664317,-9.60727026445092,1.65630328406122,-2.37554484882038,1.96374762653338e-06
"Bcell","cg13787154","LM38","CpG ~ as.numeric(LM) +Age + Gender",47,-3.15467528930899,0.0851063829787234,0.650716519170446,"116769,116815","10-129-09,10-061-09",4.16970695612083,0.000160801990613969,-0.0241664059582553,0.700462571028443,2.4118709611738e-07,1.60026009548717e-10,0.0461237587079657,0.0717976392409643,0.680856360910017,1.92933442389788e-05,0.0117676027352458,0.37946820468866,6.12420944492271,8.33458360677028,-2.05363883383597,1.84590582919364,8.16706353250725e-06
"Bcell","cg08732636","LM38","CpG ~ as.numeric(LM) +Age + Gender",47,45.600718432815,0.0851063829787234,0.650716519170446,"116769,116815","10-129-09,10-061-09",2.38397577050002,0.000174642728313329,0.0010655235743321,0.0648692097918119,0.0430953410495657,2.80945534709903e-06,0.957261645528541,0.919414919607441,1.14370212915982,3.24089487175249e-05,0.0197672124050058,0.637430475160431,2.08443764308747,5.38871932673621,0.0539035829888824,0.101766721736179,0.00623913444850325
"Bcell","cg21196958","LM38","CpG ~ as.numeric(LM) +Age + Gender",47,4.04289063765477,0.0851063829787234,0.650716519170446,"116769,116815","10-129-09,10-061-09",-4.97408395083925,-0.000141676458123245,0.0264876160201588,-0.327548709075734,2.79997387163368e-08,2.49187704166321e-08,0.0430440118697969,0.428365359107543,0.735037273678661,2.08286622021251e-05,0.0127040402775819,0.409665372369124,-6.76711798021523,-6.80199509447086,2.08497575900323,-0.799551856632395,0.000157817725658558
"Bcell","cg01093203","LM38","CpG ~ as.numeric(LM) +Age + Gender",47,12.2287265315539,0.0851063829787234,0.650716519170446,"116769,116815","10-129-09,10-061-09",3.92929974625021,0.000167473024361719,-0.0289578432112,0.944514977717173,1.40410153355337e-05,3.76340603167621e-09,0.0426317810566817,0.0404172907138143,0.801916566763872,2.27238126303709e-05,0.0138599506831025,0.446939850122362,4.89988598453186,7.36993510225865,-2.08931791124655,2.11329327080274,4.29025151439395e-05
"Bcell","cg06293931","LM38","CpG ~ as.numeric(LM) +Age + Gender",47,-71.6126379848275,0.0851063829787234,0.650716519170446,"116769,116815","10-129-09,10-061-09",3.2605385867612,7.48606318734181e-05,-0.00825260640137282,0.0516835546958807,1.10029679665072e-12,4.19224119020359e-10,0.153553416052316,0.779190387029975,0.328676886815844,9.31367713486343e-06,0.00568069750738127,0.183184641171546,9.92019432321101,8.03770957371885,-1.45274526423027,0.282139126759436,1.02409714746189e-05
"Bcell","cg18611813","LM38","CpG ~ as.numeric(LM) +Age + Gender",47,32.8889826087022,0.0851063829787234,0.650716519170446,"116769,116815","10-129-09,10-061-09",3.97038949016506,0.000162357149603661,-0.0239954118940735,0.416438310499844,0.000265278107623761,8.86973412962129e-07,0.171781496495205,0.45858682857,0.999039711646022,2.83096673128449e-05,0.0172669348754732,0.556804382769209,3.97420587378196,5.73504265555233,-1.38967408327681,0.74790774531754,0.0023979659272689
"Bcell","cg15951892","LM38","CpG ~ as.numeric(LM) +Age + Gender",47,-80.8616115322523,0.0851063829787234,0.650716519170446,"116769,116815","10-129-09,10-061-09",3.34804852336466,-5.01658042596588e-05,0.00308017578590158,-0.0951599978761637,2.21221256513331e-14,4.4226678212786e-07,0.552790669243347,0.569503070661786,0.297877350305524,8.44091439897539e-06,0.0051483727309795,0.166018840136519,11.2396881465834,-5.94317178074312,0.598281427326953,-0.573187945403744,0.0013600891977106
"Bcell","cg21282313","LM38","CpG ~ as.numeric(LM) +Age + Gender",47,-74.8452883898671,0.0851063829787234,0.650716519170446,"116769,116815","10-129-09,10-061-09",3.35734531883195,4.59987277871748e-05,-0.00870895528503708,0.359479085696218,1.55253385732992e-13,7.01712749386757e-06,0.119903845116003,0.0484616247293347,0.317565870613474,8.99882561441841e-06,0.00548865990273936,0.176992031962543,10.5721226035601,5.11163675774238,-1.58671796747517,2.03104671837597,0.0127651067025743
"Bcell","cg03352409","LM38","CpG ~ as.numeric(LM) +Age + Gender",47,-125.017098502545,0.0851063829787234,0.650716519170446,"116769,116815","10-129-09,10-061-09",-4.12006743940475,2.53447003566678e-05,-0.000429748713041377,0.119214248605905,4.01784498789617e-25,1.92522483070592e-05,0.894404256778206,0.257062755714612,0.186222575827775,5.27696657737393e-06,0.00321858385775597,0.103789213964916,-22.124425146042,4.80289196170738,-0.133521055232347,1.14861885981913,0.0273585470611543
"Bcell","cg01480831","LM38","CpG ~ as.numeric(LM) +Age + Gender",47,-37.9619360253867,0.0851063829787234,0.650716519170446,"116769,116815","10-129-09,10-061-09",-5.56637163774569,-7.64574190211806e-05,0.0195530829439952,-0.207850118199435,4.03585092322724e-15,8.75684264797826e-07,0.0204868452822164,0.432009006147971,0.4701544944554,1.3322710967857e-05,0.00812593027337918,0.262035712934866,-11.8394521447539,-5.73887846142166,2.40625778048475,-0.793212939837325,0.00237683991547773
"Bcell","cg03214893","LM38","CpG ~ as.numeric(LM) +Age + Gender",47,-153.504039725207,0.0851063829787234,0.650716519170446,"116769,116815","10-129-09,10-061-09",3.20203473677811,1.87271909870548e-05,-0.00227303014974034,0.0896696769191697,5.29533407695609e-26,1.91147631650615e-05,0.344310193229593,0.248529217482872,0.137536596264129,3.89735787095333e-06,0.00237711816958125,0.0766545901011796,23.2813289244764,4.80509914848389,-0.956212517672502,1.16978874716845,0.0272383383980963
"Bcell","cg16243719","LM38","CpG ~ as.numeric(LM) +Age + Gender",47,-52.3658519666787,0.0851063829787234,0.650716519170446,"116769,116815","10-129-09,10-061-09",3.72674413387561,6.56328604317935e-05,-0.00656046263609598,0.143579371246009,9.00681880613757e-12,8.66073186974057e-07,0.351939459907624,0.526421825283639,0.40335949198707,1.14299490726131e-05,0.00697147670743688,0.224808213679437,9.23926226581787,5.74218310290239,-0.941043470617574,0.638674934941409,0.00236011844432
"Bcell","cg06858239","LM38","CpG ~ as.numeric(LM) +Age + Gender",47,9.7889787310723,0.0851063829787234,0.650716519170446,"116769,116815","10-129-09,10-061-09",3.13428953590816,0.000162709090364943,-0.0156967004455295,0.345018165171209,0.000236731682082844,4.03946703888145e-09,0.251523680845315,0.43256134882398,0.78137079535546,2.21416095943178e-05,0.0135048471844729,0.435488878319921,4.01127039113654,7.34856649295716,-1.16230122644976,0.792254825203023,4.45641170525761e-05
"Bcell","cg18791395","LM38","CpG ~ as.numeric(LM) +Age + Gender",47,-45.3682766818612,0.0851063829787234,0.650716519170446,"116769,116815","10-129-09,10-061-09",3.18419257367908,6.25938675368902e-05,-0.000939117945262047,0.338958437632087,4.32640165050357e-09,7.69867819122035e-06,0.901070899886068,0.168805957348636,0.434532392984497,1.23132917927532e-05,0.0075102545409179,0.242182105524437,7.32786007461746,5.08343898531901,-0.125044755826248,1.39960149779887,0.0138575194457994
"Bcell","cg11577799","LM38","CpG ~ as.numeric(LM) +Age + Gender",47,-49.8660594778243,0.0851063829787234,0.650716519170446,"116769,116815","10-129-09,10-061-09",-4.64375966142397,-5.69691448909656e-05,0.0104554118448929,-0.255488017351818,2.40548860527824e-14,1.63371366778125e-05,0.151453195608066,0.274599508525994,0.414230151601727,1.17379896375422e-05,0.00715936010129162,0.230866862646515,-11.2105785720032,-4.85339880593847,1.46038356738148,-1.10664655127662,0.0241872722985722
"Bcell","cg08634987","LM38","CpG ~ as.numeric(LM) +Age + Gender",47,12.1650389308084,0.0851063829787234,0.650716519170446,"116769,116815","10-129-09,10-061-09",3.9309348419962,0.00016538191116615,-0.0323107592536852,0.340920643248374,1.37976052923749e-05,5.02295015665001e-09,0.0244059154088101,0.449448895648648,0.801373430118687,2.27084218330368e-05,0.0138505633634879,0.4466371385675,4.905247284545,7.28284476931582,-2.33281191571318,0.763305631819623,5.12786983939974e-05
"Bcell","cg22840454","LM38","CpG ~ as.numeric(LM) +Age + Gender",47,-92.6915798483116,0.0851063829787234,0.650716519170446,"116769,116815","10-129-09,10-061-09",3.83462185095528,3.62226254725342e-05,-0.0106592437849139,0.2209139703928,2.86846705247317e-18,1.56378542217493e-05,0.0235398112621647,0.138583083701941,0.262652298581598,7.44274637446404e-06,0.00453955942054553,0.146386524269075,14.5996127643406,4.86683592992145,-2.34807892075855,1.50911411754496,0.0233541792541603
"Bcell","cg18970775","LM38","CpG ~ as.numeric(LM) +Age + Gender",47,28.1539762257618,0.0851063829787234,0.650716519170446,"116769,116815","10-129-09,10-061-09",4.85395648411366,0.000160141977048596,-0.0357573242495293,1.58978555540606,7.06355686217863e-06,4.33664501660258e-07,0.0349496866922252,0.00444566603445382,0.949962130270377,2.69189618333055e-05,0.01641870092483,0.529451503712332,5.1096315626099,5.9490398641771,-2.17784125633555,3.00270288073418,0.0013421916326385
"Bcell","cg14095000","LM38","CpG ~ as.numeric(LM) +Age + Gender",47,5.81526809624168,0.0851063829787234,0.650716519170446,"116769,116815","10-129-09,10-061-09",-5.04956630961814,-0.000135928106719176,0.0163904443426787,-0.348076312664882,3.05044555843171e-08,9.43926505944685e-08,0.21230180405652,0.409007426344912,0.749027942898295,2.12251141013587e-05,0.0129458484574406,0.417462926208631,-6.74149256712548,-6.40411665492414,1.26607725994648,-0.833789759071748,0.000416542587376539
"Bcell","ch.10.30081984F","LM38","CpG ~ as.numeric(LM) +Age + Gender",47,39.7816267099516,0.0851063829787234,0.650716519170446,"116769,116815","10-129-09,10-061-09",-5.71462520829734,-0.000146190848715249,0.0291554754155528,-1.91867447454834,3.57856931259583e-06,1.95043340475014e-05,0.12394726083384,0.00256675515339915,1.07504793507281,3.04635031345535e-05,0.0185806254411349,0.59916677481147,-5.31569339548595,-4.79888501560512,1.56913315474336,-3.20223776619133,0.0275801330395879
"Bcell","cg24085655","LM38","CpG ~ as.numeric(LM) +Age + Gender",47,-127.426816080809,0.0851063829787234,0.650716519170446,"116769,116815","10-129-09,10-061-09",-4.46207474256745,-2.3469098495931e-05,0.00908547864901948,-0.286877530738477,5.98774190581941e-27,4.17574136771351e-05,0.0059179242277525,0.0069410507460269,0.181509375706294,5.14340919635834e-06,0.0031371231123982,0.101162360944043,-24.5831639561567,-4.56294601497927,2.89611797927624,-2.83581292549272,0.049262297174038
"Bcell","cg03993093","LM38","CpG ~ as.numeric(LM) +Age + Gender",47,6.37495286788414,0.0851063829787234,0.650716519170446,"116769,116815","10-129-09,10-061-09",3.79913755350507,0.000143318617541976,-0.015811174023567,0.498707846215759,8.82122659183002e-06,3.36408646676252e-08,0.231342699069081,0.24153953052985,0.753501028536069,2.13518673873303e-05,0.0130231591764235,0.419955953921725,5.04198058081777,6.7122287218315,-1.21408130004206,1.18752417142468,0.000190166803539936
"Bcell","cg13607311","LM38","CpG ~ as.numeric(LM) +Age + Gender",47,24.1056111058611,0.0851063829787234,0.650716519170446,"116769,116815","10-129-09,10-061-09",3.92179341023808,0.000147788558046532,-0.0136033840809424,0.299691900484904,9.3315185567973e-05,8.9680577219505e-07,0.39184323265836,0.557645663327626,0.90991792841185,2.57842341350886e-05,0.0157265956785908,0.507133284687197,4.31005180553272,5.73174123661144,-0.864992294515538,0.590952929997005,0.00241500261477383
"Bcell","cg03406626","LM38","CpG ~ as.numeric(LM) +Age + Gender",47,38.6356342645426,0.0851063829787234,0.650716519170446,"116769,116815","10-129-09,10-061-09",4.36970386301588,0.000142131956580464,-0.0182855990629624,0.090759050098855,0.000172053480494898,2.4951084566641e-05,0.324729462449839,0.878852653309142,1.06202115475945,3.00943648385181e-05,0.0183554766660804,0.591906434419294,4.11451678098224,4.72287610465024,-0.996193092427441,0.153333440593354,0.0332678695675626
"Bcell","cg19870567","LM38","CpG ~ as.numeric(LM) +Age + Gender",47,-36.5318432722692,0.0851063829787234,0.650716519170446,"116769,116815","10-129-09,10-061-09",4.13559081783634,6.39648309837756e-05,-0.00899828236811364,0.163193006904165,5.56445361077557e-11,2.4485795287138e-05,0.281507647070854,0.542852387959405,0.477361996216969,1.35269490723569e-05,0.00825050136107581,0.26605273900788,8.66342702311946,4.72869607489624,-1.09063461410548,0.613385930596758,0.0327752672160978
"Bcell","cg00759707","LM38","CpG ~ as.numeric(LM) +Age + Gender",47,18.5709265300069,0.0851063829787234,0.650716519170446,"116769,116815","10-129-09,10-061-09",4.02837409884071,0.000135720800155563,-0.00551660344502417,-0.0633952826707288,2.72430541296082e-05,1.47308566299571e-06,0.711678604695267,0.895137330632093,0.857889054260093,2.43098982295906e-05,0.0148273529646626,0.478135533326028,4.69568189363959,5.58294398741498,-0.372055852327226,-0.13258851989045,0.00357299017042819
"Bcell","cg23847901","LM38","CpG ~ as.numeric(LM) +Age + Gender",47,5.18958303820724,0.0851063829787234,0.650716519170446,"116769,116815","10-129-09,10-061-09",-3.13486332262698,-0.000168342875153788,0.0197278332625808,-0.482186487343714,0.000126496844082524,4.99016956704243e-10,0.132342869440879,0.251341822466617,0.744058801318272,2.10843041382301e-05,0.0128599641396812,0.414693426880323,-4.21319298565227,-7.98427465521843,1.53405041011801,-1.16275411204641,1.1377503443364e-05
"Bcell","cg10219037","LM38","CpG ~ as.numeric(LM) +Age + Gender",47,-7.36519655059288,0.0851063829787234,0.650716519170446,"116769,116815","10-129-09,10-061-09",-5.26868516234232,-0.00010560650748435,0.0166343560772409,-0.371409040728111,3.50365701985153e-10,9.18799415921118e-07,0.146607924044088,0.311748490180961,0.651031859771852,1.84482109623427e-05,0.0112521300139486,0.362845829467684,-8.09282231470005,-5.72448503000745,1.47832953019741,-1.0236001369314,0.00245299504680254
"Bcell","cg22021234","LM38","CpG ~ as.numeric(LM) +Age + Gender",47,15.4226284047252,0.0851063829787234,0.650716519170446,"116769,116815","10-129-09,10-061-09",4.32313582936022,0.000146785818905768,-0.0194514541994626,0.533901081652959,5.05966793343682e-06,1.61563124474287e-07,0.182005852593974,0.254605005531899,0.829632017847555,2.35091820110452e-05,0.014338971570188,0.462386768251767,5.21090765105283,6.24376547158488,-1.35654458231187,1.15466340802004,0.000653895676478047
"Bcell","cg05840833","LM38","CpG ~ as.numeric(LM) +Age + Gender",47,6.72442466422476,0.0851063829787234,0.650716519170446,"116769,116815","10-129-09,10-061-09",4.65788122511512,0.000133733568329013,-0.0163033100023705,0.0120032216444564,2.14852436735556e-07,1.63572825266889e-07,0.21906549368682,0.977414238637014,0.756307597285284,2.14313967860666e-05,0.0130716665973511,0.421520165796277,6.15871272724786,6.24007710108555,-1.24722504823327,0.0284760317973912,0.000658135262461328
"Bcell","cg08792995","LM38","CpG ~ as.numeric(LM) +Age + Gender",47,-92.5446805472775,0.0851063829787234,0.650716519170446,"116769,116815","10-129-09,10-061-09",-5.91672858838101,-3.4110927149726e-05,0.0224769472600013,-0.589542087832458,2.09154268294059e-25,4.00515788053997e-05,1.21729559432881e-05,0.000229740520738167,0.263063081593159,7.45438668291173e-06,0.00454665920189145,0.146615469904107,-22.4916721591955,-4.57595354261956,4.94361821766863,-4.02100875315576,0.0481460099209128
"Bcell","cg10747028","LM38","CpG ~ as.numeric(LM) +Age + Gender",47,16.094537481675,0.0851063829787234,0.650716519170446,"116769,116815","10-129-09,10-061-09",4.14897221560626,0.00012352040268414,-0.00500388054708174,0.479168214923517,1.13378019695856e-05,4.96366942924816e-06,0.730667977749582,0.309274071739832,0.835583446686897,2.3677826929274e-05,0.0144418332812762,0.465703735157942,4.96535951263397,5.21671194966907,-0.346485134513307,1.02891211461082,0.00953686817769268
"Bcell","cg06022449","LM38","CpG ~ as.numeric(LM) +Age + Gender",47,10.6141977449439,0.0851063829787234,0.650716519170446,"116769,116815","10-129-09,10-061-09",5.69785484095951,0.000129514366624876,-0.0339232735290476,0.521311541822175,6.01810429407664e-09,7.18158012139765e-07,0.0167191737643324,0.241896672624135,0.788260589743062,2.233684486344e-05,0.0136239271665891,0.439328833495551,7.22838984353734,5.79823907166316,-2.48997760441938,1.18660898642669,0.00202146703503514
"Bcell","cg23322640","LM38","CpG ~ as.numeric(LM) +Age + Gender",47,-77.433010364723,0.0851063829787234,0.650716519170446,"116769,116815","10-129-09,10-061-09",3.86187176721041,4.21845763627388e-05,-0.00872274108479315,0.0794047871362252,6.53176926689246e-16,1.82928571626156e-05,0.109647384915386,0.647010317757414,0.30894284931988,8.75447610437637e-06,0.00533962363784355,0.17218608081464,12.5002788564684,4.81862944850014,-1.63358724816716,0.461156829637729,0.0262402153339879
"Bcell","cg04204246","LM38","CpG ~ as.numeric(LM) +Age + Gender",47,-47.3606123307195,0.0851063829787234,0.650716519170446,"116769,116815","10-129-09,10-061-09",3.93021666916372,5.61535233691726e-05,-0.0209827194895436,0.14508586444247,9.02966685536664e-12,3.07557377856396e-05,0.00662117176228641,0.543819059716713,0.425419369494066,1.20550571498047e-05,0.00735274930734849,0.237103056753303,9.23845257407477,4.65808852429058,-2.85372431623271,0.611910560872384,0.0394089855518367
"Bcell","cg25034709","LM38","CpG ~ as.numeric(LM) +Age + Gender",47,15.0830627134949,0.0851063829787234,0.650716519170446,"116769,116815","10-129-09,10-061-09",4.4418465938666,0.000143663468947479,-0.02889750006747,1.10428694285097,2.95613691762648e-06,2.34134059749058e-07,0.0493612446472664,0.0209537028777235,0.826640460945801,2.34244106254348e-05,0.0142872669005971,0.460719455156219,5.37337186324567,6.13306653664474,-2.02260518183938,2.39687499733765,0.000825497557721943
"Bcell","cg20225180","LM38","CpG ~ as.numeric(LM) +Age + Gender",47,4.70888966141516,0.0851063829787234,0.650716519170446,"116769,116815","10-129-09,10-061-09",4.06128432713618,0.000169150326078255,-0.0288057959073194,0.238548222355786,2.03210152054532e-06,3.85194879395947e-10,0.0295217121268842,0.56615242234741,0.740263575888082,2.09767592948636e-05,0.0127943692393215,0.412578197497053,5.48626794485184,8.0637015327565,-2.25144322228792,0.578189113731562,1.02409714746189e-05
"Bcell","ch.19.1004238R","LM38","CpG ~ as.numeric(LM) +Age + Gender",47,-17.2647054918877,0.0851063829787234,0.650716519170446,"116769,116815","10-129-09,10-061-09",-4.99909182655003,-0.00015188590179603,0.024936138474485,-0.929748234271226,8.48902789183584e-11,1.20099009513564e-11,0.017891049937531,0.00674043144918982,0.585955973287227,1.66041634485228e-05,0.0101273888442084,0.326576461608892,-8.5315144045806,-9.14745884469973,2.46224756036156,-2.84695421614523,2.73823740040767e-06
"Bcell","cg01813761","LM38","CpG ~ as.numeric(LM) +Age + Gender",47,-2.18249042776363,0.0851063829787234,0.650716519170446,"116769,116815","10-129-09,10-061-09",-4.5176823937569,-0.000148465905648473,0.0198917338595189,-0.996760544016607,5.46921460134722e-08,1.66938002048383e-09,0.101590785320988,0.0127355337586667,0.687934584175255,1.94939189943854e-05,0.0118899394339078,0.383413178737599,-6.56702322819402,-7.61601121309847,1.67298866155631,-2.59970339908105,2.37884913981424e-05
"Bcell","cg00052976","LM38","CpG ~ as.numeric(LM) +Age + Gender",47,-67.7116675425084,0.0851063829787234,0.650716519170446,"116769,116815","10-129-09,10-061-09",4.1927993299824,4.76115153224467e-05,-0.0130744895439298,0.289095724828029,1.3366008230484e-15,1.38450443736858e-05,0.03262661583324,0.13733903914929,0.342603858008186,9.70832403081233e-06,0.00592140476034377,0.190946693578672,12.238038866107,4.90419511867723,-2.20800470042024,1.5140127299922,0.0213768422717364
"Bcell","cg03142478","LM38","CpG ~ as.numeric(LM) +Age + Gender",47,-170.280654653247,0.0851063829787234,0.650716519170446,"116769,116815","10-129-09,10-061-09",2.76844133008828,1.52026816620036e-05,-0.00131551142829823,0.109846032341792,1.416022108869e-26,3.02778805392435e-05,0.511797274610942,0.0939156795015223,0.115055590756637,3.2603163406154e-06,0.00198856699037591,0.0641250357203967,24.0617714609282,4.66294680446069,-0.661537395855872,1.71299760082398,0.0391491850651037
"Bcell","cg01893097","LM38","CpG ~ as.numeric(LM) +Age + Gender",47,-86.2979409425766,0.0851063829787234,0.650716519170446,"116769,116815","10-129-09,10-061-09",-4.39376122290034,-3.69688202980923e-05,0.00395646381812505,-0.279366031465035,2.41685924974555e-19,3.25507852135181e-05,0.419992427580469,0.0816590188126956,0.281138810253438,7.9665964167637e-06,0.00485907163751878,0.156689789095291,-15.6284406942588,-4.64047861396627,0.81424274290909,-1.78292429314037,0.0410028993225052
"Bcell","cg17778165","LM38","CpG ~ as.numeric(LM) +Age + Gender",47,7.20751399946213,0.0851063829787234,0.650716519170446,"116769,116815","10-129-09,10-061-09",-5.52573246336176,-0.000152953757758501,0.0468891270172377,-0.524812784998918,5.26352710593287e-09,9.2126678270909e-09,0.000897048416436769,0.222188734927767,0.760204454660761,2.15418215615578e-05,0.0131390180566945,0.423692038686212,-7.26874517701636,-7.1003168103227,3.56869339968271,-1.23866567478176,7.24301003493223e-05
"Bcell","cg16071082","LM38","CpG ~ as.numeric(LM) +Age + Gender",47,-146.91501904535,0.0851063829787234,0.650716519170446,"116769,116815","10-129-09,10-061-09",3.54100186229124,1.91121475440705e-05,-0.00808768194281132,0.206127149333889,1.56185970581682e-26,4.05754372991356e-05,0.0027927790995094,0.0160347078793064,0.147523281060233,4.18034934850944e-06,0.00254972335632812,0.0822205649057682,24.0030037079061,4.57190199926358,-3.17198409887826,2.50700234874484,0.0483847512588287
"Bcell","cg22465736","LM38","CpG ~ as.numeric(LM) +Age + Gender",47,-109.701447553402,0.0851063829787234,0.650716519170446,"116769,116815","10-129-09,10-061-09",-4.66387388569191,-2.89982799684177e-05,0.00992434977676297,-0.137022922701653,1.87036955446926e-24,2.96892420884034e-05,0.0121062709200216,0.268211071088258,0.219175999872414,6.21076376345954e-06,0.00378813541838928,0.12215546179412,-21.2791267675604,-4.66903605946605,2.61985084497925,-1.12170934225267,0.0385337630782875
"Bcell","cg05339956","LM38","CpG ~ as.numeric(LM) +Age + Gender",47,33.9760512890739,0.0851063829787234,0.650716519170446,"116769,116815","10-129-09,10-061-09",2.99647752338951,0.000179762546292689,-0.0275512364547597,1.11510539783075,0.00492374044466469,1.44602951635025e-07,0.122064993250148,0.0541656693323503,1.01066023034871,2.86389565439343e-05,0.0174677784829089,0.563280957892581,2.96487131224668,6.27685390761078,-1.57726046742102,1.97966109488722,0.000599440581233933
"Bcell","cg16805354","LM38","CpG ~ as.numeric(LM) +Age + Gender",47,-164.674493412131,0.0851063829787234,0.650716519170446,"116769,116815","10-129-09,10-061-09",-3.55562036195599,-1.58295406093407e-05,0.00831263605748378,-0.193207761834632,6.22139621459271e-30,4.02882499860086e-05,0.000296195986376557,0.00689136664092673,0.122126259394708,3.46067702146699e-06,0.00211077311839707,0.0680657992765325,-29.114298428353,-4.57411671506709,3.93819496043063,-2.83854393672338,0.0483455465775087
"Bcell","cg15060501","LM38","CpG ~ as.numeric(LM) +Age + Gender",47,21.176768467926,0.0851063829787234,0.650716519170446,"116769,116815","10-129-09,10-061-09",2.68882870159032,0.000153510599249573,-0.00532533757234679,0.171128087680095,0.00392469643410925,2.27164055901452e-07,0.728541649151434,0.729447470880679,0.882003925327597,2.49932384104213e-05,0.0152441431116398,0.491575705667303,3.0485450510797,6.14208518034879,-0.349336629376076,0.348121531855998,0.000816262773647453
"Bcell","ch.20.577701F","LM38","CpG ~ as.numeric(LM) +Age + Gender",47,-6.35355340722097,0.0851063829787234,0.650716519170446,"116769,116815","10-129-09,10-061-09",-5.77704163028093,-0.000148073039992159,0.0253290011131566,-0.203228261495917,3.85322705124909e-11,5.75691924193782e-10,0.0312388812138414,0.582380896801661,0.65807620773961,1.86478257975473e-05,0.0113738812278208,0.366771923472232,-8.77868180362299,-7.94049888709462,2.22694440057991,-0.554099832866032,1.19324362936038e-05
"Bcell","cg20827116","LM38","CpG ~ as.numeric(LM) +Age + Gender",47,18.159658073075,0.0851063829787234,0.650716519170446,"116769,116815","10-129-09,10-061-09",-4.5338609272747,-0.0001278368807379,0.00205837182203483,-0.0261977470399741,3.66993325363189e-06,4.00466093574034e-06,0.889760348666037,0.956368101260417,0.854143820242378,2.42037699868248e-05,0.0147626220924826,0.476048166136065,-5.30807671943132,-5.28169292665925,0.13943131573374,-0.055031715073315,0.00803275089953582
"Bcell","cg16536918","LM38","CpG ~ as.numeric(LM) +Age + Gender",47,-147.432190545854,0.0851063829787234,0.650716519170446,"116769,116815","10-129-09,10-061-09",-0.374278315803638,-1.92294948291874e-05,0.0113361427542916,-0.257878563205856,0.0143795657632093,3.4174698807803e-05,5.61023237178251e-05,0.00293813933209791,0.146713862543158,4.15741295402169e-06,0.00253573374544639,0.0817694439217392,-2.55107669661098,-4.62535115992884,4.47055720051396,-3.15372773541995,0.0427336802761302
"Bcell","cg22550229","LM38","CpG ~ as.numeric(LM) +Age + Gender",47,-62.7926618465142,0.0851063829787234,0.650716519170446,"116769,116815","10-129-09,10-061-09",-3.40299227105159,-5.03204498992466e-05,-0.00269304804737614,-0.124426972426553,5.0267936583638e-12,1.31936167890035e-05,0.668180384028971,0.539567874816481,0.361009651930824,1.02298867840288e-05,0.00623952188951168,0.201204971207683,-9.42631935974849,-4.91896449702733,-0.431611282893809,-0.618409036713712,0.0206982051979941
"Bcell","cg14164492","LM38","CpG ~ as.numeric(LM) +Age + Gender",47,-60.8640772038147,0.0851063829787234,0.650716519170446,"116769,116815","10-129-09,10-061-09",3.73716869359204,-6.07920068788242e-05,0.00589158065980041,-0.137471323194019,5.62105492287108e-13,6.63530512376293e-07,0.360097046467461,0.506840988938794,0.368492939938403,1.04419398099808e-05,0.00636885953763017,0.205375703873834,10.1417647084819,-5.82190742190614,0.925060542627801,-0.669365073867113,0.00189896047202018
"Bcell","cg27388036","LM38","CpG ~ as.numeric(LM) +Age + Gender",47,18.0361341229945,0.0851063829787234,0.650716519170446,"116769,116815","10-129-09,10-061-09",4.16762333675565,0.000156117503647468,-0.0156294764045757,0.411058670466076,1.47049641105803e-05,7.86378750476657e-08,0.295012329957898,0.392047120931134,0.853022140175737,2.41719850746257e-05,0.014743235499101,0.475423009428188,4.8857153178897,6.45861327340261,-1.06011169702395,0.864616693585096,0.000368410365364576
"Bcell","cg20464884","LM38","CpG ~ as.numeric(LM) +Age + Gender",47,-99.2306031905512,0.0851063829787234,0.650716519170446,"116769,116815","10-129-09,10-061-09",4.28792465423497,3.43221116777436e-05,-0.0145761244473607,0.141960849215932,3.55240765017637e-21,1.21697182823731e-05,0.00129689221855389,0.304322498180541,0.245002158510587,6.94259649292213e-06,0.00423450265894094,0.136549402447524,17.5015790893519,4.94369962487875,-3.44222819569707,1.03962995568938,0.0197720343386028
"Bcell","cg01582869","LM38","CpG ~ as.numeric(LM) +Age + Gender",47,41.1321011985369,0.0851063829787234,0.650716519170446,"116769,116815","10-129-09,10-061-09",3.53836483811656,0.000142096645091667,-0.0151987200439268,-0.0823742067127011,0.00228043766462074,3.73208478158478e-05,0.424495646453993,0.892833006036876,1.09060435992175,3.09043236614224e-05,0.0188494954085952,0.607836986250651,3.24440738378347,4.59795356301699,-0.806319729757664,-0.135520227587357,0.0456659629728101
"Bcell","cg15558814","LM38","CpG ~ as.numeric(LM) +Age + Gender",47,-176.467842552038,0.0851063829787234,0.650716519170446,"116769,116815","10-129-09,10-061-09",-3.37022495318217,1.43118624591613e-05,-0.00219392566107801,0.0970733525879676,3.23752886862999e-31,2.78935645940785e-05,0.24514441093371,0.113233795196966,0.107726354982896,3.05262867415603e-06,0.00186189190897833,0.0600401624630124,-31.2850551168956,4.68837319793511,-1.17833137922699,1.61680696063688,0.036549920909055
"Bcell","cg01968694","LM38","CpG ~ as.numeric(LM) +Age + Gender",47,11.2999438167298,0.0851063829787234,0.650716519170446,"116769,116815","10-129-09,10-061-09",4.35063301619639,0.000138831853247683,-0.0164722898112611,0.26169005312336,2.080651474609e-06,2.06740451536876e-07,0.236600750601922,0.557395931941487,0.794032112043774,2.25003917918725e-05,0.0137236794572508,0.44254553136534,5.47916507431697,6.17019714731509,-1.20028231951731,0.591329105314868,0.000768704024305462
"Bcell","cg07331276","LM38","CpG ~ as.numeric(LM) +Age + Gender",47,-35.3107870047964,0.0851063829787234,0.650716519170446,"116769,116815","10-129-09,10-061-09",3.93969385113038,6.5547312861354e-05,-0.0082390743667017,0.284820130587146,2.94231984301025e-10,2.05264134346635e-05,0.329781420422706,0.296538559717941,0.483603359359321,1.37038098238155e-05,0.00835837416098245,0.269531297779473,8.14653946231824,4.78314524968386,-0.985726913873077,1.05672377543398,0.0287115831436455
"Bcell","cg07006961","LM38","CpG ~ as.numeric(LM) +Age + Gender",47,-9.74514318967749,0.0851063829787234,0.650716519170446,"116769,116815","10-129-09,10-061-09",2.75560902560431,8.23332781538747e-05,-0.00937201772121649,0.327452130689103,8.45753448369681e-05,3.9868854882475e-05,0.397690965072105,0.359821847637596,0.634755572431947,1.79869917792515e-05,0.0109708182800541,0.353774410163302,4.34121281526795,4.57737898389703,-0.854267884306828,0.92559586358423,0.048010734850948
"Bcell","cg07139350","LM38","CpG ~ as.numeric(LM) +Age + Gender",47,-118.719719045503,0.0851063829787234,0.650716519170446,"116769,116815","10-129-09,10-061-09",4.1803316453319,2.8296145281508e-05,-0.0117697053515353,0.190231218833065,3.181813640614e-24,9.64549755116358e-06,0.00138348853457693,0.0937122662794666,0.199125643730243,5.64259924980502e-06,0.00344159444539182,0.11098060453279,20.9934369427326,5.01473594504976,-3.4198408726788,1.71409427470599,0.016830285963031
"Bcell","cg26939227","LM38","CpG ~ as.numeric(LM) +Age + Gender",47,-79.2461844408554,0.0851063829787234,0.650716519170446,"116769,116815","10-129-09,10-061-09",3.37840884325551,-5.28072392173243e-05,0.00491644503529619,-0.0846484495450884,2.87810777844044e-14,2.21582391657219e-07,0.353137940211486,0.618797069534957,0.303040730394054,8.58722847519486e-06,0.00523761417622602,0.168896596275421,11.1483655641354,-6.14950904938232,0.938680259728246,-0.50118505293648,0.000810487957120746
"Bcell","cg25542067","LM38","CpG ~ as.numeric(LM) +Age + Gender",47,-31.9055024783355,0.0851063829787234,0.650716519170446,"116769,116815","10-129-09,10-061-09",4.55983866150486,7.07859446990766e-05,-0.00970256385305541,0.325787964047578,1.42331968375881e-11,1.07495294986942e-05,0.269133098909824,0.250154656580206,0.501443779491592,1.4209351648408e-05,0.0086667196341243,0.279474470212254,9.09341953773567,4.98164493712189,-1.11951975633925,1.16571636686582,0.0181995654194538
"Bcell","cg15799959","LM38","CpG ~ as.numeric(LM) +Age + Gender",47,-163.384780322809,0.0851063829787234,0.650716519170446,"116769,116815","10-129-09,10-061-09",-3.21429297719047,-1.76692627824166e-05,0.00764911886531161,-0.296039294558435,6.63592622311252e-28,8.99154883675486e-06,0.000881959503652187,9.93857091431548e-05,0.12381342243214,3.50848595612236e-06,0.00213993325482811,0.0690061220312108,-25.9607796477169,-5.03615035185859,3.57446609517081,-4.29004392428457,0.0158102170863654
"Bcell","cg20309565","LM38","CpG ~ as.numeric(LM) +Age + Gender",47,-134.306828221607,0.0851063829787234,0.650716519170446,"116769,116815","10-129-09,10-061-09",-4.62722449533002,-2.2303841495115e-05,0.0100185175823877,-0.427460988044313,7.10951257757629e-29,3.00118868941907e-05,0.00132028443526738,4.40356462057139e-05,0.168698937376163,4.7804013569e-06,0.00291571349094463,0.0940225965039895,-27.4288894008401,-4.66568386834753,3.43604322355482,-4.54636442662137,0.0388787510912727
"Bcell","cg22628851","LM38","CpG ~ as.numeric(LM) +Age + Gender",47,-16.432755203471,0.0851063829787234,0.650716519170446,"116769,116815","10-129-09,10-061-09",4.59839449744385,0.000113180498563728,-0.0199522148669867,0.752368558943678,9.78370078608714e-10,2.90280072544511e-08,0.0573762203375996,0.0274015957488174,0.591165014525421,1.67517714192102e-05,0.0102174194753986,0.329479666514204,7.77852948746531,6.75633016541391,-1.95276458160767,2.28350528244584,0.000168262812050918
"Bcell","cg08533748","LM38","CpG ~ as.numeric(LM) +Age + Gender",47,27.1255336250014,0.0851063829787234,0.650716519170446,"116769,116815","10-129-09,10-061-09",-5.44501228626688,-0.00013344913519747,0.0244134093471069,-0.113977121993656,7.26275822072507e-07,9.73311404317497e-06,0.140075234445968,0.828737413788238,0.939625359592327,2.66260500145124e-05,0.0162400450175222,0.523690412186014,-5.79487583075588,-5.01197643378323,1.50328458577338,-0.217642178167607,0.0169399525189859
"Bcell","cg19540824","LM38","CpG ~ as.numeric(LM) +Age + Gender",47,-98.9141496879728,0.0851063829787234,0.650716519170446,"116769,116815","10-129-09,10-061-09",0.570296834500508,-3.18435772612199e-05,-0.00183756825947173,-0.214853482034159,0.0251606964159478,4.06564023117456e-05,0.667544585116452,0.124174072767291,0.245828354725417,6.96600831499917e-06,0.00424878224769955,0.137009874306733,2.31989851267366,-4.57128039779316,-0.432492924405966,-1.5681605659542,0.0483847512588287
"Bcell","cg19750992","LM38","CpG ~ as.numeric(LM) +Age + Gender",47,-38.0317636474924,0.0851063829787234,0.650716519170446,"116769,116815","10-129-09,10-061-09",3.5024559595431,6.83685642057132e-05,-0.0044037626859031,0.238201468274846,2.83895006651247e-09,6.48628720050806e-06,0.590382624725146,0.368042711308048,0.469805371267741,1.33128179063714e-05,0.00811989619157587,0.261841132760776,7.45512114961976,5.13554415650742,-0.54234223960546,0.909717528958568,0.0119609187999356
"Bcell","cg09175811","LM38","CpG ~ as.numeric(LM) +Age + Gender",47,-72.4621334343121,0.0851063829787234,0.650716519170446,"116769,116815","10-129-09,10-061-09",4.66045621368317,-7.15500444738017e-05,-0.00490821854072359,0.114076098808781,5.90669837004141e-18,1.06739598655922e-09,0.388126674244556,0.533071154974151,0.325719954076053,9.2298868899371e-06,0.00562959126560334,0.181536625492212,14.3081691967665,-7.75199580742526,-0.871860550642936,0.628391645484646,1.78071589713798e-05
"Bcell","cg14312860","LM38","CpG ~ as.numeric(LM) +Age + Gender",47,-97.0107596456089,0.0851063829787234,0.650716519170446,"116769,116815","10-129-09,10-061-09",3.08836518976696,-5.2990350992169e-05,0.00233086905020455,-0.0819253393782666,1.0934183234506e-15,2.84473239694059e-09,0.593624604432867,0.560961644066131,0.250856829906668,7.10849960719974e-06,0.00433569205965743,0.139812442599993,12.3112661150824,-7.45450572136186,0.537600230397526,-0.585966011713687,3.53778679244614e-05
"Bcell","cg21633208","LM38","CpG ~ as.numeric(LM) +Age + Gender",47,-87.3714221908036,0.0851063829787234,0.650716519170446,"116769,116815","10-129-09,10-061-09",-4.9932336785941,-3.69965657801021e-05,0.0115687041618799,-0.281801544896355,1.31869176208904e-21,2.71011152005047e-05,0.0203917926441587,0.0758604157829783,0.277946464318112,7.87613529662696e-06,0.00480389662423084,0.154910568322198,-17.9647317725161,-4.69729942246502,2.40819173825002,-1.8191240788055,0.0355797068936069
"Bcell","cg08063324","LM38","CpG ~ as.numeric(LM) +Age + Gender",47,9.7824946791845,0.0851063829787234,0.650716519170446,"116769,116815","10-129-09,10-061-09",4.50610065909647,0.000158267487566007,-0.0239313435562905,0.696341706967525,7.96336991405831e-07,7.84917688194337e-09,0.0834504384177966,0.117121677889522,0.78131689882307,2.2140082334807e-05,0.013503915662028,0.435458839648683,5.76731498561492,7.14845975605026,-1.77217809672669,1.59909879778606,6.71099717670607e-05
"Bcell","cg08867452","LM38","CpG ~ as.numeric(LM) +Age + Gender",47,-29.7041091600915,0.0851063829787234,0.650716519170446,"116769,116815","10-129-09,10-061-09",-6.2315847651547,-9.84133807892445e-05,0.0291876341525164,-0.394970336765842,1.75256542432067e-15,2.81380932028842e-08,0.00200601606806897,0.17455249990599,0.51332571938811,1.45460487402058e-05,0.00887208152314215,0.286096745716479,-12.1396309005962,-6.76564354670603,3.28982934572711,-1.38054816309325,0.000166196933684114
"Bcell","cg18533943","LM38","CpG ~ as.numeric(LM) +Age + Gender",47,35.4001438187249,0.0851063829787234,0.650716519170446,"116769,116815","10-129-09,10-061-09",-4.5949023480919,-0.000156083865382037,0.0415634049939639,-0.735371515975564,5.47733956125302e-05,3.00816962992974e-06,0.0237878260759836,0.205364747485333,1.02608822387232,2.90761377278921e-05,0.0177344287034417,0.571879589469628,-4.47807726586253,-5.36810861341839,2.34365626821109,-1.2858852274437,0.00650878802545596
"Bcell","cg09750346","LM38","CpG ~ as.numeric(LM) +Age + Gender",47,-81.6261389611149,0.0851063829787234,0.650716519170446,"116769,116815","10-129-09,10-061-09",3.92482170942232,5.42156805285691e-05,-0.0138332759418068,0.44468531481167,8.09913060448387e-17,7.43332852001158e-08,0.00965341943419668,0.0098653176648189,0.295464458884163,8.37254058699929e-06,0.0051066694447652,0.164674040222263,13.2835662341407,6.47541567164859,-2.70886457238526,2.70039718592847,0.000353080523683703
"Bcell","ch.18.1114073F","LM38","CpG ~ as.numeric(LM) +Age + Gender",47,-17.1576492768685,0.0851063829787234,0.650716519170446,"116769,116815","10-129-09,10-061-09",-5.07679588847437,-0.00015384185770959,0.025826549813043,-0.607533443621635,5.72979596674301e-11,8.58189729604411e-12,0.0145162602022188,0.06999639841136,0.586623696306729,1.66230846348569e-05,0.0101389294564165,0.326948610082472,-8.6542632362738,-9.2547118112483,2.54726595387234,-1.85819246476805,2.73823740040767e-06
"Bcell","cg08264065","LM38","CpG ~ as.numeric(LM) +Age + Gender",47,23.8672152567928,0.0851063829787234,0.650716519170446,"116769,116815","10-129-09,10-061-09",5.34646274888327,0.000147714183360719,-0.0411743723485741,0.414628991311172,5.27188452872029e-07,8.62548220639882e-07,0.0119565812350501,0.416924631031091,0.907613185641102,2.57189249183268e-05,0.0156867615830455,0.505848760297477,5.89068430633997,5.74340427641518,-2.62478473524299,0.819669877350967,0.0023599146807063
"Bcell","cg19244722","LM38","CpG ~ as.numeric(LM) +Age + Gender",47,18.8965402349429,0.0851063829787234,0.650716519170446,"116769,116815","10-129-09,10-061-09",4.23741915166162,0.000144549059824305,-0.0212232786474964,0.662134696019738,1.3051784588876e-05,4.6915557135162e-07,0.160970550167088,0.174708522204767,0.860865913906119,2.43942531408455e-05,0.0148788036137631,0.479794655059102,4.92227544756026,5.92553742021613,-1.42641029470035,1.38003766619321,0.00142622251122956
"Bcell","cg09886024","LM38","CpG ~ as.numeric(LM) +Age + Gender",47,50.1053567432578,0.0851063829787234,0.650716519170446,"116769,116815","10-129-09,10-061-09",2.81303003570048,0.000219093274473837,-0.0028204601248135,0.318055951623711,0.0237406101475524,8.25986546684176e-08,0.892450209378122,0.63675374175629,1.19984474181051,3.39998551326426e-05,0.0207375550501257,0.66872097584785,2.34449503146195,6.44394729386627,-0.136007360462506,0.475618326792363,0.000374460846689573
"Bcell","cg25619136","LM38","CpG ~ as.numeric(LM) +Age + Gender",47,53.1095571947807,0.0851063829787234,0.650716519170446,"116769,116815","10-129-09,10-061-09",3.91045549061887,0.000170241803444335,-0.0240409867153895,0.577415188059719,0.00291463666274849,1.65383426752954e-05,0.267739101712103,0.40760827382939,1.23881062492772,3.51040266432846e-05,0.0214110231398392,0.690438205148365,3.15662088452545,4.84963748387828,-1.12283222330729,0.836302486962814,0.0243827408168705
"Bcell","cg12899775","LM38","CpG ~ as.numeric(LM) +Age + Gender",47,26.5250043068153,0.0851063829787234,0.650716519170446,"116769,116815","10-129-09,10-061-09",3.69667275696886,0.000164337823532089,-0.0224344072917446,1.38892771080168,0.000277580150940919,1.79938560887277e-07,0.171599081696521,0.0106838388422061,0.9336415941649,2.64564887783034e-05,0.0161366244159775,0.52035542281911,3.95941309820859,6.21162637677227,-1.39027882867072,2.66919042234044,0.000703297576880532
"Bcell","cg22922242","LM38","CpG ~ as.numeric(LM) +Age + Gender",47,-40.4395103034874,0.0851063829787234,0.650716519170446,"116769,116815","10-129-09,10-061-09",-4.48011774988097,-6.49667480689276e-05,0.00319771933003204,-0.310542324446062,1.67018857053085e-12,9.90518548847253e-06,0.688192865842549,0.230329739302467,0.457924433950076,1.29761492245292e-05,0.00791455163066177,0.255219416033437,-9.78353068263966,-5.00662769399406,0.404030383432431,-1.21676606455904,0.0171521451852855
"Bcell","cg02923628","LM38","CpG ~ as.numeric(LM) +Age + Gender",47,18.5015106762719,0.0851063829787234,0.650716519170446,"116769,116815","10-129-09,10-061-09",4.56841665955627,0.000141980049079027,-0.0217635571653133,0.705629567394639,3.42300184083015e-06,6.1476896699637e-07,0.149143112919005,0.146993536193211,0.857255765767801,2.42919528102836e-05,0.0148164075027092,0.477782576577708,5.32911744893844,5.84473591678153,-1.46888219437362,1.47688426072162,0.00179349740690196
"Bcell","cg17295497","LM38","CpG ~ as.numeric(LM) +Age + Gender",47,-2.21797398082424,0.0851063829787234,0.650716519170446,"116769,116815","10-129-09,10-061-09",-6.09511803098286,-0.000153779395536846,0.0323524333738118,-0.606557108243735,2.94415743944042e-11,6.75573577546114e-10,0.00933252789632355,0.120843137180479,0.687674948466412,1.9486561728749e-05,0.0118854520118126,0.383268473478216,-8.8633707605252,-7.8915612552609,2.72201960360091,-1.58259066481295,1.32025414049616e-05
"Bcell","cg13991072","LM38","CpG ~ as.numeric(LM) +Age + Gender",47,-96.5425238482487,0.0851063829787234,0.650716519170446,"116769,116815","10-129-09,10-061-09",2.9993503792278,-4.78802352328036e-05,0.00101468446841952,-0.159042674808194,3.43621765615084e-15,3.47927789012853e-08,0.816969052570989,0.263953210466784,0.252109523334826,7.14399702915679e-06,0.00435734302667184,0.140510618240995,11.8970134073213,-6.70216337400338,0.232867704518215,-1.13189079088254,0.000193480380525078
"Bcell","ch.3.3584022R","LM38","CpG ~ as.numeric(LM) +Age + Gender",47,13.5690717805995,0.0851063829787234,0.650716519170446,"116769,116815","10-129-09,10-061-09",-5.64846844247011,-0.000113825894961754,0.0182109617826133,-0.309342184680832,1.55103859466369e-08,1.23910127597605e-05,0.202119555160342,0.498686752510071,0.813432999922141,2.30501524019942e-05,0.0140589953246954,0.453358414251137,-6.94398732656624,-4.93818405087448,1.29532454930295,-0.682334715661573,0.019918126164388
"Bcell","ch.7.1628533R","LM38","CpG ~ as.numeric(LM) +Age + Gender",47,-72.3771402767541,0.0851063829787234,0.650716519170446,"116769,116815","10-129-09,10-061-09",-3.46981648416865,-4.91839530830679e-05,0.0173234308057317,-0.734038132770019,1.2584533018119e-13,3.48201865850626e-06,0.00365646886409366,0.000216801252153253,0.326014597552961,9.23823616645728e-06,0.00563468374557981,0.181700841966677,-10.6431322714161,-5.32395494084118,3.07442823553696,-4.03981690357075,0.00723915912560787
"Bcell","cg19060823","LM38","CpG ~ as.numeric(LM) +Age + Gender",47,2.35411645579369,0.0851063829787234,0.650716519170446,"116769,116815","10-129-09,10-061-09",-5.22104546888944,-0.000164975841647803,0.0422236555905782,-0.248118713073236,5.94898506576542e-09,3.84568329834604e-10,0.00153419277812068,0.54072254000959,0.721949742416944,2.04578024138237e-05,0.0124778415115644,0.40237117306833,-7.23186831732971,-8.06420153595412,3.38389100001356,-0.616641374135171,1.02409714746189e-05
"Bcell","cg22658238","LM38","CpG ~ as.numeric(LM) +Age + Gender",47,-78.0543215134291,0.0851063829787234,0.650716519170446,"116769,116815","10-129-09,10-061-09",3.03329320540332,4.24100993598228e-05,-0.00335535544829519,0.531558429652025,1.23082636508889e-12,1.51524492878884e-05,0.530373639429279,0.00333799348594372,0.306907565619368,8.696802516653e-06,0.00530444674677487,0.171051736632509,9.88340968161489,4.87651631488862,-0.632555214233277,3.10758861685243,0.0228060011417617
"Bcell","cg19324331","LM38","CpG ~ as.numeric(LM) +Age + Gender",47,-2.08069393293872,0.0851063829787234,0.650716519170446,"116769,116815","10-129-09,10-061-09",4.76069364593998,0.000165341796530582,-0.0302817720233912,1.08441604134229,1.7212518662062e-08,1.02598167490779e-10,0.0146313320969064,0.0071361616861949,0.688679980578029,1.95150412019741e-05,0.0119028225165251,0.383828617662725,6.91278065313325,8.47253125521744,-2.54408330304431,2.82526104474883,7.25306755977712e-06
"Bcell","cg18158719","LM38","CpG ~ as.numeric(LM) +Age + Gender",47,16.7953514143181,0.0851063829787234,0.650716519170446,"116769,116815","10-129-09,10-061-09",4.13519763971873,0.000158841804813413,-0.0206129798573854,0.559487280234859,1.34918511439917e-05,4.02476262319939e-08,0.163772534455984,0.239621263183754,0.841836392159216,2.3855015887814e-05,0.014549906264754,0.469188749220564,4.91211555859734,6.65863336920079,-1.4167087733973,1.19245672698739,0.000214714431460457
"Bcell","cg09518246","LM38","CpG ~ as.numeric(LM) +Age + Gender",47,24.3695322217875,0.0851063829787234,0.650716519170446,"116769,116815","10-129-09,10-061-09",4.98641517293679,0.000138581267411993,-0.0252149143204712,1.04013981929899,2.18306619383832e-06,3.0943970108732e-06,0.117180592380145,0.0469782556554466,0.912476268806696,2.58567295170107e-05,0.0157708128368,0.508559149072627,5.46470669254538,5.35958220550756,-1.59883416165045,2.04526812897913,0.00661422526078817
"Bcell","cg04294990","LM38","CpG ~ as.numeric(LM) +Age + Gender",47,59.8962033414628,0.0851063829787234,0.650716519170446,"116769,116815","10-129-09,10-061-09",-5.13612844440637,-0.00017575403315505,0.0365876036795876,-0.655652018677727,0.000378986910354807,3.07713948437419e-05,0.119207375791789,0.381893746995469,1.33155856446743,3.77322137730983e-05,0.0230140351254467,0.742130303697115,-3.85723060289175,-4.65793060041328,1.58979524799337,-0.883472909557023,0.0394089855518367
"Bcell","cg02527726","LM38","CpG ~ as.numeric(LM) +Age + Gender",47,-35.3532891726674,0.0851063829787234,0.650716519170446,"116769,116815","10-129-09,10-061-09",-5.27030976983461,-6.36922697472441e-05,0.0198356680948768,-0.487630730925475,5.8690962125882e-14,3.15799949710068e-05,0.0221206104406377,0.0772883898971235,0.483384747177762,1.36976150369033e-05,0.00835459577033594,0.269409456555946,-10.9029293965217,-4.64988025839887,2.37422236097956,-1.80999856931233,0.0401497372866056
"Bcell","cg04407811","LM38","CpG ~ as.numeric(LM) +Age + Gender",47,-107.875271247953,0.0851063829787234,0.650716519170446,"116769,116815","10-129-09,10-061-09",-5.07889581468665,-3.85089723636396e-05,0.0143280364641078,-0.444030469286147,1.38343768453334e-25,2.78697642084836e-07,0.000591012826300985,0.000906763454963505,0.223475651648944,6.33260247511003e-06,0.00386244858767283,0.124551827950184,-22.7268419499456,-6.08106580430355,3.70957338042928,-3.56502571334193,0.000939053170925209
"Bcell","cg15646610","LM38","CpG ~ as.numeric(LM) +Age + Gender",47,13.7937105995676,0.0851063829787234,0.650716519170446,"116769,116815","10-129-09,10-061-09",-4.811938603244,-0.000154114094458682,0.0196638920815079,-0.550161277846502,5.0849816882764e-07,3.87358714520942e-08,0.170080926135079,0.232650692717329,0.815379246119672,2.31053029447792e-05,0.0140926333332276,0.454443134307908,-5.90147299694424,-6.67007460698564,1.39533127816108,-1.21062732894924,0.00020862316845571
"Bcell","cg02537769","LM38","CpG ~ as.numeric(LM) +Age + Gender",47,-51.2159154438486,0.0851063829787234,0.650716519170446,"116769,116815","10-129-09,10-061-09",2.83395350000203,5.62562422723665e-05,0.000237426994170702,0.623239933392935,1.56945680920048e-08,1.58868731317717e-05,0.973317659166805,0.00894187888175641,0.408324242684753,1.15706346118406e-05,0.00705728513524062,0.227575265795185,6.94044879963197,4.86198416591583,0.0336428229298981,2.73861015262459,0.0236743829798828
"Bcell","cg12632487","LM38","CpG ~ as.numeric(LM) +Age + Gender",47,39.6689753444069,0.0851063829787234,0.650716519170446,"116769,116815","10-129-09,10-061-09",3.05982452219719,0.000175868871490581,-0.0302559178132966,0.792520891367679,0.00669297976565068,7.63232053331113e-07,0.110340206337805,0.192402580995961,1.07376034912314,3.04270169674405e-05,0.0185583714081067,0.598449152186856,2.84963448752406,5.78002344688523,-1.63031104119838,1.32429110889646,0.00213080370742128
"Bcell","cg17122837","LM38","CpG ~ as.numeric(LM) +Age + Gender",47,15.2135152343599,0.0851063829787234,0.650716519170446,"116769,116815","10-129-09,10-061-09",-5.35029317323188,-0.000125099681233744,0.0239640376421161,-0.113160171408965,7.73976487475914e-08,3.37745324571528e-06,0.101198050311689,0.807409903857719,0.827788463015394,2.34569414210436e-05,0.0143071084311604,0.461359282158416,-6.46335798609987,-5.3331625376152,1.67497421001739,-0.245275592764837,0.00708638384295406
"Bcell","cg00450497","LM38","CpG ~ as.numeric(LM) +Age + Gender",47,-71.4141040643994,0.0851063829787234,0.650716519170446,"116769,116815","10-129-09,10-061-09",3.79723339587713,4.66260975606423e-05,-0.00830755837098783,0.303450734869097,9.68802920853478e-15,1.02683417477179e-05,0.151740637525926,0.105607836694808,0.329371806700904,9.33336899548299e-06,0.0056927081774869,0.183571947535011,11.5287141116037,4.99563422202719,-1.45933325791087,1.65303434944069,0.0176333993096021
"Bcell","cg19931206","LM38","CpG ~ as.numeric(LM) +Age + Gender",47,19.8070300681084,0.0851063829787234,0.650716519170446,"116769,116815","10-129-09,10-061-09",3.79354337465259,0.000144885321828265,-0.0085491875821053,0.633651137420798,7.86504166341076e-05,5.42600633654605e-07,0.572282942723086,0.197842641524995,0.86924482840319,2.46316854261588e-05,0.0150236208510176,0.48446455582524,4.36418285239771,5.88207097165981,-0.569049742860507,1.30794116886721,0.00162068174854402
"Bcell","cg27102761","LM38","CpG ~ as.numeric(LM) +Age + Gender",47,13.8426532489183,0.0851063829787234,0.650716519170446,"116769,116815","10-129-09,10-061-09",3.72084511735547,0.000158040631229057,-0.0266342238564985,1.00722515281002,4.20246945295704e-05,2.22087263318283e-08,0.0656541337026846,0.0320901109717775,0.815803897304841,2.31173362339828e-05,0.0140999728055966,0.454679809225126,4.56095531002974,6.83645510146341,-1.88895568975331,2.21524055472477,0.000144672931117513
"Bcell","cg22441006","LM38","CpG ~ as.numeric(LM) +Age + Gender",47,-9.61891757206946,0.0851063829787234,0.650716519170446,"116769,116815","10-129-09,10-061-09",-5.60530641196624,-0.000107274867232149,0.0157449406077117,-0.985586918740874,3.39169544659205e-11,4.2364676839303e-07,0.159020677512037,0.00798678712718328,0.63560851108585,1.80111613985858e-05,0.0109855600726155,0.354249786642525,-8.81880326364785,-5.9560216500293,1.43323968042013,-2.78218069820726,0.00131714668794087
"Bcell","cg06736470","LM38","CpG ~ as.numeric(LM) +Age + Gender",47,-5.36256365169542,0.0851063829787234,0.650716519170446,"116769,116815","10-129-09,10-061-09",-4.99549361600889,-0.000154560282587741,0.0276473805255108,-0.654215792478451,2.35683818002796e-09,2.46197477721781e-10,0.0205347440895375,0.0846641286474641,0.665050638621806,1.88454594007663e-05,0.0114944240275039,0.370659049917015,-7.51144849114215,-8.20146006000028,2.40528629006169,-1.76500693190931,9.35543576523942e-06
