"cellType","CpG","LM","formula","nObs","AIC","meanLeverage","maxLeverage","OutlierLabIDs","OutlierIDs","Intercept.betaEstimate","LM.betaEstimate","Age.betaEstimate","Gender.betaEstimate","Intercept.pval","LM.pval","Age.pval","Gender.pval","Intercept.stdError","LM.stdError","Age.stdError","Gender.stdError","Intercept.tStat","LM.tStat","Age.tStat","Gender.tStat","FDR"
"Bcell","cg19928764","LM41","CpG ~ as.numeric(LM) +Age + Gender",47,-4.75999695777132,0.0851063829787234,0.528734159096149,"116769,116815","10-129-09,10-061-09",-4.60349552016549,-0.000225208911897569,0.0208193754807873,-0.964791839850864,2.48507463834182e-08,1.10799809895815e-06,0.0778814977882743,0.0164327068154747,0.676704689393023,3.97307293658292e-05,0.0115262974862866,0.386376624659271,-6.80281309162293,-5.66838101117926,1.80625005606156,-2.49702434949752,0.00676665321157928
"Bcell","cg14341579","LM41","CpG ~ as.numeric(LM) +Age + Gender",47,33.8277896932994,0.0851063829787234,0.528734159096149,"116769,116815","10-129-09,10-061-09",-5.51750660833484,-0.000308243796068174,0.0475583590471917,-1.70087227097509,2.63260721366643e-06,6.26276878409766e-06,0.00898193530322833,0.00555342993582227,1.02018916160566,5.98974118504528e-05,0.0173768616551179,0.582495216826009,-5.40831721800586,-5.14619557916415,2.73687849918427,-2.91997637378565,0.0221953499195797
"Bcell","cg07095230","LM41","CpG ~ as.numeric(LM) +Age + Gender",47,2.67632037728274,0.0851063829787234,0.528734159096149,"116769,116815","10-129-09,10-061-09",-6.5821789770553,-0.000318606935237653,0.0509213834043259,-1.74102237590532,1.99080807269566e-11,3.30456812328589e-09,0.000190411479416951,0.000147832718614417,0.732413124061643,4.30014865748537e-05,0.0124751781436111,0.418184350081744,-8.98697573925684,-7.40920746270123,4.08181613265411,-4.16328917035033,0.000423926025010554
"Bcell","cg14232643","LM41","CpG ~ as.numeric(LM) +Age + Gender",47,16.4950465316802,0.0851063829787234,0.528734159096149,"116769,116815","10-129-09,10-061-09",-4.94710317185705,-0.000242448689966645,0.0141613024665708,-0.849911964479691,6.43456273885599e-07,1.56121791391914e-05,0.33258367474661,0.086463343151705,0.848400198737792,4.98113271835034e-05,0.0144507836747041,0.484409241263849,-5.83109619636713,-4.86734049613799,0.979967784817093,-1.75453292811307,0.0391454163714304
"Bcell","cg19878733","LM41","CpG ~ as.numeric(LM) +Age + Gender",47,-21.1623278400095,0.0851063829787234,0.528734159096149,"116769,116815","10-129-09,10-061-09",-4.86754880045145,-0.000161592839861892,0.020638147309758,-0.789587470676223,7.64145361316896e-11,1.69224441200402e-05,0.0387708783968661,0.0191998741891965,0.568352651445105,3.33691575259679e-05,0.00968073938360321,0.324511094017211,-8.56431088704367,-4.84258074948822,2.13187717300953,-2.4331601761336,0.0416229559836784
"Bcell","cg13401339","LM41","CpG ~ as.numeric(LM) +Age + Gender",47,-37.6627606236935,0.0851063829787234,0.528734159096149,"116769,116815","10-129-09,10-061-09",-4.41449597803135,-0.000148097757787739,0.0127989792965078,-0.718661032145176,8.50510120919035e-12,3.89893929179745e-06,0.122401307357578,0.0115188475037266,0.476851714891133,2.79969486379128e-05,0.00812220575508513,0.272267000584673,-9.25758645754098,-5.28978210101043,1.57580091941092,-2.63954511785088,0.0158741367910297
"Bcell","cg11167100","LM41","CpG ~ as.numeric(LM) +Age + Gender",47,24.7634485994842,0.0851063829787234,0.528734159096149,"116769,116815","10-129-09,10-061-09",-5.06563709212303,-0.000323451395541177,0.0269152285633372,-1.61740289516984,2.15898917693822e-06,4.37002411361802e-07,0.0952765893705118,0.00382706731514788,0.926407480013036,5.43912957125982e-05,0.0157794801418165,0.528948891292002,-5.46804424771241,-5.94674922344714,1.70571072820139,-3.05776781423854,0.00367616268309987
"Bcell","cg21959334","LM41","CpG ~ as.numeric(LM) +Age + Gender",47,9.08083073274846,0.0851063829787234,0.528734159096149,"116769,116815","10-129-09,10-061-09",4.79469808396993,0.000249345551901286,-0.0203393611966014,0.642691755247619,2.48524602061406e-07,2.56106267031493e-06,0.135079118341097,0.158340162898017,0.784053941393754,4.60334255724875e-05,0.0133547751559191,0.447669596760504,6.11526558421064,5.41661952810027,-1.52300289290805,1.43563860467265,0.0116010202727289
"Bcell","cg19533957","LM41","CpG ~ as.numeric(LM) +Age + Gender",47,-6.23510927781612,0.0851063829787234,0.528734159096149,"116769,116815","10-129-09,10-061-09",-5.48184043026474,-0.000278734288262628,0.0255160645117354,-0.774779676941425,2.25236702675497e-10,8.44267297878796e-09,0.0297070190169304,0.0478399026807657,0.666168264983087,3.91121141363557e-05,0.0113468307793252,0.380360665019417,-8.22891260123884,-7.12654619719309,2.24873931831501,-2.03696056978414,0.000443521285096002
"Bcell","cg16252642","LM41","CpG ~ as.numeric(LM) +Age + Gender",47,-8.81530841569358,0.0851063829787234,0.528734159096149,"116769,116815","10-129-09,10-061-09",-6.56356532298777,-0.000231952856649301,0.0162372636170831,-0.559521526497847,5.87887160377649e-13,2.65540494543902e-07,0.148620614149978,0.137857652144061,0.648131340490109,3.80531290622827e-05,0.01103960820395,0.370062160939178,-10.1269062502432,-6.09550022206206,1.4708188295372,-1.51196632770517,0.00298778946564007
"Bcell","cg26995744","LM41","CpG ~ as.numeric(LM) +Age + Gender",47,-5.12312516678351,0.0851063829787234,0.528734159096149,"116769,116815","10-129-09,10-061-09",-6.68293204606434,-0.000285511314235478,0.0423411877910664,-1.8269760488254,1.12151310765127e-12,6.31329703825433e-09,0.000630922067015415,2.30933523323943e-05,0.674095577310172,3.95775430089535e-05,0.0114818565321844,0.384886905531074,-9.91392359037733,-7.21397268574474,3.68766041209286,-4.74678671207197,0.00042419102831868
"Bcell","cg17880199","LM41","CpG ~ as.numeric(LM) +Age + Gender",47,4.67596213371305,0.0851063829787234,0.528734159096149,"116769,116815","10-129-09,10-061-09",-6.25459536169287,-0.000264048346749886,0.0369256271497004,-1.16548934346152,1.47437247777719e-10,3.52180014650778e-07,0.00589422560607118,0.00918137925726038,0.748160492059796,4.3926047060344e-05,0.0127434027488456,0.427175591002287,-8.35996477770839,-6.01120210947154,2.89762694293292,-2.72836128283201,0.00329985437152135
"Bcell","cg26785617","LM41","CpG ~ as.numeric(LM) +Age + Gender",47,-79.5494968388776,0.0851063829787234,0.528734159096149,"116769,116815","10-129-09,10-061-09",-4.35534128465293,-9.1485288944703e-05,0.011302942102091,-0.673679108176318,6.63872245932171e-18,7.2365467426235e-06,0.0353434910210003,0.000371844794893024,0.305393770748622,1.79302987637146e-05,0.00520176601002243,0.174370026073941,-14.2613952929575,-5.1022735399056,2.17290475586815,-3.86350293880581,0.0242635381824547
"Bcell","cg20979233","LM41","CpG ~ as.numeric(LM) +Age + Gender",47,23.4211292464222,0.0851063829787234,0.528734159096149,"116769,116815","10-129-09,10-061-09",-3.86020369070227,-0.00031670037891629,-0.00248848942192516,-0.427603666286861,0.000121227336637789,5.00228364574435e-07,0.873652001267231,0.416721879225209,0.913272395240508,5.36201077683227e-05,0.0155557505046959,0.521449180120243,-4.22678240448261,-5.90637341283726,-0.159972315136705,-0.820029415308043,0.00402533764973048
"Bcell","cg25245322","LM41","CpG ~ as.numeric(LM) +Age + Gender",47,3.37371819882101,0.0851063829787234,0.528734159096149,"116769,116815","10-129-09,10-061-09",-5.49666607913364,-0.000283544237508775,0.0276588747912844,-1.1680076960977,2.89318672324929e-09,5.88615930508899e-08,0.0331744223243356,0.00819257733025097,0.737867196344639,4.33217064184782e-05,0.0125680772480963,0.421298450031667,-7.44939754248986,-6.54508469195094,2.20072444219532,-2.77239969909669,0.00129379455298648
"Bcell","cg08664237","LM41","CpG ~ as.numeric(LM) +Age + Gender",47,-27.3200098525094,0.0851063829787234,0.528734159096149,"116769,116815","10-129-09,10-061-09",-5.9910879934255,-0.000177682545585901,0.0254245985414396,-0.847264652917638,2.11825673399417e-14,1.04738808576891e-06,0.00754269413491306,0.00787371609679246,0.532314689369036,3.12532943723896e-05,0.00906690549387376,0.303934576128677,-11.2547861501377,-5.68524212099934,2.80410979894058,-2.78765471079187,0.00663340938634727
"Bcell","cg01364222","LM41","CpG ~ as.numeric(LM) +Age + Gender",47,-32.8134830302718,0.0851063829787234,0.528734159096149,"116769,116815","10-129-09,10-061-09",-4.38171605802297,-0.000142451931451238,0.0352817456645007,-1.24358971762316,4.54515172424788e-11,1.74982311731782e-05,0.000166307203649375,8.54700270926913e-05,0.502097152484897,2.94791603980521e-05,0.00855221079042515,0.286681333924485,-8.72682913324183,-4.83229269516953,4.12545323415102,-4.33788171904743,0.0427453665403501
"Bcell","cg06008480","LM41","CpG ~ as.numeric(LM) +Age + Gender",47,-46.479251592569,0.0851063829787234,0.528734159096149,"116769,116815","10-129-09,10-061-09",-4.86086192598874,-0.000122042910483418,0.00916964760644032,-0.389047577496422,2.50853436697537e-14,2.02192122714929e-05,0.221709602917988,0.123878686929696,0.434159993677817,2.54904295487528e-05,0.00739503851859433,0.247891400116925,-11.1960152864658,-4.78779340497186,1.23997293366138,-1.56942748846033,0.0462588538767271
"Bcell","cg10558887","LM41","CpG ~ as.numeric(LM) +Age + Gender",47,12.6462054378882,0.0851063829787234,0.528734159096149,"116769,116815","10-129-09,10-061-09",-4.63965681150153,-0.000250765287777417,0.0169662270639475,-0.927307210903638,1.00615611758525e-06,4.52534417214598e-06,0.227937998099389,0.0524828244512313,0.814363917280595,4.78129868315132e-05,0.0138710443710582,0.464975618663745,-5.69727699502543,-5.2447107866547,1.22313984514009,-1.99431362351546,0.0179960045757383
"Bcell","cg15979017","LM41","CpG ~ as.numeric(LM) +Age + Gender",47,-84.8947762872008,0.0851063829787234,0.528734159096149,"116769,116815","10-129-09,10-061-09",-5.21845894966691,-8.80850354655122e-05,0.0142289626266029,-0.871277328556907,1.01744174488926e-21,5.24356547215667e-06,0.00592819421657581,3.90793236264666e-06,0.288512184945579,1.69391460093155e-05,0.00491422229552465,0.164731183246761,-18.0874819919694,-5.2000871482583,2.89546580738953,-5.289085596209,0.0198153180393801
"Bcell","cg26046204","LM41","CpG ~ as.numeric(LM) +Age + Gender",47,-7.58716755173905,0.0851063829787234,0.528734159096149,"116769,116815","10-129-09,10-061-09",-4.94961709058922,-0.000304365972116484,0.0193794850602336,-0.951927248471004,2.16174792554229e-09,6.68835860179624e-10,0.0903230913164663,0.0148185298664624,0.656654949888745,3.85535677670019e-05,0.0111847906729436,0.374928867910446,-7.5376224475698,-7.89462531602565,1.73266408169026,-2.53895426558186,0.000423926025010554
"Bcell","cg04170192","LM41","CpG ~ as.numeric(LM) +Age + Gender",47,16.5707786539509,0.0851063829787234,0.528734159096149,"116769,116815","10-129-09,10-061-09",-6.33488071903507,-0.000252744569492007,0.028263944298472,-1.2519769392651,2.78577096225253e-09,8.04742173472821e-06,0.0571884949780336,0.013297656703237,0.84908399700221,4.98514743913036e-05,0.0144624307969124,0.484799668091822,-7.46084102562421,-5.06995174321458,1.95430109193719,-2.5824624513315,0.025365881241684
"Bcell","cg16643618","LM41","CpG ~ as.numeric(LM) +Age + Gender",47,21.2050230245247,0.0851063829787234,0.528734159096149,"116769,116815","10-129-09,10-061-09",-4.83267402360407,-0.000269701758130994,0.011919452726291,-1.09365230173773,2.55073596280522e-06,6.18778669271772e-06,0.437035785282643,0.0374440451306903,0.891993271904148,5.23707665066605e-05,0.0151933036210452,0.509299484722409,-5.41783685575084,-5.14985317422637,0.784520142793736,-2.14736581234481,0.0220504289392344
"Bcell","cg16246366","LM41","CpG ~ as.numeric(LM) +Age + Gender",47,7.8747258545333,0.0851063829787234,0.528734159096149,"116769,116815","10-129-09,10-061-09",-6.36381707063174,-0.000239403835438783,0.0306205170622348,-0.797511453113803,2.30810259382747e-10,4.19275105859892e-06,0.0250093093049287,0.0781631298086976,0.774058086415295,4.54465482903374e-05,0.0131845159573094,0.44196228488917,-8.22136888990195,-5.26781118577677,2.32246046509269,-1.80447852765037,0.0168695338842728
"Bcell","cg14033944","LM41","CpG ~ as.numeric(LM) +Age + Gender",47,31.849108083321,0.0851063829787234,0.528734159096149,"116769,116815","10-129-09,10-061-09",-5.95600514457951,-0.000319793774924894,0.0464578436230355,-0.950325670024063,4.14790880409812e-07,2.27265130784116e-06,0.00913279057139507,0.102947070776597,0.998938821743369,5.86497605259765e-05,0.0170149050398074,0.570361955866611,-5.96233224191344,-5.45260154614364,2.73042038814466,-1.66617997615239,0.0107146424404128
"Bcell","cg22580625","LM41","CpG ~ as.numeric(LM) +Age + Gender",47,18.6874113933292,0.0851063829787234,0.528734159096149,"116769,116815","10-129-09,10-061-09",-7.034076037696,-0.000288762690558955,0.0483602143382051,-1.40707501422526,3.42442107338464e-10,1.12623541782956e-06,0.00212533420567509,0.00690558202533877,0.868420016311879,5.09867320040357e-05,0.0147917808284066,0.495839913552389,-8.09985480017981,-5.6634869349167,3.26939770803883,-2.83776068801003,0.00681716278423301
"Bcell","cg18621091","LM41","CpG ~ as.numeric(LM) +Age + Gender",47,-19.5468763943134,0.0851063829787234,0.528734159096149,"116769,116815","10-129-09,10-061-09",-5.43054729040228,-0.000191067697868879,0.0236267045210898,-1.38771414479288,5.591221398945e-12,1.26638733509451e-06,0.0208469325690157,0.000130407900281348,0.57820457669066,3.39475843963574e-05,0.0098485470299412,0.330136226637745,-9.39208631222515,-5.6283149822401,2.39900408144072,-4.20345915662143,0.00734070004464381
"Bcell","cg25219173","LM41","CpG ~ as.numeric(LM) +Age + Gender",47,22.3248242823072,0.0851063829787234,0.528734159096149,"116769,116815","10-129-09,10-061-09",-5.71345909527001,-0.000292250900420916,0.0266607388281905,-1.55447781187694,1.21244068455215e-07,1.85101101267957e-06,0.0900852526556857,0.00428772071380179,0.902682936312337,5.29983787727943e-05,0.0153753804618425,0.515402939475295,-6.32941962834789,-5.51433661157456,1.7339888853063,-3.01604374522868,0.00920998917126327
"Bcell","cg06085875","LM41","CpG ~ as.numeric(LM) +Age + Gender",47,33.2824955026712,0.0851063829787234,0.528734159096149,"116769,116815","10-129-09,10-061-09",6.05090944160442,0.000283023127048311,-0.032756659663843,0.819183432779636,4.10180576389746e-07,2.26611100832447e-05,0.0646873152619636,0.164410829019758,1.01428817457728,5.9550952719475e-05,0.0172763502606826,0.579125942922754,5.96567089439469,4.75262131206431,-1.89604049290378,1.41451689876877,0.0496797627929133
"Bcell","cg25405984","LM41","CpG ~ as.numeric(LM) +Age + Gender",47,-1.64711421841365,0.0851063829787234,0.528734159096149,"116769,116815","10-129-09,10-061-09",-5.25026953291668,-0.000288968155314817,0.0108296357831385,-0.996187360674917,2.40074328018755e-09,1.14033824584126e-08,0.36844091461943,0.0165430417077916,0.69948947451221,4.10684711391882e-05,0.0119143902770731,0.399386004534907,-7.50585923623507,-7.03625305006981,0.908954258782173,-2.49429711948719,0.000443521285096002
"Bcell","cg16915821","LM41","CpG ~ as.numeric(LM) +Age + Gender",47,-22.556961190261,0.0851063829787234,0.528734159096149,"116769,116815","10-129-09,10-061-09",-4.59477910679927,-0.000163115832177062,0.0204101370034696,-1.21353379449888,2.43215109639476e-10,1.14898364562941e-05,0.0380838714723258,0.000456772162877223,0.559982518502245,3.28777297408183e-05,0.0095381710760218,0.31973201716862,-8.20521883270334,-4.96128636201272,2.13983758949124,-3.79547161164935,0.032341525460588
"Bcell","cg21467930","LM41","CpG ~ as.numeric(LM) +Age + Gender",47,15.5142016643549,0.0851063829787234,0.528734159096149,"116769,116815","10-129-09,10-061-09",4.43217362838621,0.000298593276918381,-0.0120115379441593,0.822807830206701,4.04113309980492e-06,3.01730443990227e-07,0.405598123895365,0.0932864126923447,0.839593576353254,4.92942722021039e-05,0.0143007806511628,0.479380942975214,5.27895133218766,6.05736252062237,-0.839921836237849,1.71639661998254,0.0031460587320683
"Bcell","cg07671858","LM41","CpG ~ as.numeric(LM) +Age + Gender",47,11.7906350795452,0.0851063829787234,0.528734159096149,"116769,116815","10-129-09,10-061-09",-5.87356127884533,-0.000261819313559881,0.0340945239528803,-1.48648625229806,5.09759199777858e-09,1.78073118309662e-06,0.0171142205719493,0.00240052100084356,0.806985359804139,4.7379776489096e-05,0.0137453655486319,0.46076269953182,-7.27839880548872,-5.52597190111558,2.48043777608183,-3.22614277112377,0.00918926499719596
"Bcell","cg06548655","LM41","CpG ~ as.numeric(LM) +Age + Gender",47,9.07921077572025,0.0851063829787234,0.528734159096149,"116769,116815","10-129-09,10-061-09",-6.65430275408531,-0.000237057113061189,0.0388956402556248,-0.905697147748624,9.78748316240417e-11,6.18963933410772e-06,0.00566473386486867,0.0493003483637719,0.784040429449622,4.60326322583521e-05,0.013354545007244,0.447661881874752,-8.48719339480552,-5.14976227582939,2.91253953126268,-2.02317236382887,0.0220504289392344
"Bcell","cg13782728","LM41","CpG ~ as.numeric(LM) +Age + Gender",47,-25.7024233309388,0.0851063829787234,0.528734159096149,"116769,116815","10-129-09,10-061-09",-5.75118664872267,-0.000159824795370067,0.0187454751390838,-0.591176739423763,1.34834023209216e-13,9.27741213983692e-06,0.0483411066077172,0.0625679055892759,0.541554226706591,3.17957666844304e-05,0.00922428234918095,0.309210054939235,-10.6197798209386,-5.02660611886833,2.03218791765934,-1.91189364634323,0.0278320329674901
"Bcell","cg17618876","LM41","CpG ~ as.numeric(LM) +Age + Gender",47,23.3764485849943,0.0851063829787234,0.528734159096149,"116769,116815","10-129-09,10-061-09",-4.81244460903284,-0.000261268470268936,0.0277574966332854,-1.02210110608971,4.13568117532897e-06,1.52324279288393e-05,0.081277818245952,0.0563703861055241,0.912838396110391,5.35946267834057e-05,0.0155483582061631,0.521201380568048,-5.27195682120591,-4.87490045083832,1.78523650312371,-1.96104834752306,0.0385885353377275
"Bcell","cg07158797","LM41","CpG ~ as.numeric(LM) +Age + Gender",47,12.2750814233773,0.0851063829787234,0.528734159096149,"116769,116815","10-129-09,10-061-09",-5.37993803316017,-0.000229321314820628,0.00807208951918098,-0.74188293974719,4.39349282187312e-08,1.84985795863688e-05,0.562111475245678,0.116512246347987,0.81115504313898,4.76245872059633e-05,0.0138163876817637,0.463143454679621,-6.63244108344697,-4.81518745409542,0.584240230160547,-1.60184265210093,0.0441336474169275
"Bcell","cg08581937","LM41","CpG ~ as.numeric(LM) +Age + Gender",47,-29.4616691880034,0.0851063829787234,0.528734159096149,"116769,116815","10-129-09,10-061-09",-4.60452981667369,-0.000170677600271712,0.0242325814155519,-0.688002214127014,3.07805901009517e-11,1.45351308537962e-06,0.00904347053711209,0.0254034805409454,0.520323756183217,3.05492819298619e-05,0.00886266416792416,0.297088138733649,-8.84935535223255,-5.58695947955733,2.73423216274568,-2.31581852126327,0.00795356546267387
"Bcell","cg03207439","LM41","CpG ~ as.numeric(LM) +Age + Gender",47,9.84196850340935,0.0851063829787234,0.528734159096149,"116769,116815","10-129-09,10-061-09",-5.17726521314685,-0.000274917133726065,0.036422600457737,-1.10779073941092,5.79105311952003e-08,4.71642664397187e-07,0.00974173892718036,0.0182263805745796,0.790428363755461,4.64076810692886e-05,0.0134633505649504,0.451309187020294,-6.54994867409461,-5.9239575732216,2.70531471954367,-2.45461597341936,0.00384049076469469
"Bcell","cg26274580","LM41","CpG ~ as.numeric(LM) +Age + Gender",47,13.127542318664,0.0851063829787234,0.528734159096149,"116769,116815","10-129-09,10-061-09",-4.27799562974458,-0.000350190053241644,0.0372186579180441,-1.79924980621467,4.80833373733961e-06,4.95823536734104e-09,0.0106757929484638,0.000387627309174429,0.818544648121359,4.80584461702608e-05,0.0139422546761382,0.467362681582302,-5.22634365707845,-7.28675355006268,2.66948630494771,-3.84979348398793,0.000423926025010554
"Bcell","cg24018765","LM41","CpG ~ as.numeric(LM) +Age + Gender",47,9.6305594461064,0.0851063829787234,0.528734159096149,"116769,116815","10-129-09,10-061-09",-4.96685372323581,-0.000246224609718094,0.017477385563582,-0.508104167001926,1.34754991430014e-07,3.55566997080433e-06,0.200163944638512,0.265415992289403,0.788652662210832,4.63034259656814e-05,0.0134331050759342,0.450295318519055,-6.2978976185945,-5.3176326499164,1.30106817930675,-1.12837985674156,0.0150127190227179
"Bcell","cg14203032","LM41","CpG ~ as.numeric(LM) +Age + Gender",47,-59.2424852741482,0.0851063829787234,0.528734159096149,"116769,116815","10-129-09,10-061-09",-4.98998400993201,-0.00010604142226723,0.0150897775928899,-0.702816053482888,1.10579086375327e-16,2.17674875656508e-05,0.02414959949467,0.00226071710721679,0.379037078774187,2.22540494139318e-05,0.00645613100775619,0.216417987658459,-13.1648967590973,-4.7650394000134,2.33727871611674,-3.24749370921995,0.0483404307060627
"Bcell","cg21183329","LM41","CpG ~ as.numeric(LM) +Age + Gender",47,-67.8399252961015,0.0851063829787234,0.528734159096149,"116769,116815","10-129-09,10-061-09",-4.96789886938195,-9.77332679910438e-05,0.0110841010692413,-0.804384718168195,5.16619110934403e-18,1.86714520239035e-05,0.0667177658406418,0.000195805796207588,0.345907675480978,2.03089537511923e-05,0.0058918385418015,0.197502163337976,-14.3619214649521,-4.81232412010915,1.88126354627705,-4.07278940429473,0.0441909336577504
"Bcell","cg13939958","LM41","CpG ~ as.numeric(LM) +Age + Gender",47,5.25861626113033,0.0851063829787234,0.528734159096149,"116769,116815","10-129-09,10-061-09",-4.79578784345715,-0.000307481590414766,0.0247859629633565,-1.06335072561304,1.05650479468574e-07,1.4865000650596e-08,0.0598405926482732,0.017390791165757,0.752812328277108,4.41991659683421e-05,0.0128226373824142,0.429831639946953,-6.37049589030087,-6.95672833815467,1.93298478496706,-2.47387727377229,0.000535136111579179
"Bcell","cg10730421","LM41","CpG ~ as.numeric(LM) +Age + Gender",47,18.713981249166,0.0851063829787234,0.528734159096149,"116769,116815","10-129-09,10-061-09",-2.68089550336308,-0.000322342054821574,0.0150647200948253,-1.12415226242156,0.00354004772017723,1.250112429246e-07,0.314294576167817,0.0285067354647962,0.868665516907019,5.10011458508104e-05,0.0147959624351503,0.495980086500485,-3.0862230066513,-6.32029044532637,1.01816425669185,-2.26652700989127,0.00198853639777237
"Bcell","cg05786429","LM41","CpG ~ as.numeric(LM) +Age + Gender",47,-36.9908200676238,0.0851063829787234,0.528734159096149,"116769,116815","10-129-09,10-061-09",-3.44644127354703,-0.000151590791809761,0.0114053471634558,-0.600963143729257,7.16211919724232e-09,2.93068374367655e-06,0.170415153407363,0.033877527384577,0.480272608035914,2.81977963368501e-05,0.0081804737598346,0.274220220604156,-7.17601049046152,-5.3759800942904,1.39421597065136,-2.19153475409373,0.0129327292081035
"Bcell","cg01521060","LM41","CpG ~ as.numeric(LM) +Age + Gender",47,-76.1326282767307,0.0851063829787234,0.528734159096149,"116769,116815","10-129-09,10-061-09",1.75494136148344,-0.000103567114119795,0.00940617688998528,-0.319758924945972,1.69186860443009e-06,1.53845945467239e-06,0.0883548186199503,0.0840991505698459,0.316698957286556,1.85940496048263e-05,0.00539432702698697,0.18082492417667,5.54135503482423,-5.56990630448314,1.74371647156868,-1.7683343510409,0.00822108261483314
"Bcell","cg10332700","LM41","CpG ~ as.numeric(LM) +Age + Gender",47,22.989685607747,0.0851063829787234,0.528734159096149,"116769,116815","10-129-09,10-061-09",-5.69999204814323,-0.000264291417337224,0.0333646099191777,-0.978156662665785,1.47965366504722e-07,1.18581255977329e-05,0.0368291720379684,0.0662722985033289,0.909090238934189,5.33745647375496e-05,0.0154845159196895,0.519061303306677,-6.26999587502541,-4.9516360205799,2.15470797357976,-1.8844723280939,0.0325793209094565
"Bcell","cg26942943","LM41","CpG ~ as.numeric(LM) +Age + Gender",47,-42.0054171477364,0.0851063829787234,0.528734159096149,"116769,116815","10-129-09,10-061-09",-5.02123176181713,-0.000161164205689811,0.0132695569731117,-0.0392025695423798,4.07984917792171e-14,3.32166176541352e-07,0.0942899513849188,0.880843618923831,0.455323018868995,2.67329544486277e-05,0.00775550790485215,0.259974807205889,-11.0278451862365,-6.02867169057268,1.71098490723086,-0.150793724837088,0.00320000005525918
"Bcell","cg20907105","LM41","CpG ~ as.numeric(LM) +Age + Gender",47,12.9850990649105,0.0851063829787234,0.528734159096149,"116769,116815","10-129-09,10-061-09",-5.17247152230271,-0.000313238009876379,0.0324402784584901,-1.12948962986144,1.21540800634991e-07,6.23822372517993e-08,0.0245517976561029,0.0198011183302,0.817305202744656,4.79856757733692e-05,0.0139211432277416,0.466654998114747,-6.32869031658264,-6.52773988962385,2.33028839139046,-2.42039544079565,0.00129379455298648
"Bcell","cg08689015","LM41","CpG ~ as.numeric(LM) +Age + Gender",47,7.66952124216971,0.0851063829787234,0.528734159096149,"116769,116815","10-129-09,10-061-09",-5.74216322515809,-0.000292460510591956,0.0385532570709445,-1.5771068964957,3.03958991766634e-09,8.11230638155257e-08,0.00539909835046342,0.000877428386679542,0.772370139188918,4.53474454239228e-05,0.0131557651858468,0.44099852128275,-7.43447077224924,-6.44932714197986,2.93052183026349,-3.57621810592088,0.00146020447459212
"Bcell","cg01246716","LM41","CpG ~ as.numeric(LM) +Age + Gender",47,15.9118246181425,0.0851063829787234,0.528734159096149,"116769,116815","10-129-09,10-061-09",-4.38205159996586,-0.000272920032338622,0.00799217474482808,-0.641812956763852,5.29335114344317e-06,1.85816929310058e-06,0.580751321904923,0.189491318326843,0.843152605660051,4.95032301602942e-05,0.0143614015264065,0.481413034302757,-5.19722238957611,-5.51317624031587,0.556503815462074,-1.33318566601215,0.00920998917126327
"Bcell","cg09853043","LM41","CpG ~ as.numeric(LM) +Age + Gender",47,-0.703751171932941,0.0851063829787234,0.528734159096149,"116769,116815","10-129-09,10-061-09",-4.51886959773841,-0.000275611175905374,0.00995434779689197,-0.137612626985173,9.70831095790345e-08,4.22672881030603e-08,0.41272071938095,0.734674632223077,0.706544738267337,4.14827002397889e-05,0.0120345624439879,0.40341433334438,-6.39573030976079,-6.6440027845877,0.827146632311906,-0.341119825476548,0.0010325219187876
"Bcell","cg17976824","LM41","CpG ~ as.numeric(LM) +Age + Gender",47,12.7488238368223,0.0851063829787234,0.528734159096149,"116769,116815","10-129-09,10-061-09",4.15655025187893,0.000252605159069911,-0.0102375868037145,0.871297785664872,7.32745530885656e-06,4.06155487285769e-06,0.464974842217111,0.068044702869474,0.815253431677494,4.78652120581507e-05,0.0138861954520507,0.465483502790524,5.09847624109507,5.27742692883143,-0.737249222730951,1.87181238527582,0.0164383622796467
"Bcell","cg11996362","LM41","CpG ~ as.numeric(LM) +Age + Gender",47,24.8472614750369,0.0851063829787234,0.528734159096149,"116769,116815","10-129-09,10-061-09",3.73702648331035,0.000262784458283319,-0.0086376525204548,0.320915498155441,0.000223260525982521,1.77982292600272e-05,0.587267822357055,0.547593031568395,0.927233857675071,5.44398140511865e-05,0.0157935558160625,0.529420726372733,4.03029554235703,4.82706384772436,-0.546909930927021,0.606163457849786,0.0429334008634705
"Bcell","cg03958163","LM41","CpG ~ as.numeric(LM) +Age + Gender",47,-32.1968459117973,0.0851063829787234,0.528734159096149,"116769,116815","10-129-09,10-061-09",-3.52971854554796,-0.000142233169115471,0.0123886481458192,-0.95522318991963,1.35733839859145e-08,1.98595620959044e-05,0.157357056718515,0.00189331315142203,0.505401721498857,2.96731784671187e-05,0.00860849744857293,0.288568136604562,-6.98398599648605,-4.79332435765458,1.43911852443808,-3.31021713332341,0.0458484407638949
"Bcell","cg02199397","LM41","CpG ~ as.numeric(LM) +Age + Gender",47,-41.1120380983021,0.0851063829787234,0.528734159096149,"116769,116815","10-129-09,10-061-09",-5.52995769174541,-0.000130833226223522,0.00801974091327521,-0.86665997279988,2.37190351335527e-15,1.66382176080221e-05,0.311426805277322,0.00193745630122038,0.459671052810626,2.69882364978231e-05,0.00782956788031451,0.262457394817005,-12.0302500188621,-4.84778715475076,1.02428908413181,-3.30209774963341,0.0413834823738148
"Bcell","cg03246739","LM41","CpG ~ as.numeric(LM) +Age + Gender",47,17.8658096222978,0.0851063829787234,0.528734159096149,"116769,116815","10-129-09,10-061-09",-5.16569201186248,-0.000248886144382807,0.0178840627611024,-1.00836796170751,3.6490959334839e-07,1.29682167988172e-05,0.229238495887157,0.046339854527982,0.860862714666349,5.05430272224362e-05,0.0146630574601111,0.491524937245736,-6.00059907794309,-4.92424292845533,1.21966805420722,-2.05150926290313,0.0342478588776331
"Bcell","cg19033035","LM41","CpG ~ as.numeric(LM) +Age + Gender",47,-19.2025782850461,0.0851063829787234,0.528734159096149,"116769,116815","10-129-09,10-061-09",-4.96834415745223,-0.000173163669884919,0.0152871323096341,-0.843646375767309,7.71570131554917e-11,7.72846414571781e-06,0.129301450009523,0.0145580883741587,0.580326276351792,3.40721537636949e-05,0.00988468589797933,0.331347648941238,-8.56129449916626,-5.08226368916635,1.54654709996998,-2.54610641863019,0.0251725277778583
"Bcell","cg13440645","LM41","CpG ~ as.numeric(LM) +Age + Gender",47,5.46525889203551,0.0851063829787234,0.528734159096149,"116769,116815","10-129-09,10-061-09",-5.46810018755647,-0.000265710606670365,0.0295606492014298,-1.2417334653508,5.64596896310993e-09,3.67527231977213e-07,0.026347051960779,0.00613520864839719,0.754469075454486,4.42964370154676e-05,0.012850856724064,0.430777589328334,-7.24761340849196,-5.99846453965549,2.30028626387809,-2.88253961234824,0.00336873916841844
"Bcell","cg15015122","LM41","CpG ~ as.numeric(LM) +Age + Gender",47,13.2989499578983,0.0851063829787234,0.528734159096149,"116769,116815","10-129-09,10-061-09",4.23338674547792,0.000256373846788118,-0.00711196675637429,0.0455290430683133,5.93679766667564e-06,3.47105418248019e-06,0.613234521956573,0.922988062368156,0.820038614136503,4.81461599992911e-05,0.0139677013694963,0.468215688152722,5.1624236621292,5.32490746493371,-0.509172308903019,0.0972394651019525,0.01474648264314
"Bcell","cg20127965","LM41","CpG ~ as.numeric(LM) +Age + Gender",47,-37.7920244808705,0.0851063829787234,0.528734159096149,"116769,116815","10-129-09,10-061-09",-6.9970414463583,-0.000137921810158979,0.0312646437839383,-0.633489153002289,2.27708521518814e-18,1.25987206141822e-05,0.000382048350959472,0.0245730392548904,0.476196424151164,2.79584751657266e-05,0.00811104420097256,0.271892850636774,-14.6936035037028,-4.93309486091192,3.85457692120448,-2.32992206863349,0.0334628973900715
"Bcell","cg22599769","LM41","CpG ~ as.numeric(LM) +Age + Gender",47,-3.03193817657933,0.0851063829787234,0.528734159096149,"116769,116815","10-129-09,10-061-09",-5.09416035840733,-0.000207067169148504,0.0124274933804971,-1.0724282131076,3.5125506788616e-09,6.89832664098969e-06,0.295716893614765,0.00926016413045475,0.689260012918862,4.0467878330399e-05,0.0117401520616482,0.393545310795864,-7.39076729090188,-5.1168279062695,1.05854620240348,-2.72504380992074,0.023614188844816
"Bcell","cg26757305","LM41","CpG ~ as.numeric(LM) +Age + Gender",47,7.20396367173649,0.0851063829787234,0.528734159096149,"116769,116815","10-129-09,10-061-09",-5.15761933938018,-0.000247327957171737,0.020054889869832,-0.80221568666003,3.38012060580567e-08,2.06700003510245e-06,0.13285050156868,0.0744744232040075,0.76855424797895,4.51234065731079e-05,0.0130907691869262,0.43881977006544,-6.71080714594065,-5.48114550640191,1.53198712646014,-1.8281211134594,0.00995646259866127
"Bcell","cg24810473","LM41","CpG ~ as.numeric(LM) +Age + Gender",47,-47.1953094456081,0.0851063829787234,0.528734159096149,"116769,116815","10-129-09,10-061-09",-6.63442188117239,-0.000124840410789073,0.0316545514218054,-0.498849063885539,4.16515677989344e-19,1.25209488895235e-05,9.23807877689258e-05,0.0488104588495484,0.430865285438802,2.52969904261407e-05,0.00733891981882964,0.246010227622363,-15.3979030230197,-4.93499063272244,4.31324393824124,-2.02775741767653,0.0334541657644126
"Bcell","cg13118906","LM41","CpG ~ as.numeric(LM) +Age + Gender",47,-1.39678963386063,0.0851063829787234,0.528734159096149,"116769,116815","10-129-09,10-061-09",-5.50175012140014,-0.000248337708256837,0.0116716411896691,-0.653421720692028,7.88191720807635e-10,3.29765869339907e-07,0.334024013018457,0.110042967975534,0.701354716708784,4.11779833593271e-05,0.0119461609102291,0.400450997870081,-7.84446156891616,-6.03083706382107,0.977020255911253,-1.63171455226094,0.00320000005525918
"Bcell","cg08168689","LM41","CpG ~ as.numeric(LM) +Age + Gender",47,-106.074283769604,0.0851063829787234,0.528734159096149,"116769,116815","10-129-09,10-061-09",3.72111506405744,7.11418625927803e-05,-0.00452308081807665,0.390051132115391,7.08731389983087e-20,4.2851245526363e-06,0.255276613670851,0.00490635540462801,0.230309351372951,1.35219374909695e-05,0.00392285459138671,0.131499236233702,16.1570298464853,5.26121812353382,-1.15300751345916,2.96618553298809,0.0171403729145056
"Bcell","cg22718431","LM41","CpG ~ as.numeric(LM) +Age + Gender",47,9.57343468437456,0.0851063829787234,0.528734159096149,"116769,116815","10-129-09,10-061-09",-5.50080547541026,-0.000225955701012908,0.0227882403231138,-0.968415155351362,1.37926135148831e-08,1.48425397735223e-05,0.0968381313004925,0.0370607890736586,0.788173535518993,4.62752954484503e-05,0.0134249441205421,0.450021752579764,-6.97918063410758,-4.88285809573314,1.69745513415169,-2.1519296562886,0.0378814290760835
"Bcell","cg08919494","LM41","CpG ~ as.numeric(LM) +Age + Gender",47,-5.49197093670987,0.0851063829787234,0.528734159096149,"116769,116815","10-129-09,10-061-09",-6.79507691135262,-0.000259584564570856,0.0343466939613324,-1.25217264203782,6.00423020050829e-13,5.15536954709532e-08,0.00444029158845806,0.00214495217413854,0.671455682344473,3.94225493254746e-05,0.0114368912538523,0.3833796103663,-10.1199186931098,-6.58467219934743,3.00314947471091,-3.2661430294674,0.00121594723909154
"Bcell","cg09327788","LM41","CpG ~ as.numeric(LM) +Age + Gender",47,31.0393650801464,0.0851063829787234,0.528734159096149,"116769,116815","10-129-09,10-061-09",-6.57709624932377,-0.000291329802397323,0.0518564485587593,-1.77197780372395,4.26877321213379e-08,9.78817658070694e-06,0.00366001619943348,0.00310634012416465,0.9903706331729,5.81467044860456e-05,0.0168689632546686,0.565469795621244,-6.64104531073624,-5.01025475084728,3.07407442744934,-3.13363829057784,0.0286113839329942
"Bcell","cg13259296","LM41","CpG ~ as.numeric(LM) +Age + Gender",47,-12.8010501364424,0.0851063829787234,0.528734159096149,"116769,116815","10-129-09,10-061-09",-5.68907516088953,-0.000200372240711911,0.0392240311078895,-1.54442225944735,1.16245619782066e-11,1.98275773808651e-06,0.000595711339865552,8.11796150799927e-05,0.621224079926575,3.64733482447676e-05,0.0105812973710895,0.354698980103693,-9.15784713554881,-5.49366182033086,3.70692078034384,-4.35417733368124,0.00968711699330345
"Bcell","cg13912930","LM41","CpG ~ as.numeric(LM) +Age + Gender",47,14.8301361251195,0.0851063829787234,0.528734159096149,"116769,116815","10-129-09,10-061-09",-4.35704001571917,-0.000247366761768057,-0.00670962234203201,0.0638142458265116,4.7921272922464e-06,8.45740741424031e-06,0.638884656384224,0.893956814198332,0.833505786105408,4.89368454684572e-05,0.0141970874412137,0.475905010438517,-5.22736625030238,-5.05481625143779,-0.4726055516538,0.134090300431405,0.0259409165215395
"Bcell","cg25358865","LM41","CpG ~ as.numeric(LM) +Age + Gender",47,-2.50043209396644,0.0851063829787234,0.528734159096149,"116769,116815","10-129-09,10-061-09",-5.78247748970027,-0.000257638141328644,0.0278160278519873,-1.27009912089797,1.56190413782777e-10,1.20770020922703e-07,0.0231042485681427,0.00251774539286889,0.693168348692001,4.06973447923687e-05,0.0118067226669708,0.395776844887071,-8.34209683781974,-6.33058846082151,2.35594827087812,-3.20912943065271,0.00198853639777237
"Bcell","cg04508687","LM41","CpG ~ as.numeric(LM) +Age + Gender",47,-3.73684037587867,0.0851063829787234,0.528734159096149,"116769,116815","10-129-09,10-061-09",-5.22078091019673,-0.000206622897856163,0.0230489003694438,-1.12721057039121,1.58642416253678e-09,6.30235507317399e-06,0.0543556558218682,0.00608227703804529,0.684110611657849,4.0165546351466e-05,0.0116524424126078,0.390605168205702,-7.63148651874421,-5.14428201842749,1.97803169097881,-2.8858055707998,0.0222116111296573
"Bcell","cg10209083","LM41","CpG ~ as.numeric(LM) +Age + Gender",47,1.91401921396616,0.0851063829787234,0.528734159096149,"116769,116815","10-129-09,10-061-09",-4.87124826007191,-0.000244512680942144,0.0164939203030833,-0.631623572046625,3.44511873581273e-08,8.94701923818108e-07,0.189582778766981,0.135156388044944,0.726497574975886,4.26541724754239e-05,0.0123744187139427,0.414806761711829,-6.70511289763575,-5.73244460628149,1.33290465470503,-1.52269352948837,0.00588434271521122
"Bcell","cg06529459","LM41","CpG ~ as.numeric(LM) +Age + Gender",47,20.6638891195263,0.0851063829787234,0.528734159096149,"116769,116815","10-129-09,10-061-09",-5.178731978324,-0.000294615701919424,0.0300499733471243,-1.68076612673294,6.26012350535509e-07,1.14683111556402e-06,0.0530578182525638,0.00184555957029226,0.886873047332839,5.20701475514152e-05,0.015106090937979,0.50637600108417,-5.8393160034555,-5.65805390945961,1.98926204472755,-3.31920573473931,0.00682110216426271
"Bcell","cg13912912","LM41","CpG ~ as.numeric(LM) +Age + Gender",47,35.0865981152269,0.0851063829787234,0.528734159096149,"116769,116815","10-129-09,10-061-09",-5.41489817838448,-0.000324905603888201,0.0135836159624895,-2.43386619122588,4.64002317086145e-06,3.17091125854741e-06,0.444742032983652,0.000167702774471599,1.03394299252646,6.07049276584897e-05,0.0176111303830491,0.59034821215855,-5.2371341723136,-5.35221136768396,0.771308579690255,-4.12276371995214,0.0138145697215932
"Bcell","cg06871262","LM41","CpG ~ as.numeric(LM) +Age + Gender",47,-76.4713204595558,0.0851063829787234,0.528734159096149,"116769,116815","10-129-09,10-061-09",-4.63892087101406,-9.15801370225456e-05,0.0142705660428957,-0.436269766342256,2.23835916509853e-18,1.2196889004707e-05,0.0110756071635816,0.0197544945609938,0.315559909923926,1.85271737826119e-05,0.0053749256559629,0.180174564747811,-14.7006027227362,-4.9430171108178,2.65502575408908,-2.42137266685173,0.0332374944014923
"Bcell","cg20758982","LM41","CpG ~ as.numeric(LM) +Age + Gender",47,-37.4978006149851,0.0851063829787234,0.528734159096149,"116769,116815","10-129-09,10-061-09",-4.8939281973082,-0.000169834667217331,0.0247093851490201,-0.794460896382952,4.11938653352767e-13,3.03569289711924e-07,0.00405167315193417,0.00566032350635179,0.477689273664401,2.80461234426249e-05,0.00813647187697589,0.272745219720496,-10.2450033256272,-6.05554873081726,3.03686727154325,-2.91283160598415,0.0031460587320683
"Bcell","cg14093526","LM41","CpG ~ as.numeric(LM) +Age + Gender",47,12.0441026724858,0.0851063829787234,0.528734159096149,"116769,116815","10-129-09,10-061-09",-5.62565508560809,-0.000227684171452884,0.0190104868913292,-0.695364590426486,1.50798503065244e-08,1.99080211213193e-05,0.17492721430749,0.139610216261307,0.809164302977816,4.75077067412338e-05,0.0137824794442782,0.462006806040857,-6.95242618205603,-4.79257339641839,1.37932270954493,-1.50509598848852,0.0458484407638949
"Bcell","cg03397307","LM41","CpG ~ as.numeric(LM) +Age + Gender",47,14.2296584927147,0.0851063829787234,0.528734159096149,"116769,116815","10-129-09,10-061-09",-6.16231048708322,-0.000234091529647861,0.017850737153992,-0.550397838643447,2.97837330629382e-09,1.85580850032945e-05,0.2125385712311,0.250865914004281,0.828198271609847,4.86252303351004e-05,0.0141066846526007,0.472874590274051,-7.44062224991723,-4.81419888470699,1.26540981056815,-1.16394039765272,0.0441336474169275
"Bcell","cg22696167","LM41","CpG ~ as.numeric(LM) +Age + Gender",47,27.2166739335598,0.0851063829787234,0.528734159096149,"116769,116815","10-129-09,10-061-09",-3.7757852104401,-0.000337463535260005,0.0378923582034212,-1.63696775272107,0.000268115860879249,3.14973890753878e-07,0.024022543899139,0.00429949512216257,0.950903250536111,5.58294929713355e-05,0.0161967161128839,0.542935188832844,-3.97073541215823,-6.04453877869298,2.33950869665976,-3.01503344485754,0.00316824362362057
"Bcell","cg15271066","LM41","CpG ~ as.numeric(LM) +Age + Gender",47,28.7950120186891,0.0851063829787234,0.528734159096149,"116769,116815","10-129-09,10-061-09",3.68651147827693,0.000281038523399657,-0.0112771257111152,0.483613277844934,0.000434168454937607,1.19195717916488e-05,0.497228207423607,0.385947427614064,0.967004504448911,5.67748308294694e-05,0.0164709684498489,0.552128487234824,3.81230021299419,4.95005479177547,-0.684666827299926,0.875907128550768,0.0326117100305153
"Bcell","cg26875219","LM41","CpG ~ as.numeric(LM) +Age + Gender",47,44.5478170412763,0.0851063829787234,0.528734159096149,"116769,116815","10-129-09,10-061-09",-7.50959761310023,-0.000337066552073895,0.0722376028583224,-1.78147444437154,5.45836052084481e-08,9.45335845505484e-06,0.000591920195969045,0.00917288540729484,1.14342815878561,6.71330278008385e-05,0.0194759890376722,0.652860722641396,-6.56761647454603,-5.02087516555726,3.70905953574907,-2.72872051050016,0.0282360258360927
"Bcell","cg16575590","LM41","CpG ~ as.numeric(LM) +Age + Gender",47,15.9637308345613,0.0851063829787234,0.528734159096149,"116769,116815","10-129-09,10-061-09",-6.74822107592695,-0.000249909364765909,0.0475429748253668,-0.981620252221952,4.75393287597603e-10,8.71830823842482e-06,0.00190180403157874,0.0477403220371958,0.843618317864203,4.95305730852592e-05,0.0143693339930972,0.481678941000795,-7.9991400530651,-5.04555770706972,3.30864150337139,-2.03791398931084,0.0265034633046284
"Bcell","cg19768599","LM41","CpG ~ as.numeric(LM) +Age + Gender",47,-144.218217847191,0.0851063829787234,0.528734159096149,"116769,116815","10-129-09,10-061-09",-0.813977256322011,-4.3516716989288e-05,0.00770690186300254,-0.187944375947511,3.73061436768259e-06,1.76924118777343e-05,0.00515388658051363,0.037681918520414,0.15349022411347,9.01172793707497e-06,0.0026143959279424,0.0876379839547909,-5.30312116633739,-4.82889821942547,2.9478709711226,-2.14455385058223,0.0429334008634705
"Bcell","cg05866411","LM41","CpG ~ as.numeric(LM) +Age + Gender",47,13.0879878486047,0.0851063829787234,0.528734159096149,"116769,116815","10-129-09,10-061-09",-5.01263899912219,-0.000228746303315282,0.0184624530384255,-1.0130854092271,2.39406756970221e-07,2.20003579192853e-05,0.192246323592278,0.0356919805912376,0.818200283347789,4.80382278034661e-05,0.0139363891178139,0.467166060366357,-6.12642051236187,-4.76175566365871,1.32476589756138,-2.16857664795388,0.048699465420717
"Bcell","cg02435495","LM41","CpG ~ as.numeric(LM) +Age + Gender",47,1.88555991936495,0.0851063829787234,0.528734159096149,"116769,116815","10-129-09,10-061-09",-6.08540019481545,-0.000269689381035904,0.0330736925844186,-1.15932649487036,1.38705637017927e-10,1.23214023828276e-07,0.0105656775293258,0.00771011323461198,0.726277654986827,4.26412605188431e-05,0.0123706728211526,0.414681194467506,-8.37888946882969,-6.32461089926571,2.67355648820216,-2.79570549698802,0.00198853639777237
"Bcell","cg07416383","LM41","CpG ~ as.numeric(LM) +Age + Gender",47,10.3246677207937,0.0851063829787234,0.528734159096149,"116769,116815","10-129-09,10-061-09",-6.29810274029117,-0.000272736749073465,0.0353025983587975,-1.22551951578098,6.013590698528e-10,6.1039158119676e-07,0.0124510738867172,0.00983576299201144,0.794497730266465,4.66466019783252e-05,0.0135326640036214,0.453632664486415,-7.92715007276215,-5.84687281616343,2.60869540168518,-2.70156805654299,0.00474437260887134
"Bcell","cg19387310","LM41","CpG ~ as.numeric(LM) +Age + Gender",47,-4.16523757408495,0.0851063829787234,0.528734159096149,"116769,116815","10-129-09,10-061-09",-4.50953247414333,-0.000270486090674535,0.0149116292771852,-0.601764363986572,4.55085051654733e-08,2.81947040450908e-08,0.205482330945961,0.129040046790117,0.680999928050165,3.99829116948768e-05,0.0115994582007205,0.388829067860073,-6.6219279744346,-6.76504234455726,1.28554532626868,-1.54763214411513,0.000771401463732875
"Bcell","cg19324714","LM41","CpG ~ as.numeric(LM) +Age + Gender",47,-7.91046926824376,0.0851063829787234,0.528734159096149,"116769,116815","10-129-09,10-061-09",-5.09210885554017,-0.000183257687850002,0.0326788441991395,-1.51208351851052,9.69402917540968e-10,2.14409316771511e-05,0.0053808430533159,0.000212125628068523,0.654400343458245,3.84211951688498e-05,0.0111463880065519,0.373641560113994,-7.78133585418126,-4.76970294767352,2.93178778452093,-4.04688257390104,0.0477703259365243
"Bcell","cg05940691","LM41","CpG ~ as.numeric(LM) +Age + Gender",47,14.432667613795,0.0851063829787234,0.528734159096149,"116769,116815","10-129-09,10-061-09",5.19449971708313,0.000246779036326752,-0.0150210173170349,1.16970313233599,1.53768903568035e-07,8.20154293748495e-06,0.293931450466812,0.0176306104310759,0.829988840638588,4.87303583393937e-05,0.0141371833791774,0.473896947630796,6.25851753993043,5.06417446405797,-1.06251838956544,2.46826475288311,0.0256155906918951
"Bcell","cg17388683","LM41","CpG ~ as.numeric(LM) +Age + Gender",47,47.7029665948227,0.0851063829787234,0.528734159096149,"116769,116815","10-129-09,10-061-09",-5.48024143816245,-0.000385068559581773,0.0322721473829071,-1.95571143696763,3.31711830554003e-05,1.66275188724682e-06,0.116405006588576,0.00590841269206954,1.182459188115,6.94246201120232e-05,0.0201408037822693,0.675146185718049,-4.63461360294277,-5.54657063964381,1.60232668625258,-2.89672292954991,0.00881638741951464
"Bcell","cg09435190","LM41","CpG ~ as.numeric(LM) +Age + Gender",47,-106.951164467631,0.0851063829787234,0.528734159096149,"116769,116815","10-129-09,10-061-09",-0.610491878353207,-6.4386246962868e-05,0.00483595046963703,-0.200192578117538,0.010511042163618,1.9044040103899e-05,0.220123015186512,0.131704547313557,0.228170896244546,1.33963843755569e-05,0.00388643032780848,0.130278247097008,-2.67559048240272,-4.80624063611877,1.24431677959964,-1.53665391251749,0.0447629835424962
"Bcell","cg20690856","LM41","CpG ~ as.numeric(LM) +Age + Gender",47,-16.0448714882449,0.0851063829787234,0.528734159096149,"116769,116815","10-129-09,10-061-09",4.21368918761786,0.000180233962465074,-0.0139016529675157,0.589058388267807,1.199649715134e-08,6.93930797419281e-06,0.180942119334502,0.0927999160709926,0.600152095926561,3.52361685611798e-05,0.0102223786876262,0.342667554608323,7.02103552785639,5.11502725252713,-1.359923496509,1.71903753461898,0.023614188844816
"Bcell","cg04578828","LM41","CpG ~ as.numeric(LM) +Age + Gender",47,29.8019868664211,0.0851063829787234,0.528734159096149,"116769,116815","10-129-09,10-061-09",2.77998027029484,0.000292200076986006,-0.00887082289385923,0.875964201797824,0.00678943547190011,7.48981371051196e-06,0.596891227698627,0.123834441182493,0.977419222866314,5.73863004488602e-05,0.0166483621410653,0.558074956665238,2.84420462096342,5.09180892827199,-0.532834570673965,1.56961747044183,0.0247487687387518
"Bcell","cg04773990","LM41","CpG ~ as.numeric(LM) +Age + Gender",47,18.1440347379246,0.0851063829787234,0.528734159096149,"116769,116815","10-129-09,10-061-09",-3.80886400271604,-0.000276408340172917,0.00749882533784172,-0.713736148668717,6.77186936094818e-05,2.27258612003068e-06,0.612730304972182,0.154927084268561,0.863414506576022,5.06928481936076e-05,0.014706522080846,0.492981928397633,-4.4113968131258,-5.45261018116894,0.509897941649187,-1.44779373756887,0.0107146424404128
"Bcell","cg00501035","LM41","CpG ~ as.numeric(LM) +Age + Gender",47,33.4036649902253,0.0851063829787234,0.528734159096149,"116769,116815","10-129-09,10-061-09",3.26646595389668,0.000294548497874631,-0.0209164000775099,1.35254661386184,0.00246767269023569,1.23262687398598e-05,0.23321715955375,0.024424602818107,1.01559647270732,5.9627765603661e-05,0.0172986344766545,0.579872939099161,3.21630297236963,4.93978761224194,-1.20913590640566,2.33248789978549,0.0333245303822941
"Bcell","cg05417884","LM41","CpG ~ as.numeric(LM) +Age + Gender",47,-68.700471515639,0.0851063829787234,0.528734159096149,"116769,116815","10-129-09,10-061-09",3.67836598863663,-9.69139979043297e-05,0.00127320481729589,-0.22784186133135,9.69199345609801e-14,1.84575646466614e-05,0.82839553741812,0.250751192901615,0.342755429244969,2.01238788668883e-05,0.00583814639449444,0.195702332067622,10.73175119863,-4.81587066516243,0.218083742897671,-1.16422660335301,0.0441336474169275
"Bcell","cg09352282","LM41","CpG ~ as.numeric(LM) +Age + Gender",47,17.0183212634457,0.0851063829787234,0.528734159096149,"116769,116815","10-129-09,10-061-09",4.23537366992676,0.000271568376313084,-0.023092904209047,1.20689869732089,1.13706335540777e-05,2.5184472963189e-06,0.119349292357631,0.0172310530969758,0.85313620248597,5.00893877410019e-05,0.0145314519321484,0.487113347163036,4.96447537636455,5.42167490082505,-1.58916702314914,2.47765474781158,0.011484035722971
"Bcell","cg24127639","LM41","CpG ~ as.numeric(LM) +Age + Gender",47,17.2723440724714,0.0851063829787234,0.528734159096149,"116769,116815","10-129-09,10-061-09",-6.4776449181336,-0.000253174921667027,0.0418959967923107,-1.44621422561944,1.92836734146969e-09,8.85482572700248e-06,0.00625333775090655,0.00497614791453689,0.855444810380689,5.02249308766038e-05,0.0145707744044037,0.488431488059655,-7.57225345168782,-5.04082170444486,2.87534455132656,-2.96093569103147,0.0267031438636863
"Bcell","cg17521450","LM41","CpG ~ as.numeric(LM) +Age + Gender",47,-51.6805555592005,0.0851063829787234,0.528734159096149,"116769,116815","10-129-09,10-061-09",3.60974221617875,0.000122421031844436,-0.0160179735795535,0.360393697521334,3.74858298710499e-11,7.89274636252586e-06,0.0270348417552566,0.131730101846623,0.410789161685029,2.41182797535554e-05,0.0069969636030909,0.23454740631521,8.78733557957525,5.07586084477641,-2.28927496099559,1.53654948985877,0.025365881241684
"Bcell","cg15903064","LM41","CpG ~ as.numeric(LM) +Age + Gender",47,12.6733682608019,0.0851063829787234,0.528734159096149,"116769,116815","10-129-09,10-061-09",3.42714959952348,0.000278240334371218,-0.0133947516899992,1.00867391266819,0.000128907147219747,6.7300792951725e-07,0.339750886362802,0.0356837701944542,0.814599274931739,4.78268051651059e-05,0.013875053213239,0.465110000316868,4.20716013994816,5.8176650815518,-0.965383806760357,2.1686781879147,0.0050850515110147
"Bcell","cg04725464","LM41","CpG ~ as.numeric(LM) +Age + Gender",47,-138.333455941696,0.0851063829787234,0.528734159096149,"116769,116815","10-129-09,10-061-09",-3.64604349831971,-4.58216907976246e-05,0.00691795850054402,-0.320330011270518,2.87161982854673e-25,2.09999857638027e-05,0.0169025260819735,0.00133063644758913,0.163406461956351,9.59393073282638e-06,0.00278329900946876,0.0932998370010401,-22.3127253027095,-4.77611232285034,2.48552472336216,-3.43333945231809,0.0471733647749597
"Bcell","cg07108913","LM41","CpG ~ as.numeric(LM) +Age + Gender",47,21.2367664664625,0.0851063829787234,0.528734159096149,"116769,116815","10-129-09,10-061-09",4.69743498427704,0.000316237787737259,-0.041456897939127,1.1865268529232,4.23967346217641e-06,3.23676002347779e-07,0.00919683736747347,0.0246302616679472,0.892294545500924,5.23884549015042e-05,0.0151984352082141,0.509471502261589,5.26444435636436,6.03640226328146,-2.72770830491295,2.3289366483819,0.00320000005525918
"Bcell","cg14081264","LM41","CpG ~ as.numeric(LM) +Age + Gender",47,-83.0759530814341,0.0851063829787234,0.528734159096149,"116769,116815","10-129-09,10-061-09",2.98351978650017,-9.31294392869062e-05,0.000664106106763241,-0.123106240423903,5.60208026591506e-13,2.77420745702115e-06,0.895167685339691,0.467538784173442,0.29414901821693,1.72700961278749e-05,0.00501023436428165,0.167949633846099,10.1428854142898,-5.39252582020028,0.132549908542743,-0.732994991443159,0.012321714477696
"Bcell","cg13357523","LM41","CpG ~ as.numeric(LM) +Age + Gender",47,13.3605481217282,0.0851063829787234,0.528734159096149,"116769,116815","10-129-09,10-061-09",3.63679311686432,0.000281086788158234,-0.0146587982674214,0.394986740354308,6.34282715443226e-05,6.36445134656044e-07,0.300133698915257,0.403867193015015,0.820576161232772,4.81777204990748e-05,0.0139768573984726,0.468522610264993,4.43199947632,5.83437292687253,-1.04879071521638,0.843047340086548,0.00489129539189956
"Bcell","cg18323912","LM41","CpG ~ as.numeric(LM) +Age + Gender",47,1.7532544049964,0.0851063829787234,0.528734159096149,"116769,116815","10-129-09,10-061-09",-4.20488121304228,-0.000266088357361884,0.0139880259836515,-1.00502513978154,7.19241815372522e-07,1.58779411760654e-07,0.263769143868572,0.0194868647931332,0.725256134279872,4.25812849292163e-05,0.0123532732793121,0.414097938981088,-5.79778786320425,-6.2489508666591,1.13233356596079,-2.42702280106602,0.0022164147703516
"Bcell","cg15399561","LM41","CpG ~ as.numeric(LM) +Age + Gender",47,-57.9211918862849,0.0851063829787234,0.528734159096149,"116769,116815","10-129-09,10-061-09",-3.87395905278582,-0.000117925142192708,-0.00211847686312714,-0.391138928063004,6.81798810411941e-13,4.82846687044127e-06,0.747844105821557,0.0817945734924531,0.384402563577935,2.25690681037615e-05,0.00654752120347305,0.219481507005417,-10.0778699723744,-5.22507804267976,-0.323554028661018,-1.78210425743682,0.0185541977362218
"Bcell","cg11011677","LM41","CpG ~ as.numeric(LM) +Age + Gender",47,10.839201283606,0.0851063829787234,0.528734159096149,"116769,116815","10-129-09,10-061-09",-4.887570477072,-0.000245267040442326,0.0207323496682859,-0.708944696401022,2.46099032610911e-07,4.76193190523954e-06,0.134915166616254,0.127446418240532,0.798858545342679,4.69026344343185e-05,0.0136069416798943,0.456122549714523,-6.11819264570228,-5.22928068754418,1.52365977278496,-1.55428556830776,0.0185064637132064
"Bcell","cg01520986","LM41","CpG ~ as.numeric(LM) +Age + Gender",47,-67.4995955855176,0.0851063829787234,0.528734159096149,"116769,116815","10-129-09,10-061-09",-2.85729218600598,-0.000112780216468645,0.0100129701271866,-0.364200655570422,2.24138257904783e-10,1.73866230825955e-06,0.0976277186344835,0.0730720997654704,0.347162314051705,2.03826161718712e-05,0.00591320877556912,0.198218521630926,-8.23042153584799,-5.53315705489689,1.6933226116683,-1.83736944748558,0.00907813988960298
"Bcell","cg08885381","LM41","CpG ~ as.numeric(LM) +Age + Gender",47,18.2007137860059,0.0851063829787234,0.528734159096149,"116769,116815","10-129-09,10-061-09",3.15543779573825,0.000293642550025411,-0.0182590872318991,1.15095028696838,0.000700637971007141,7.40451297789901e-07,0.221401186168505,0.0243799188907402,0.863935275397189,5.07234236062215e-05,0.014715392325797,0.493279270654165,3.65240068972477,5.78909168878328,-1.24081552347672,2.33326303260634,0.00533121037296635
"Bcell","cg20911986","LM41","CpG ~ as.numeric(LM) +Age + Gender",47,20.3336375281742,0.0851063829787234,0.528734159096149,"116769,116815","10-129-09,10-061-09",3.812794693229,0.000298081610137381,-0.0237995811900523,1.3495154423925,9.20810705595139e-05,8.58640276622818e-07,0.121197428194616,0.0105422943070303,0.88376265022998,5.18875297161157e-05,0.0150531116061227,0.504600064323586,4.31427453087863,5.74476394941577,-1.58104063882527,2.67442582315466,0.00575789858831985
"Bcell","cg21826610","LM41","CpG ~ as.numeric(LM) +Age + Gender",47,17.5325813144872,0.0851063829787234,0.528734159096149,"116769,116815","10-129-09,10-061-09",3.63863145274728,0.000285534353738727,-0.0185807707806337,1.13638257598707,0.000115675834993054,1.10425805488932e-06,0.21032114975937,0.0251450047897851,0.857816374640648,5.0364170310382e-05,0.0146111692111733,0.489785575017066,4.24173699676875,5.66939457116138,-1.27168267727847,2.3201634224272,0.00676665321157928
"Bcell","cg03850491","LM41","CpG ~ as.numeric(LM) +Age + Gender",47,-57.5680933828286,0.0851063829787234,0.528734159096149,"116769,116815","10-129-09,10-061-09",3.99308633490096,-0.000114955379490955,0.00295784122701148,-0.171828576087923,3.01773849761903e-13,7.93082974030819e-06,0.654930881963911,0.439693191086979,0.385849236120248,2.26540052353649e-05,0.00657216234805104,0.220307510523122,10.3488252952159,-5.07439537938746,0.450056019673436,-0.779948789217012,0.025365881241684
"Bcell","cg21935094","LM41","CpG ~ as.numeric(LM) +Age + Gender",47,27.9518523382274,0.0851063829787234,0.528734159096149,"116769,116815","10-129-09,10-061-09",3.00509185738212,0.000286946758692863,-0.0181089203953171,0.526238667112968,0.00308926887675628,7.29905720956906e-06,0.273444669303645,0.341579010718371,0.958369468176904,5.62678500229747e-05,0.0163238880491422,0.547198159100729,3.13562979327657,5.09965741672555,-1.10935093041567,0.961696705957113,0.0243537494441912
"Bcell","ch.10.1464434F","LM41","CpG ~ as.numeric(LM) +Age + Gender",47,10.1976250287888,0.0851063829787234,0.528734159096149,"116769,116815","10-129-09,10-061-09",-5.27397035569022,-0.000282333551202695,0.0264473082636883,-0.999769228454179,4.18319241940815e-08,2.98283157273584e-07,0.0568631451100848,0.0327093156894606,0.793424677571362,4.65836008392867e-05,0.0135143867184539,0.453019985891285,-6.64709644755897,-6.0607927707595,1.95697435737683,-2.20689872321462,0.0031460587320683
"Bcell","cg13451953","LM41","CpG ~ as.numeric(LM) +Age + Gender",47,-79.4667647791265,0.0851063829787234,0.528734159096149,"116769,116815","10-129-09,10-061-09",-4.38563381983511,-0.000117782993084555,0.00690233658285303,-0.339226018465831,5.34901384353535e-18,5.54047403519006e-08,0.191921299317233,0.0584912677062189,0.305662674765101,1.79460866736723e-05,0.0052063462467753,0.174523561623308,-14.3479534202383,-6.5631574853223,1.32575442655743,-1.9437261955381,0.00126321884589994
"Bcell","cg12188560","LM41","CpG ~ as.numeric(LM) +Age + Gender",47,-137.143816208566,0.0851063829787234,0.528734159096149,"116769,116815","10-129-09,10-061-09",-3.71540979826905,-5.58603646531461e-05,0.00694991326698002,-0.178809922084023,2.24623723539371e-25,8.45883340697918e-07,0.017745378272046,0.0651817062519437,0.165487633561452,9.71612061432446e-06,0.00281874756393634,0.0944881190873325,-22.451283629537,-5.74924569902841,2.46560328987906,-1.89240640845813,0.00572851461010567
"Bcell","cg25091705","LM41","CpG ~ as.numeric(LM) +Age + Gender",47,-58.4323353787589,0.0851063829787234,0.528734159096149,"116769,116815","10-129-09,10-061-09",4.16017583085143,-0.000107258678768523,-0.00594185587157748,-0.308614954138593,6.2489790604384e-14,2.08463528409568e-05,0.366621966786155,0.164627033726415,0.382317971840921,2.2446677419258e-05,0.00651201439396679,0.218291272133745,10.8814550642742,-4.77837662853841,-0.912445137879679,-1.4137759660382,0.0471733647749597
"Bcell","cg06947286","LM41","CpG ~ as.numeric(LM) +Age + Gender",47,-125.658973874296,0.0851063829787234,0.528734159096149,"116769,116815","10-129-09,10-061-09",0.553380389801565,-5.38043378089186e-05,-0.00071418067731644,-0.187804005344759,0.00499739703506789,1.40014500495854e-05,0.823641807305866,0.0856920753192482,0.186993834198616,1.09787940531162e-05,0.00318506225072542,0.106767468324421,2.95935099771146,-4.90075117072144,-0.224228169215148,-1.75900026751691,0.0361393276477968
"Bcell","cg06922858","LM41","CpG ~ as.numeric(LM) +Age + Gender",47,20.9853701127945,0.0851063829787234,0.528734159096149,"116769,116815","10-129-09,10-061-09",3.55399824945989,0.000285299990478651,-0.008072606309619,0.55334777172792,0.000249906540716276,2.21423306069506e-06,0.597073088430007,0.282206702001493,0.889911355086879,5.22485328722176e-05,0.0151578423733937,0.508110777143924,3.99365423212622,5.46044022281734,-0.532569617150046,1.08902978763464,0.0105910793171337
"Bcell","cg14021550","LM41","CpG ~ as.numeric(LM) +Age + Gender",47,19.3198782850533,0.0851063829787234,0.528734159096149,"116769,116815","10-129-09,10-061-09",3.7946877951033,0.000278683062433844,-0.0176464540422553,0.770205923759968,8.48078639625722e-05,2.45677589347707e-06,0.242529187979368,0.130178476918785,0.874282769802331,5.13309463650691e-05,0.0148916409917525,0.499187357334524,4.34034379513307,5.42914327843931,-1.1849905629627,1.54291953200214,0.0112901010777726
"Bcell","cg02902915","LM41","CpG ~ as.numeric(LM) +Age + Gender",47,-65.1092395773623,0.0851063829787234,0.528734159096149,"116769,116815","10-129-09,10-061-09",3.17714623195044,0.000125047512010821,-0.00619667538677565,0.608935399287232,2.44513620324535e-11,3.8970511773704e-07,0.312671752944203,0.00454048621195549,0.35610361919416,2.09075786560396e-05,0.00606550584784157,0.203323719444892,8.92197119237406,5.98096575734744,-1.02162549047426,2.99490586218729,0.00341738912828906
"Bcell","cg26411533","LM41","CpG ~ as.numeric(LM) +Age + Gender",47,72.4691841245942,0.0851063829787234,0.528734159096149,"116769,116815","10-129-09,10-061-09",8.79315296752426,0.000468605364286728,-0.106106179687485,1.89264664704544,9.51761837828267e-07,5.48482726134854e-06,0.000211397431092801,0.0368871292749078,1.5388982323152,9.03518922626495e-05,0.026212022917553,0.878661422058997,5.71392752482105,5.18644770520699,-4.04799660145384,2.15401131713549,0.0203891001229679
"Bcell","cg16843934","LM41","CpG ~ as.numeric(LM) +Age + Gender",47,-42.548026794174,0.0851063829787234,0.528734159096149,"116769,116815","10-129-09,10-061-09",-5.26953209148176,-0.000139204922584929,0.0124782761375858,-0.612052546794991,7.06650813026366e-15,4.63616715863218e-06,0.112917097513995,0.0224562765259993,0.452702264030712,2.65790845215441e-05,0.00771086863992882,0.258478440438602,-11.6401717202905,-5.2373859028927,1.61827113393816,-2.36790560077825,0.0181206580323921
"Bcell","cg01810632","LM41","CpG ~ as.numeric(LM) +Age + Gender",47,-41.5697515144168,0.0851063829787234,0.528734159096149,"116769,116815","10-129-09,10-061-09",4.23708065912409,0.000136186121134577,-0.0193720052735562,0.637657610920928,8.37205874125973e-12,8.02609122368646e-06,0.0168709545645102,0.0188194297725925,0.457438220952941,2.68571423297944e-05,0.00779153609978759,0.261182519601676,9.26262927985629,5.07075992904491,-2.4862883294713,2.44142529865094,0.025365881241684
"Bcell","cg14708851","LM41","CpG ~ as.numeric(LM) +Age + Gender",47,-123.223658345099,0.0851063829787234,0.528734159096149,"116769,116815","10-129-09,10-061-09",3.49105871894768,5.55745228139339e-05,-0.00621316759326562,0.328487577176116,8.16866421291911e-22,1.26220623347224e-05,0.0640404364930139,0.00450289898450338,0.191901698919359,1.12669449231195e-05,0.0032686578126898,0.109569701314392,18.1919114765873,4.93252813368211,-1.90083145722518,2.99797821145443,0.0334628973900715
"Bcell","cg19095118","LM41","CpG ~ as.numeric(LM) +Age + Gender",47,29.3060075631237,0.0851063829787234,0.528734159096149,"116769,116815","10-129-09,10-061-09",3.61528459943295,0.000279875313451775,-0.0273811626922479,0.674291574191667,0.000575678027991311,1.39063054207856e-05,0.105537786975647,0.231132561537818,0.972275573805508,5.70843061934768e-05,0.0165607504691363,0.555138098396487,3.71837439593659,4.90284164097903,-1.65337692535596,1.21463753999114,0.0360297097586752
"Bcell","cg27649522","LM41","CpG ~ as.numeric(LM) +Age + Gender",47,-94.2809711132125,0.0851063829787234,0.528734159096149,"116769,116815","10-129-09,10-061-09",-2.71608185074849,7.3583553535898e-05,-0.0115946671165856,0.26884887061472,2.56944743543562e-13,1.94243301216243e-05,0.0124989530153764,0.0783310369042877,0.261094963016399,1.5329424307212e-05,0.00444722530088771,0.149076830864435,-10.4026589382266,4.80015113817936,-2.60716881473742,1.80342491221323,0.0450694901348423
"Bcell","cg01925424","LM41","CpG ~ as.numeric(LM) +Age + Gender",47,-82.3278946461003,0.0851063829787234,0.528734159096149,"116769,116815","10-129-09,10-061-09",2.87091879844214,8.93812310851577e-05,-0.00316505279975753,-0.0051137112534655,2.27572631380845e-12,6.50930952111075e-06,0.534162562736074,0.976042100389316,0.29649921535317,1.74080810537072e-05,0.00505026522525886,0.169291520862721,9.68271971655134,5.1344677686989,-0.626710213936398,-0.0302065409265962,0.0225200424191065
"Bcell","cg14034135","LM41","CpG ~ as.numeric(LM) +Age + Gender",47,27.8233136301365,0.0851063829787234,0.528734159096149,"116769,116815","10-129-09,10-061-09",3.2141754107899,0.000297965035216282,-0.0215116896068683,0.553927714984516,0.00165047024728148,3.73554636880028e-06,0.193949174208268,0.316403957388349,0.957059857684239,5.61909600872696e-05,0.0163015814797239,0.546450413607451,3.35838493797777,5.30272191031289,-1.31960752603205,1.01368340327113,0.0154854244759245
"Bcell","cg04764169","LM41","CpG ~ as.numeric(LM) +Age + Gender",47,-118.874663397163,0.0851063829787234,0.528734159096149,"116769,116815","10-129-09,10-061-09",3.79449340274375,6.58487214553576e-05,-0.00527076679176991,0.25696693210803,1.97266517292871e-22,1.48671389899334e-06,0.130982263431989,0.0303687660132558,0.200988794917336,1.18004670893997e-05,0.00342343813769844,0.114758141020347,18.8791290793319,5.58017923837177,-1.53961210332062,2.23920438082444,0.00800712498694449
"Bcell","cg13887911","LM41","CpG ~ as.numeric(LM) +Age + Gender",47,9.31069131301138,0.0851063829787234,0.528734159096149,"116769,116815","10-129-09,10-061-09",4.61200606853922,0.00028602751649428,-0.0312265886182535,0.917516185673066,5.68960542886299e-07,1.88158108358707e-07,0.0244225669095224,0.0470539447301635,0.785973554433057,4.61461300170511e-05,0.0133874718865556,0.4487656340991,5.86788962876236,6.19829910739193,-2.33252318905803,2.04453308354368,0.00243271541120491
"Bcell","cg08766923","LM41","CpG ~ as.numeric(LM) +Age + Gender",47,-23.9280186028234,0.0851063829787234,0.528734159096149,"116769,116815","10-129-09,10-061-09",3.91178419695284,0.000216937125917852,-0.0133065101904629,0.580937270712156,9.59237620905545e-09,3.56072444179967e-08,0.164101816876915,0.0721331319152242,0.551874049544318,3.24016647884273e-05,0.00940005968588023,0.315102342044115,7.08818289278649,6.69524628855906,-1.41557720217995,1.84364631168252,0.000902043597988432
"Bcell","cg00246280","LM41","CpG ~ as.numeric(LM) +Age + Gender",47,27.3945774172438,0.0851063829787234,0.528734159096149,"116769,116815","10-129-09,10-061-09",2.58107048057452,0.000286130665153091,-0.00166386317218839,0.89368799162487,0.00964503155121099,6.93102501989903e-06,0.918809360606613,0.107693609255586,0.952704624852671,5.5935255376384e-05,0.0162273988857127,0.543963715661592,2.7092032653601,5.11539034241892,-0.102534188252026,1.64291838939649,0.023614188844816
"Bcell","cg21531925","LM41","CpG ~ as.numeric(LM) +Age + Gender",47,-168.765876180375,0.0851063829787234,0.528734159096149,"116769,116815","10-129-09,10-061-09",-3.24900178097269,-3.38389090701945e-05,0.00897784206880419,-0.333716839356734,6.54939793274675e-29,1.520098952013e-05,5.82501091867921e-05,1.21481748530259e-05,0.118213413157675,6.94055353715855e-06,0.00201352671007323,0.0674960588883797,-27.4842058459063,-4.87553462256673,4.45876482486676,-4.94424185430755,0.0385885353377275
"Bcell","cg07076509","LM41","CpG ~ as.numeric(LM) +Age + Gender",47,10.8583893377349,0.0851063829787234,0.528734159096149,"116769,116815","10-129-09,10-061-09",-4.52530791806458,-0.000343353510410938,0.0387747793059518,-1.01549825833268,1.12595642093891e-06,4.45440072173155e-09,0.00670329074404704,0.0313127858708127,0.799021631572571,4.69122095635657e-05,0.0136097195243974,0.456215666709309,-5.66356120942336,-7.31906498553851,2.84905058009773,-2.22591710989998,0.000423926025010554
"Bcell","cg12613770","LM41","CpG ~ as.numeric(LM) +Age + Gender",47,18.8993815706941,0.0851063829787234,0.528734159096149,"116769,116815","10-129-09,10-061-09",4.13962468813392,0.000251281862489252,-0.0205327517106329,0.6502090593911,2.24065393516533e-05,1.32665096624022e-05,0.173198793204589,0.197696844467334,0.870380514720287,5.1101836913027e-05,0.0148251739587201,0.496959295122466,4.75610910184986,4.91727651428503,-1.38499229538926,1.30837488255626,0.0349008702943646
"Bcell","cg17750401","LM41","CpG ~ as.numeric(LM) +Age + Gender",47,27.4046957803866,0.0851063829787234,0.528734159096149,"116769,116815","10-129-09,10-061-09",3.15598454947602,0.000314634790932764,-0.0261343828688423,0.78413793476343,0.00188213669608295,1.2831244805068e-06,0.114642065313453,0.15672326643265,0.952807181556987,5.59412766922219e-05,0.0162291457320132,0.544022272243024,3.3123013874841,5.62437630202515,-1.61033632332787,1.44137101506966,0.00737521621045587
"Bcell","cg20634552","LM41","CpG ~ as.numeric(LM) +Age + Gender",47,10.4802136724736,0.0851063829787234,0.528734159096149,"116769,116815","10-129-09,10-061-09",3.31331437746076,0.00030493552061033,-0.0175633836429683,1.16137098544565,0.000147767525393862,6.26764876415575e-08,0.201989463833955,0.014207372471214,0.795813509089595,4.67238540694463e-05,0.0135550756380895,0.454383931898105,4.16343067768624,6.52633492427872,-1.29570532189548,2.55592441527198,0.00129379455298648
"Bcell","cg14071023","LM41","CpG ~ as.numeric(LM) +Age + Gender",47,-92.673954730049,0.0851063829787234,0.528734159096149,"116769,116815","10-129-09,10-061-09",2.89734643131633,-8.00585431480732e-05,0.000917425359705821,-0.0876024339327738,5.76926254497313e-14,6.51900730119823e-06,0.840251915805273,0.566498384592882,0.265596994883184,1.55937478925207e-05,0.00452390831993969,0.151647346340479,10.9088072799568,-5.13401548491574,0.202794861173944,-0.577672053265531,0.0225200424191065
"Bcell","cg16739709","LM41","CpG ~ as.numeric(LM) +Age + Gender",47,16.7242292614866,0.0851063829787234,0.528734159096149,"116769,116815","10-129-09,10-061-09",3.47243404854707,0.000296797272689718,-0.0193285754848577,0.816216092663479,0.000189742402584181,4.41160992928781e-07,0.189132859659144,0.100039444839483,0.850471218930448,4.99329210546193e-05,0.0144860593203659,0.485591727219957,4.08295303974425,5.94391969108046,-1.33428802529365,1.68086902414167,0.00367616268309987
"Bcell","cg02652125","LM41","CpG ~ as.numeric(LM) +Age + Gender",47,28.6538213253875,0.0851063829787234,0.528734159096149,"116769,116815","10-129-09,10-061-09",2.65298200422189,0.000273616939443933,0.00641512113207248,0.450151014670967,0.00873590692456995,1.78262792055872e-05,0.698413332305266,0.418699693861256,0.965553126255162,5.66896174193553e-05,0.0164462471540038,0.551299796941415,2.74762924181222,4.8265793967153,0.390065956810746,0.816526719524266,0.0429334008634705
"Bcell","cg12526997","LM41","CpG ~ as.numeric(LM) +Age + Gender",47,8.37350949100627,0.0851063829787234,0.528734159096149,"116769,116815","10-129-09,10-061-09",-3.54794497530507,-0.000286159581703888,0.00709766816229787,-0.963856365552455,4.2247231024524e-05,1.5132576218019e-07,0.59507366960511,0.0356323029470154,0.778176316754052,4.56883380955802e-05,0.0132546616925845,0.444313662030188,-4.55930731752971,-6.2632959225884,0.535484671500049,-2.16931516611112,0.00221399548350467
"Bcell","cg17304496","LM41","CpG ~ as.numeric(LM) +Age + Gender",47,-36.8190717168947,0.0851063829787234,0.528734159096149,"116769,116815","10-129-09,10-061-09",-4.01438032706357,-0.000145100599536238,0.00972866421961381,-0.553940926482509,1.55591289226905e-10,6.46761236705975e-06,0.241711465321387,0.0500348868508354,0.481150921118617,2.82493639112061e-05,0.00819543404906566,0.274721709140601,-8.34328721169363,-5.13642006214089,1.18708346151879,-2.01637114232937,0.0225200424191065
"Bcell","cg13239696","LM41","CpG ~ as.numeric(LM) +Age + Gender",47,-0.00667927300631632,0.0851063829787234,0.528734159096149,"116769,116815","10-129-09,10-061-09",4.25403473147064,0.0002259815505168,-0.021352963996208,0.587910298601351,3.95687644859319e-07,2.64097131623252e-06,0.0853153884199907,0.155268331698953,0.711803708022549,4.17914652112195e-05,0.0121241383710062,0.406417036022599,5.9764155251294,5.40736127280199,-1.76119434988236,1.44656903252614,0.0118842840489899
"Bcell","cg06305609","LM41","CpG ~ as.numeric(LM) +Age + Gender",47,-42.9988111169853,0.0851063829787234,0.528734159096149,"116769,116815","10-129-09,10-061-09",-5.13424736550823,-0.000188203283719974,0.0188511771562188,-0.540824726441404,1.41413937112977e-14,8.77572758484604e-09,0.0181427981918581,0.0414108217305049,0.450536492271246,2.64519275903269e-05,0.00767397909271821,0.257241854383678,-11.395852397273,-7.11491754532088,2.45650619169741,-2.10239786887386,0.000443521285096002
"Bcell","cg12109728","LM41","CpG ~ as.numeric(LM) +Age + Gender",47,-99.6448555664347,0.0851063829787234,0.528734159096149,"116769,116815","10-129-09,10-061-09",3.30553957460334,8.7582117146084e-05,-0.00459946159706162,0.251050214198326,5.91908427772137e-17,3.10476133625946e-07,0.279627859970424,0.0816593480180363,0.246613314990386,1.44791768543551e-05,0.00420055967871025,0.140808275360832,13.4037352149141,6.04883261162328,-1.09496399262535,1.78292230023406,0.00316824362362057
"Bcell","cg04418299","LM41","CpG ~ as.numeric(LM) +Age + Gender",47,-109.232881330954,0.0851063829787234,0.528734159096149,"116769,116815","10-129-09,10-061-09",-3.71176812051972,-6.62310190977584e-05,0.00249744756548837,-0.372268245781911,2.22904931141692e-20,8.16798937093707e-06,0.513793479544229,0.00544005724701325,0.222699050231612,1.3075120999554e-05,0.00379322848373556,0.127153998918635,-16.6671933115987,-5.06542303509217,0.65839629123234,-2.92769593522671,0.0256155906918951
"Bcell","cg20033041","LM41","CpG ~ as.numeric(LM) +Age + Gender",47,-43.0108025011137,0.0851063829787234,0.528734159096149,"116769,116815","10-129-09,10-061-09",2.96915542018123,0.0001517608542133,-0.00258621261705103,0.358445927689959,5.04548708808214e-08,8.78361777296917e-07,0.737716137480261,0.170600651396335,0.450479021935492,2.64485533882677e-05,0.00767300020163481,0.257209040669373,6.59110696747698,5.73796426539606,-0.337053636007988,1.39359770075392,0.00583296178506995
"Bcell","cg15895233","LM41","CpG ~ as.numeric(LM) +Age + Gender",47,14.1751008515382,0.0851063829787234,0.528734159096149,"116769,116815","10-129-09,10-061-09",-4.35605094921931,-0.000253094052309758,0.0178572555778774,-0.899143436680544,4.26383273124265e-06,5.10817290756202e-06,0.212114092409679,0.0638103442942357,0.827717724438598,4.85970164185905e-05,0.0140984995022111,0.472600213286679,-5.26272522697737,-5.20801627263969,1.26660681692238,-1.90254555838536,0.0194109151550438
"Bcell","cg27004170","LM41","CpG ~ as.numeric(LM) +Age + Gender",47,16.6965846492412,0.0851063829787234,0.528734159096149,"116769,116815","10-129-09,10-061-09",-4.51401561506969,-0.000239604265889173,0.00539999345588959,-0.397493056482103,3.65600863559837e-06,1.94380069880313e-05,0.711068547956149,0.41740674537455,0.850221139247194,4.9918238360128e-05,0.0144817997181056,0.485448939759746,-5.30922533761805,-4.79993432782188,0.372881379455783,-0.818815376708468,0.0450694901348423
"Bcell","cg09449346","LM41","CpG ~ as.numeric(LM) +Age + Gender",47,-86.8770428040326,0.0851063829787234,0.528734159096149,"116769,116815","10-129-09,10-061-09",3.32577104490178,-8.29443502403742e-05,-0.00199764657754871,-0.117897511874969,4.86214988012448e-15,1.00906858989731e-05,0.680084394596499,0.468774622025272,0.282491759119079,1.65856743799194e-05,0.0048116765024216,0.161293713629192,11.7729842996937,-5.00096338203749,-0.415166434514736,-0.730949205782508,0.0291222730019751
"Bcell","cg26106370","LM41","CpG ~ as.numeric(LM) +Age + Gender",47,-43.2233355855744,0.0851063829787234,0.528734159096149,"116769,116815","10-129-09,10-061-09",4.14889030148176,0.000127030255003041,-0.00912356726698499,0.494376419743036,9.24854296500896e-12,1.85827242247021e-05,0.239899424638258,0.0606769327203744,0.449461643828867,2.63888210192585e-05,0.00765567122062315,0.256628150474578,9.23079946519631,4.81379046492205,-1.1917396925834,1.92643098128087,0.0441336474169275
"Bcell","cg08860414","LM41","CpG ~ as.numeric(LM) +Age + Gender",47,-1.06253989475155,0.0851063829787234,0.528734159096149,"116769,116815","10-129-09,10-061-09",-4.9871109013259,-0.000262080478231681,0.0210853269860419,-0.83630610601312,9.68026452519521e-09,1.1624337707009e-07,0.0857326326006841,0.043424732322977,0.703853066922476,4.13246666581975e-05,0.0119887152596216,0.40187747553148,-7.08544316377212,-6.34198650407486,1.75876451558225,-2.08099770933196,0.00198774721747641
"Bcell","cg16400196","LM41","CpG ~ as.numeric(LM) +Age + Gender",47,-48.0330446932523,0.0851063829787234,0.528734159096149,"116769,116815","10-129-09,10-061-09",1.64130850356965,0.000138411987091041,0.00590551275647278,0.730751115765346,0.000395169131443658,1.81368398105462e-06,0.421327952755297,0.00451483070092859,0.427042440839506,2.50725433274831e-05,0.00727380538296714,0.243827506243266,3.84343181521505,5.52046058045182,0.811887649661559,2.99700032627277,0.00918926499719596
"Bcell","cg19734747","LM41","CpG ~ as.numeric(LM) +Age + Gender",47,-2.35652696275267,0.0851063829787234,0.528734159096149,"116769,116815","10-129-09,10-061-09",4.5645783879917,0.000199262328738093,-0.0191775119428863,0.391537418959925,5.32470555446433e-08,1.45621268394094e-05,0.112156186176965,0.328788699793515,0.694230336728584,4.07596963024625e-05,0.0118248114880302,0.396383205917865,6.57502005674562,4.88870984855828,-1.62180276296996,0.987774994284333,0.0374451952914355
"Bcell","cg12337988","LM41","CpG ~ as.numeric(LM) +Age + Gender",47,9.39315172814627,0.0851063829787234,0.528734159096149,"116769,116815","10-129-09,10-061-09",3.67917753308769,0.00031454281615363,-0.0196638555119877,1.05690539686719,2.89419022909547e-05,2.42402096698275e-08,0.149506838264685,0.0232625029633912,0.78666334317304,4.6186628938039e-05,0.0133992210444148,0.449159481296053,4.6769403519523,6.81025706759418,-1.46753721330571,2.35307377641786,0.000694009119569009
"Bcell","cg27632348","LM41","CpG ~ as.numeric(LM) +Age + Gender",47,-80.7891787592792,0.0851063829787234,0.528734159096149,"116769,116815","10-129-09,10-061-09",3.33901976263557,8.42127755930141e-05,-0.0113180540211603,0.25566605873345,3.52111995869074e-14,2.21958801605142e-05,0.0328746714765522,0.144655981916077,0.301392647081978,1.76953845329573e-05,0.00513361495035928,0.172085513078252,11.0786371033377,4.75902489918598,-2.20469476783961,1.48569193397001,0.0489737775819062
"Bcell","ch.12.1183517F","LM41","CpG ~ as.numeric(LM) +Age + Gender",47,18.3439595845299,0.0851063829787234,0.528734159096149,"116769,116815","10-129-09,10-061-09",-5.41422554878306,-0.000288077806357045,0.0314400925916727,-1.17454962341066,1.54350420825583e-07,1.09932769290297e-06,0.0386480485176493,0.0219493272119688,0.865252822641694,5.08007795250124e-05,0.0147378340817511,0.494031547777614,-6.25739137406446,-5.67073594245155,2.13329125686133,-2.37747898630024,0.00676665321157928
"Bcell","cg00385421","LM41","CpG ~ as.numeric(LM) +Age + Gender",47,19.7093766831649,0.0851063829787234,0.528734159096149,"116769,116815","10-129-09,10-061-09",2.72437772368124,0.000299450619514888,-0.00901980174166688,0.492507091316467,0.00337818345024017,6.91393636685016e-07,0.549550179324389,0.331331095118001,0.877912963711399,5.15440825439775e-05,0.0149534740122482,0.501260081362346,3.10324352902122,5.80960228090967,-0.603191053415337,0.982538026921893,0.0050850515110147
"Bcell","cg23802616","LM41","CpG ~ as.numeric(LM) +Age + Gender",47,-53.3502737512784,0.0851063829787234,0.528734159096149,"116769,116815","10-129-09,10-061-09",3.33982653975196,0.000128790545134434,-0.00423280275216568,0.43200168895598,1.93402499534548e-10,2.40421685753999e-06,0.54127899769953,0.067614190836213,0.403556755084463,2.3693650230789e-05,0.0068737741656205,0.23041793463533,8.27597728862933,5.4356565527027,-0.615790197666987,1.87486138889182,0.0111868864590004
"Bcell","cg11975774","LM41","CpG ~ as.numeric(LM) +Age + Gender",47,-7.55441367155454,0.0851063829787234,0.528734159096149,"116769,116815","10-129-09,10-061-09",-2.24346137025478,-0.000241694715187916,0.0172648625438448,-0.354320232557707,0.00140167606205843,1.49519680579064e-07,0.130143460484004,0.350088337678555,0.65688379824161,3.85670039262543e-05,0.0111886886423765,0.375059532963496,-3.41530933821207,-6.26687817519015,1.54306399039966,-0.944703977414147,0.00221399548350467
"Bcell","cg19493916","LM41","CpG ~ as.numeric(LM) +Age + Gender",47,27.7728151922843,0.0851063829787234,0.528734159096149,"116769,116815","10-129-09,10-061-09",3.03180433914713,0.000278084883957442,-0.0019913029246585,0.289376373301143,0.00281188659547999,1.18601026417659e-05,0.9032945168064,0.598947443010104,0.956545846533154,5.61607814314174e-05,0.0162928263380328,0.546156929763307,3.1695337449171,4.95158501839998,-0.12221961268992,0.529841072284029,0.0325793209094565
"Bcell","cg10924869","LM41","CpG ~ as.numeric(LM) +Age + Gender",47,-92.2188380131132,0.0851063829787234,0.528734159096149,"116769,116815","10-129-09,10-061-09",4.06009041121911,7.69661051611949e-05,-0.0104193692432837,0.329819582529478,6.47445848606945e-19,1.35029516508097e-05,0.0268597336396912,0.03603058351043,0.266886045200301,1.5669430697873e-05,0.00454586468829769,0.152383352634437,15.21282391581,4.91186352875235,-2.29205441818496,2.16440691734028,0.0353867870283356
"Bcell","cg11563839","LM41","CpG ~ as.numeric(LM) +Age + Gender",47,-100.444107048168,0.0851063829787234,0.528734159096149,"116769,116815","10-129-09,10-061-09",3.74673014957219,7.6060814096135e-05,-0.00251639868880181,0.0867288185082027,4.98337647239359e-19,3.79470440656127e-06,0.548899894567505,0.537750670837657,0.244525331341934,1.43565870237285e-05,0.00416499509484407,0.139616103816762,15.3224622128532,5.29797325578998,-0.604178067800587,0.621194949130145,0.0156358966299149
"Bcell","cg12488586","LM41","CpG ~ as.numeric(LM) +Age + Gender",47,13.9313795096176,0.0851063829787234,0.528734159096149,"116769,116815","10-129-09,10-061-09",2.39388744411864,0.000348539576796245,-0.0177120594838907,1.26247589962209,0.00586239175137621,6.82183541035457e-09,0.21461869060345,0.0104393236705995,0.825574414051111,4.84711782408936e-05,0.0140619925391017,0.471376451953124,2.89966283278062,7.19065616816785,-1.25956968293358,2.67827528165882,0.00042419102831868
"Bcell","cg13396858","LM41","CpG ~ as.numeric(LM) +Age + Gender",47,17.7826279292161,0.0851063829787234,0.528734159096149,"116769,116815","10-129-09,10-061-09",-3.43002558838719,-0.00031384861229696,0.0140338161364783,-0.875558290123883,0.000254336994955309,1.77897167139041e-07,0.343451360507457,0.0816651780678846,0.86010126419745,5.04983208933986e-05,0.0146500876894517,0.491090173505172,-3.98793227165839,-6.2150306533853,0.957933934182721,-1.782887008051,0.00243271541120491
"Bcell","cg15748836","LM41","CpG ~ as.numeric(LM) +Age + Gender",47,-140.920016556166,0.0851063829787234,0.528734159096149,"116769,116815","10-129-09,10-061-09",-4.03246386839076,-4.50639694135395e-05,0.0108151094374382,-0.437785815984057,1.69356270561252e-27,1.77339479631096e-05,0.000249547431040871,1.80258703650535e-05,0.1589713704936,9.33353735683648e-06,0.00270775618498442,0.0907675423438688,-25.365975369465,-4.82817689485453,3.99412232807822,-4.8231537913137,0.0429334008634705
"Bcell","cg25639195","LM41","CpG ~ as.numeric(LM) +Age + Gender",47,21.1451229658636,0.0851063829787234,0.528734159096149,"116769,116815","10-129-09,10-061-09",-3.77798897595815,-0.000263810472492272,0.0170808777784714,-0.60196661316219,0.000116986037251675,8.86207305178663e-06,0.266848942931571,0.243425038278036,0.891425043935419,5.23374046695142e-05,0.0151836250053798,0.508975044818214,-4.23814542979326,-5.04057230499122,1.12495387448118,-1.1827035908552,0.0267031438636863
"Bcell","cg17443976","LM41","CpG ~ as.numeric(LM) +Age + Gender",47,-78.276062602947,0.0851063829787234,0.528734159096149,"116769,116815","10-129-09,10-061-09",3.70886781121237,9.68543944222548e-05,-0.00935365610827139,0.52097876760378,2.71852681987144e-15,3.42396867394389e-06,0.0831488698122884,0.00515799375568603,0.309559143718632,1.8174856410164e-05,0.005272714724796,0.176748320141983,11.9811282802342,5.32903216600328,-1.77397348358028,2.94757408265761,0.0146373590820891
"Bcell","cg04386994","LM41","CpG ~ as.numeric(LM) +Age + Gender",47,-53.5693566143125,0.0851063829787234,0.528734159096149,"116769,116815","10-129-09,10-061-09",-3.34699935437271,-0.000118313469870334,0.00655706767948178,-0.529911200427584,1.71524631563586e-10,9.95425915616157e-06,0.34434077957576,0.0260483232473371,0.402617293176765,2.36384924826763e-05,0.00685777232967213,0.229881532085471,-8.31310381122462,-5.00511908519722,0.956151263743583,-2.30514907230808,0.028850269031859
"Bcell","cg06362482","LM41","CpG ~ as.numeric(LM) +Age + Gender",47,25.3677585983393,0.0851063829787234,0.528734159096149,"116769,116815","10-129-09,10-061-09",-1.72403404326918,-0.000399500460985302,0.0135313300311011,-0.934191304009631,0.0713310356592315,4.77880124842646e-09,0.398917084680486,0.086415337341188,0.932382381237357,5.47420944986151e-05,0.0158812505152781,0.532360367825135,-1.84906330059693,-7.29786583148384,0.852031772818122,-1.75481001304831,0.000423926025010554
"Bcell","cg00482453","LM41","CpG ~ as.numeric(LM) +Age + Gender",47,14.6244740809368,0.0851063829787234,0.528734159096149,"116769,116815","10-129-09,10-061-09",4.07731398897652,0.000268651724320496,-0.0172632766628533,0.791370833157978,1.39227715364584e-05,1.92989895098317e-06,0.229625976032847,0.102879429653823,0.831684157216663,4.88298938756604e-05,0.0141660596726605,0.474864918900144,4.90247884800616,5.50178800315615,-1.21863644949697,1.66651778571242,0.00949669951782542
"Bcell","cg14250381","LM41","CpG ~ as.numeric(LM) +Age + Gender",47,33.3057215100755,0.0851063829787234,0.528734159096149,"116769,116815","10-129-09,10-061-09",4.12546536959008,0.000288391641528841,-0.0215573500927412,0.893080266123468,0.000199747214923679,1.69779087850734e-05,0.218970387256291,0.130465517139807,1.01453882112294,5.95656686956286e-05,0.017280619518299,0.579269054043178,4.0663454997452,4.84157481724042,-1.24748710947044,1.54173653829762,0.0416229559836784
"Bcell","cg06927522","LM41","CpG ~ as.numeric(LM) +Age + Gender",47,17.7365351546601,0.0851063829787234,0.528734159096149,"116769,116815","10-129-09,10-061-09",2.31292362696522,0.000326292889641823,-0.00993464049067109,1.09523655463143,0.0101197654759385,7.70686713494483e-08,0.501114640365815,0.0309266381242276,0.85967961807562,5.04735651791008e-05,0.0146429057994629,0.490849427123616,2.6904483697574,6.46462932594523,-0.678460998570073,2.23130861341641,0.00142471853674773
"Bcell","cg08637669","LM41","CpG ~ as.numeric(LM) +Age + Gender",47,18.5457695726926,0.0851063829787234,0.528734159096149,"116769,116815","10-129-09,10-061-09",4.49521671483032,0.000299713214454743,-0.0350869964179605,1.09616717213144,5.52704802053551e-06,5.3350689846918e-07,0.0220460437583508,0.0321769818249971,0.86711244221248,5.09099616291834e-05,0.0147695089448342,0.495093330774205,5.1841220307721,5.88712316535978,-2.37563730446384,2.21406168089016,0.0042432098955631
"Bcell","cg09163767","LM41","CpG ~ as.numeric(LM) +Age + Gender",47,48.3672847996311,0.0851063829787234,0.528734159096149,"116769,116815","10-129-09,10-061-09",2.68290095280497,0.000431424615815693,-0.0129006614694683,0.35695029381641,0.0294197173623951,2.06513025686531e-07,0.528138917705738,0.602295284137212,1.19084548032085,6.99169966408633e-05,0.0202836473302551,0.679934488986358,2.25293793119332,6.17052557379939,-0.636012905343001,0.52497747885763,0.00256825230917198
"Bcell","cg10443882","LM41","CpG ~ as.numeric(LM) +Age + Gender",47,10.4606899876341,0.0851063829787234,0.528734159096149,"116769,116815","10-129-09,10-061-09",-6.53243628711755,-0.000279648982118475,0.0505746809332872,-0.857252248972312,2.39313933889842e-10,3.82695166115187e-07,0.000552978018454532,0.0659207989717318,0.795648236762741,4.67141505899333e-05,0.0135522605578404,0.454289566712227,-8.21020645215795,-5.98638696384085,3.7318261936772,-1.887017250201,0.00341738912828906
"Bcell","cg20735720","LM41","CpG ~ as.numeric(LM) +Age + Gender",47,23.346826653318,0.0851063829787234,0.528734159096149,"116769,116815","10-129-09,10-061-09",3.59830124781082,0.000304285005922626,-0.0224758930787759,0.654644011323173,0.000291766119229911,1.06829900058678e-06,0.155426170484654,0.215745101013092,0.912550781466489,5.35777403338841e-05,0.0155434592716663,0.521037161851886,3.9431243947085,5.67931764248347,-1.44600327931804,1.25642479894604,0.00670377224684729
"Bcell","cg00155622","LM41","CpG ~ as.numeric(LM) +Age + Gender",47,12.5232655033981,0.0851063829787234,0.528734159096149,"116769,116815","10-129-09,10-061-09",-4.95312817470947,-0.000262217153570171,0.0290999155686042,-1.04305242371904,2.70329922450426e-07,1.99771222181644e-06,0.0415735832983224,0.0298835839211222,0.813299529998378,4.7750494456755e-05,0.0138529146836957,0.464367887740819,-6.09016480646355,-5.49140184941218,2.10063486515611,-2.24617690252777,0.00969095866071869
"Bcell","ch.2.4489892R","LM41","CpG ~ as.numeric(LM) +Age + Gender",47,-23.2506096683359,0.0851063829787234,0.528734159096149,"116769,116815","10-129-09,10-061-09",-5.00031924536416,-0.000176034161782374,0.0210743930226693,-0.432672778744606,1.93758632358438e-11,2.76193121221622e-06,0.0313180487987443,0.179896907681164,0.555865482568909,3.26360100615835e-05,0.00946804568503046,0.317381321994703,-8.99555630303827,-5.39386283587366,2.2258440362185,-1.36325848044652,0.012321714477696
"Bcell","cg19246545","LM41","CpG ~ as.numeric(LM) +Age + Gender",47,37.9980915245216,0.0851063829787234,0.528734159096149,"116769,116815","10-129-09,10-061-09",3.72025221670231,0.000314284275484164,-0.0365462294039291,1.46723656455116,0.00113441430340796,9.50085124940635e-06,0.0505242498039235,0.020324079951867,1.06646876995154,6.26145832003305e-05,0.0181651413016235,0.608919385512164,3.48838364659415,5.01934628357479,-2.01188797802871,2.40957440255752,0.0282544989145117
"Bcell","cg06518610","LM41","CpG ~ as.numeric(LM) +Age + Gender",47,-50.638523013717,0.0851063829787234,0.528734159096149,"116769,116815","10-129-09,10-061-09",3.45474674432107,0.000137989079784317,-0.00720970616733254,0.531067258207213,1.69209080208241e-10,1.14598631324097e-06,0.313880829516641,0.0303648614312443,0.415368279373447,2.43871292065953e-05,0.00707495962340629,0.237161935317448,8.31731000145776,5.65827484716814,-1.0190455565966,2.23926009667768,0.00682110216426271
"Bcell","cg09802419","LM41","CpG ~ as.numeric(LM) +Age + Gender",47,-66.0681825333982,0.0851063829787234,0.528734159096149,"116769,116815","10-129-09,10-061-09",3.5016876565364,-0.000107153786978554,0.00343375342464734,-0.243868953353839,1.0544711437064e-12,5.64589768287174e-06,0.570356537190554,0.232239855348184,0.352489287896344,2.0695373803786e-05,0.00600394301488708,0.201260052458185,9.93416758118941,-5.17766859369078,0.571916391633493,-1.21171067171667,0.0206511539336677
"Bcell","cg18501370","LM41","CpG ~ as.numeric(LM) +Age + Gender",47,-70.350449371723,0.0851063829787234,0.528734159096149,"116769,116815","10-129-09,10-061-09",3.18503496900444,-0.000107780633948277,0.0103014624609741,-0.308743694360431,4.57019534984421e-12,2.28706028011939e-06,0.0795625347936938,0.115691762872186,0.336791553256533,1.97737273952317e-05,0.00573656381365597,0.192297150589768,9.45699183428871,-5.45069888918707,1.795754879681,-1.60555522228762,0.0107146424404128
"Bcell","cg13810889","LM41","CpG ~ as.numeric(LM) +Age + Gender",47,-71.4365123239712,0.0851063829787234,0.528734159096149,"116769,116815","10-129-09,10-061-09",-3.52882875520342,-9.71580336545549e-05,0.00546337570889458,-0.443587374079606,1.43148954536884e-13,1.11454743600276e-05,0.340711268985928,0.0243612313454401,0.332922703513492,1.95465792396076e-05,0.00567066577309706,0.19008816175245,-10.5995437318092,-4.9705901203256,0.963445198060181,-2.33358758373015,0.0315018542763929
"Bcell","cg02600653","LM41","CpG ~ as.numeric(LM) +Age + Gender",47,32.6677373070748,0.0851063829787234,0.528734159096149,"116769,116815","10-129-09,10-061-09",4.0570948028612,0.000290462659803418,-0.0237316931233154,0.95942067772215,0.000226104293113351,1.36051781223844e-05,0.173906652898091,0.102674915299325,1.00767639341277,5.91627613973356e-05,0.0171637319238941,0.575350828416569,4.02618819829724,4.90955210580314,-1.38266510037236,1.66754027340603,0.0354815632315429
"Bcell","ch.5.978199R","LM41","CpG ~ as.numeric(LM) +Age + Gender",47,-5.59895545692218,0.0851063829787234,0.528734159096149,"116769,116815","10-129-09,10-061-09",-4.5943713241076,-0.000290834737204477,0.0178183675439771,-0.813208071150772,2.12124049664519e-08,3.57113337537541e-09,0.126150132445016,0.0394992482445612,0.670691911063435,3.93777067367651e-05,0.011423881952846,0.382943521516607,-6.85019641406269,-7.38577132357325,1.55974716979092,-2.12357182053935,0.000423926025010554
"Bcell","cg19343707","LM41","CpG ~ as.numeric(LM) +Age + Gender",47,-73.4909697876584,0.0851063829787234,0.528734159096149,"116769,116815","10-129-09,10-061-09",-5.2199664760879,-9.13285548238292e-05,0.0191823623918623,-0.675564804732013,9.58733327791533e-20,2.10350605726105e-05,0.00124088007858156,0.000743229013270913,0.325725307452364,1.91240052578906e-05,0.00554807266944708,0.18597867996516,-16.0256705778113,-4.7755976633685,3.45748218070367,-3.6324852120607,0.0471733647749597
"Bcell","cg05644420","LM41","CpG ~ as.numeric(LM) +Age + Gender",47,-100.929975563555,0.0851063829787234,0.528734159096149,"116769,116815","10-129-09,10-061-09",4.54496023532943,7.072630460287e-05,-0.0107554933494333,0.147361808015494,2.94564791136729e-22,1.18467141634622e-05,0.0128629030952155,0.294636295041722,0.243264686214303,1.42825719456932e-05,0.00414352255151244,0.138896315972904,18.6831895169756,4.95193056767319,-2.59573665057221,1.06094828349689,0.0325793209094565
"Bcell","cg24156177","LM41","CpG ~ as.numeric(LM) +Age + Gender",47,29.5723002066774,0.0851063829787234,0.528734159096149,"116769,116815","10-129-09,10-061-09",4.42060511085229,0.000341241748838789,-0.0355235164969454,1.20510217408702,4.58432361329867e-05,4.16721593494907e-07,0.0381578300937198,0.0360088011940771,0.975033838829501,5.72462496274521e-05,0.016607731942312,0.556712979059487,4.53379660767373,5.96094505857636,-2.13897458246187,2.16467411290272,0.00356294357928186
"Bcell","cg08258816","LM41","CpG ~ as.numeric(LM) +Age + Gender",47,-155.097561355681,0.0851063829787234,0.528734159096149,"116769,116815","10-129-09,10-061-09",3.47565030947971,4.0597462250178e-05,-0.0048919223729039,0.117603676273273,1.5478196256235e-27,8.37709440652346e-06,0.0415638003671581,0.139229661022188,0.136715097682732,8.02682563220839e-06,0.00232866553381113,0.0780599260070108,25.4225785475828,5.05772320346375,-2.10074066106768,1.50658195938734,0.0258103184170721
"Bcell","cg26152704","LM41","CpG ~ as.numeric(LM) +Age + Gender",47,-69.493387788898,0.0851063829787234,0.528734159096149,"116769,116815","10-129-09,10-061-09",4.59096904540968,-0.000121806294889172,0.00023812731486879,-0.250490445832335,4.51832334054283e-17,2.58000994806225e-07,0.967379722706972,0.203670618413921,0.339876351382897,1.99548422617722e-05,0.00578910711865583,0.194058471157664,13.5077625340211,-6.10409710541878,0.0411336860742147,-1.29079882129352,0.00298778946564007
"Bcell","cg16359370","LM41","CpG ~ as.numeric(LM) +Age + Gender",47,3.33002609702303,0.0851063829787234,0.528734159096149,"116769,116815","10-129-09,10-061-09",3.77807567670029,0.000304908095986286,-0.0233249452725123,0.837656437970707,6.76754974748744e-06,1.12057325519051e-08,0.0702057187405206,0.0530651850286131,0.737524308287981,4.33015747527821e-05,0.0125622368426617,0.42110267197361,5.1226456324814,7.04150132476869,-1.85675095642999,1.98919763212332,0.000443521285096002
"Bcell","cg10315352","LM41","CpG ~ as.numeric(LM) +Age + Gender",47,24.0285802932005,0.0851063829787234,0.528734159096149,"116769,116815","10-129-09,10-061-09",3.65190268220386,0.000257645981470541,-0.0137122933658159,0.960422290701119,0.000266307256920454,2.11392189196522e-05,0.385996706259302,0.0741924279959669,0.919193295924226,5.39677360711172e-05,0.0156566010880257,0.524829824080564,3.9729431213181,4.77407429377845,-0.875815465229115,1.82996896638574,0.0472520262906781
"Bcell","cg04223606","LM41","CpG ~ as.numeric(LM) +Age + Gender",47,6.75846307215409,0.0851063829787234,0.528734159096149,"116769,116815","10-129-09,10-061-09",-3.98030086187021,-0.000276122161032429,0.0160249416239304,-0.991349895718369,5.18402025579253e-06,2.22454382822231e-07,0.225400583259028,0.0282867054669116,0.764920404370852,4.49100561128346e-05,0.0130288740011796,0.436744962176794,-5.20354907402949,-6.14833703032309,1.22995599024747,-2.26985994475438,0.00271710152818736
"Bcell","cg23523811","LM41","CpG ~ as.numeric(LM) +Age + Gender",47,-4.57888416150434,0.0851063829787234,0.528734159096149,"116769,116815","10-129-09,10-061-09",4.1155009598653,0.000199258685844609,-0.0125111023171689,0.709651946513359,2.89249649520406e-07,9.93941015097859e-06,0.284690361476112,0.0737092355341641,0.67800977475921,3.98073536220166e-05,0.0115485269793157,0.387121786450793,6.06997290168404,5.00557479245249,-1.08335048613362,1.83314907956895,0.028850269031859
"Bcell","cg21855281","LM41","CpG ~ as.numeric(LM) +Age + Gender",47,25.9544630711504,0.0851063829787234,0.528734159096149,"116769,116815","10-129-09,10-061-09",2.77992050014282,0.000279572614258349,-0.0106325990964821,0.742547785362986,0.00494895763504961,7.90704660780636e-06,0.509385866684058,0.172849619783898,0.93822007946964,5.5084837813715e-05,0.015980683912911,0.535693505860269,2.96297271927314,5.0753097468273,-0.665340679687175,1.38614296652809,0.025365881241684
"Bcell","cg21659100","LM41","CpG ~ as.numeric(LM) +Age + Gender",47,12.5181284699113,0.0851063829787234,0.528734159096149,"116769,116815","10-129-09,10-061-09",3.67213795465092,0.000352699920557279,-0.0343156663439997,1.41739394404004,4.86276102324987e-05,3.56001714686061e-09,0.017246860919711,0.00388281161790261,0.813255084969,4.77478849973238e-05,0.0138521576523962,0.46434251105775,4.51535812381782,7.38671295235479,-2.47727951161917,3.05247508097262,0.000423926025010554
"Bcell","cg04400433","LM41","CpG ~ as.numeric(LM) +Age + Gender",47,8.74773528032266,0.0851063829787234,0.528734159096149,"116769,116815","10-129-09,10-061-09",-4.7303720413194,-0.00023258602595521,0.00899106566035399,-0.385093953452785,3.04495013190245e-07,8.03341071655521e-06,0.502888571767011,0.392777181524828,0.781280509258456,4.58705916460951e-05,0.0133075353416389,0.446086056164503,-6.05463976799981,-5.07048236372616,0.675637180704769,-0.863272788133898,0.025365881241684
"Bcell","ch.1.3571010R","LM41","CpG ~ as.numeric(LM) +Age + Gender",47,50.3683673512748,0.0851063829787234,0.528734159096149,"116769,116815","10-129-09,10-061-09",-9.27518169509952,-0.000342957858963832,0.0817964040907308,-0.505589002386898,1.62237898076334e-09,1.93146499042007e-05,0.000287722053770535,0.470606355422191,1.21646809347401,7.14213531567708e-05,0.0207200767893804,0.694564177446103,-7.62468144035848,-4.80189528488818,3.94768826979703,-0.72792265827175,0.0450694901348423
"Bcell","cg01212373","LM41","CpG ~ as.numeric(LM) +Age + Gender",47,-50.0571517903036,0.0851063829787234,0.528734159096149,"116769,116815","10-129-09,10-061-09",3.30054285438181,0.00016707938958415,-0.0131784738866607,1.01587566764758,6.63507310471377e-10,2.43513751849885e-08,0.0710156216628311,0.0001102458028482,0.41794520989711,2.45384261176925e-05,0.00711885242965222,0.23863327980984,7.89707065955928,6.80888777392628,-1.85120762326359,4.25705781044916,0.000694009119569009
"Bcell","cg03747484","LM41","CpG ~ as.numeric(LM) +Age + Gender",47,14.1057419324972,0.0851063829787234,0.528734159096149,"116769,116815","10-129-09,10-061-09",3.53234597197086,0.000295954701918091,-0.0170066676894683,1.21128995923133,0.000105612959200719,2.66456856269482e-07,0.233967139733091,0.013892655803927,0.827107209207787,4.85611718089857e-05,0.0140881006084535,0.472251628715179,4.27072322988718,6.09447200084508,-1.20716540590741,2.56492489507511,0.00298778946564007
"Bcell","cg00958304","LM41","CpG ~ as.numeric(LM) +Age + Gender",47,1.68968649146499,0.0851063829787234,0.528734159096149,"116769,116815","10-129-09,10-061-09",-4.5274886220519,-0.000263729982088228,0.0101397547360164,-0.865753035505105,1.59912413811505e-07,1.88501256286757e-07,0.41596614812254,0.0423684776469649,0.724765842428164,4.25524988823987e-05,0.0123449221479745,0.41381799809442,-6.24682946823704,-6.19775545537506,0.821370488568053,-2.09211063678184,0.00243271541120491
"Bcell","cg21951459","LM41","CpG ~ as.numeric(LM) +Age + Gender",47,12.7744272787795,0.0851063829787234,0.528734159096149,"116769,116815","10-129-09,10-061-09",4.00357356701436,0.000267753176069563,-0.0159762940996311,0.943150851335352,1.36076813695529e-05,1.42752128435614e-06,0.256417008379103,0.0490380037372327,0.815475518240042,4.78782512187339e-05,0.0138899782480439,0.465610307078664,4.90949572055194,5.59237585446303,-1.15020296031644,2.02562279441982,0.00787433403946111
"Bcell","cg20672364","LM41","CpG ~ as.numeric(LM) +Age + Gender",47,35.6609126442581,0.0851063829787234,0.528734159096149,"116769,116815","10-129-09,10-061-09",2.33216519868237,0.000306134301357275,-0.0202990501630502,1.04721687121932,0.0301828650618246,9.72369382928535e-06,0.258294383207514,0.0849907251783786,1.0402794413272,6.10769536491305e-05,0.0177190589891735,0.593966120735707,2.24186416267823,5.01227194656643,-1.14560542833867,1.76309192504482,0.028554695281529
"Bcell","cg16746026","LM41","CpG ~ as.numeric(LM) +Age + Gender",47,14.4200879560742,0.0851063829787234,0.528734159096149,"116769,116815","10-129-09,10-061-09",3.92708871796796,0.000280683420402593,-0.0174378744665102,0.743459186826395,2.42153542387461e-05,8.141301836954e-07,0.224037526905811,0.12397122239287,0.829877773862837,4.87238373796928e-05,0.0141352915809998,0.473833532072135,4.73212904556839,5.76070021364074,-1.23364094518924,1.56903033766976,0.00562485833330036
"Bcell","cg10108296","LM41","CpG ~ as.numeric(LM) +Age + Gender",47,-133.208899328822,0.0851063829787234,0.528734159096149,"116769,116815","10-129-09,10-061-09",-2.22261040576122,-5.2104594400586e-05,0.00813347534456808,-0.344122489790648,2.3514564857447e-16,6.33230384766434e-06,0.00830403563760123,0.00112039768186402,0.172562120107782,1.01314783246819e-05,0.00293924715227061,0.0985274234926562,-12.8800596815395,-5.14284221224171,2.76719681034133,-3.49265694353915,0.0222116111296573
"Bcell","cg01614898","LM41","CpG ~ as.numeric(LM) +Age + Gender",47,-100.233443029428,0.0851063829787234,0.528734159096149,"116769,116815","10-129-09,10-061-09",2.47041064327516,-8.21790704754401e-05,-0.000588913497718461,0.0401802016303719,6.76874626715321e-13,9.60073284871341e-07,0.888466051138736,0.775379501716988,0.245073953201959,1.43887977457561e-05,0.0041743397600507,0.139929349263134,10.0802660217398,-5.7113229282605,-0.141079435688126,0.287146348081801,0.00625414596652927
"Bcell","cg06107159","LM41","CpG ~ as.numeric(LM) +Age + Gender",47,-46.9253801486883,0.0851063829787234,0.528734159096149,"116769,116815","10-129-09,10-061-09",-0.664617192458657,-0.000131075091912062,0.0110329892524181,-0.505398411090969,0.131352467619696,5.85580866743626e-06,0.141169085266288,0.046647865135942,0.432104331299653,2.53697373666318e-05,0.00736002446228073,0.246717682979208,-1.53809426177161,-5.16659238595278,1.49904247043755,-2.04848880302414,0.0211922954999104
"Bcell","cg12950007","LM41","CpG ~ as.numeric(LM) +Age + Gender",47,-113.505049550169,0.0851063829787234,0.528734159096149,"116769,116815","10-129-09,10-061-09",-3.47647980146223,-6.0810522242417e-05,0.0108424350962099,-0.38435904365371,4.70366227402975e-20,1.56239426741431e-05,0.00458532283349149,0.00286077824522931,0.212804246236865,1.24941766292766e-05,0.00362469048451724,0.12150438391067,-16.3365151914905,-4.86710921789953,2.99127198377986,-3.16333478087746,0.0391454163714304
"Bcell","cg26333513","LM41","CpG ~ as.numeric(LM) +Age + Gender",47,-85.8811907797496,0.0851063829787234,0.528734159096149,"116769,116815","10-129-09,10-061-09",-3.86917724593868,-9.74574563135732e-05,0.0055310535039838,-0.252930963070745,4.02699355598087e-17,6.81123808527876e-07,0.261672496691762,0.128084503136219,0.285500434039168,1.67623198958637e-05,0.00486292320236626,0.163011570293321,-13.5522639710168,-5.81407925150156,1.13739273145264,-1.55161356102284,0.0050850515110147
"Bcell","cg08399951","LM41","CpG ~ as.numeric(LM) +Age + Gender",47,20.6404609881119,0.0851063829787234,0.528734159096149,"116769,116815","10-129-09,10-061-09",3.31206214486226,0.000264585585583494,-0.00994202738034944,0.685971225169803,0.000546978974216036,7.72002379816921e-06,0.513847751418851,0.182492000162459,0.886652034681387,5.20571714423695e-05,0.015102326433892,0.506249809964745,3.73547007767532,5.08259627352988,-0.658310984328742,1.3550053978639,0.0251725277778583
"Bcell","ch.2.225756826F","LM41","CpG ~ as.numeric(LM) +Age + Gender",47,16.473675541026,0.0851063829787234,0.528734159096149,"116769,116815","10-129-09,10-061-09",-5.14702564545381,-0.000251925124133976,0.0170731365396366,-0.67656877013474,2.91048676102855e-07,8.3492617979513e-06,0.243804587924319,0.169580019448221,0.848207336058995,4.98000038174678e-05,0.0144474986485403,0.484299122873916,-6.06812205771328,-5.05873704462671,1.1817365036654,-1.39700597870147,0.0258103184170721
"Bcell","cg06421658","LM41","CpG ~ as.numeric(LM) +Age + Gender",47,17.6191387742582,0.0851063829787234,0.528734159096149,"116769,116815","10-129-09,10-061-09",3.87461497232998,0.000284137665030207,-0.0182708825444163,1.23371015928785,4.90459558317858e-05,1.23241958573398e-06,0.218305064815982,0.015661730543627,0.858606636370583,5.04105682080357e-05,0.0146246297234678,0.490236789061531,4.51267764329002,5.63647019128251,-1.24932274456819,2.51655972545341,0.00720486183371037
"Bcell","cg16134098","LM41","CpG ~ as.numeric(LM) +Age + Gender",47,-38.5234049985485,0.0851063829787234,0.528734159096149,"116769,116815","10-129-09,10-061-09",4.29069329578819,0.000141095918141114,-0.0176985301442708,0.217717070660874,1.48133912392478e-11,7.63307828465158e-06,0.0332998615437736,0.424107591913924,0.472505686171655,2.77417843194497e-05,0.00804817993453173,0.269785557890947,9.08072309256706,5.08604336752023,-2.19907237266566,0.807000464972553,0.0251009008716839
"Bcell","cg10886007","LM41","CpG ~ as.numeric(LM) +Age + Gender",47,8.50331827726994,0.0851063829787234,0.528734159096149,"116769,116815","10-129-09,10-061-09",4.15717563837778,0.000273324787522898,-0.020053171226705,0.71128817862465,3.35884680107126e-06,3.98740800485187e-07,0.138147117229811,0.11721931397363,0.779251677421547,4.57514747404426e-05,0.0132729782893997,0.444927658403363,5.33483052886506,5.9741197212445,-1.51082679331437,1.59866028823007,0.00345236346617551
"Bcell","cg01809606","LM41","CpG ~ as.numeric(LM) +Age + Gender",47,24.5608963616067,0.0851063829787234,0.528734159096149,"116769,116815","10-129-09,10-061-09",2.80730347908559,0.000306381680278556,-0.0183701026685031,0.980934583338715,0.00405187981332909,1.19758776357087e-06,0.249766162280339,0.069952063196605,0.924413396154945,5.4274218932519e-05,0.0157455149512079,0.527810333509777,3.03684854715697,5.64506843773267,-1.16668795688348,1.85849825412815,0.00706158657192808
"Bcell","cg00761830","LM41","CpG ~ as.numeric(LM) +Age + Gender",47,18.426569905432,0.0851063829787234,0.528734159096149,"116769,116815","10-129-09,10-061-09",2.93330826301992,0.000378904073504083,-0.022285232551216,1.08183714259094,0.00151995903783764,2.86768528479704e-09,0.138158476171722,0.0341600012859667,0.866013569785526,5.08454445603834e-05,0.0147507918726887,0.494465909942174,3.38713891486293,7.45207514223033,-1.51078211553357,2.18789024852584,0.000423926025010554
"Bcell","cg08187057","LM41","CpG ~ as.numeric(LM) +Age + Gender",47,-73.0795986018088,0.0851063829787234,0.528734159096149,"116769,116815","10-129-09,10-061-09",3.27670349853541,-9.48389029165091e-05,0.0046632275456079,-0.214538807988178,8.22875632485261e-13,1.24187518133081e-05,0.407307816126018,0.257099271749517,0.327153899286666,1.92078808337992e-05,0.00557240584568591,0.186794359979803,10.0157861657159,-4.93749954704141,0.836842770384018,-1.14852936679338,0.0334423785296995
"Bcell","cg00850505","LM41","CpG ~ as.numeric(LM) +Age + Gender",47,-155.023975432491,0.0851063829787234,0.528734159096149,"116769,116815","10-129-09,10-061-09",-2.55430934156186,-3.85847240298541e-05,0.0105099786277979,-0.258179683609663,3.03389659546899e-22,1.92323664727691e-05,4.9503177561787e-05,0.00192229328505872,0.136822164123738,8.03311172399768e-06,0.00233048919436672,0.078121057503125,-18.6688272175831,-4.80321018249855,4.5097735931163,-3.30486672686599,0.0450508304984305
"Bcell","cg21588667","LM41","CpG ~ as.numeric(LM) +Age + Gender",47,-44.723653794082,0.0851063829787234,0.528734159096149,"116769,116815","10-129-09,10-061-09",3.52555962008733,0.000137749778486675,0.00492942737173048,0.181210960382813,5.22540097181503e-10,3.71991506945644e-06,0.516433777206709,0.476955700181821,0.44234480842871,2.59709769202641e-05,0.00753445030510575,0.252564666235043,7.9701616316257,5.30398909943179,0.654251759864954,0.717483419530163,0.0154854244759245
"Bcell","cg01327912","LM41","CpG ~ as.numeric(LM) +Age + Gender",47,-57.1901208197614,0.0851063829787234,0.528734159096149,"116769,116815","10-129-09,10-061-09",3.66599885991503,0.000112625545661115,-0.00542562108336477,0.51725694005187,4.48593411124954e-12,1.18594927657171e-05,0.415480561036382,0.0240819784422461,0.38740385345203,2.27452800284092e-05,0.00659864211407651,0.221195147045679,9.46299017742984,4.95160075059283,-0.822232966960067,2.33846423377928,0.0325793209094565
"Bcell","cg13485208","LM41","CpG ~ as.numeric(LM) +Age + Gender",47,-75.5383153601073,0.0851063829787234,0.528734159096149,"116769,116815","10-129-09,10-061-09",3.62092887289448,-9.31514204929031e-05,0.00267348256994064,-0.153115954568184,1.56094501528419e-14,1.08724866681275e-05,0.62488084560242,0.404764093343289,0.318707622604646,1.87119824925253e-05,0.00542854058331308,0.181971807503827,11.3612873244209,-4.97816949808036,0.492486429623226,-0.84142679390028,0.0309863604940245
"Bcell","cg23774361","LM41","CpG ~ as.numeric(LM) +Age + Gender",47,33.6028854016937,0.0851063829787234,0.528734159096149,"116769,116815","10-129-09,10-061-09",5.55737914309015,0.000345311448369639,-0.0521885624289768,0.99710660677913,2.21416305360793e-06,7.66210365688285e-07,0.004352339763608,0.0933807994349695,1.01775117591791,5.97542726775227e-05,0.0173353354934927,0.581103205368479,5.46044973917907,5.7788578606452,-3.0105308575405,1.7158855734531,0.00540292844411297
"Bcell","ch.1.1021960F","LM41","CpG ~ as.numeric(LM) +Age + Gender",47,52.7494116503971,0.0851063829787234,0.528734159096149,"116769,116815","10-129-09,10-061-09",-4.34079760867741,-0.000355177878119958,0.0329925529596962,-0.954851508284576,0.00116541520758337,1.65938564691587e-05,0.127879229940096,0.187166478832505,1.24767511715383,7.32535819436707e-05,0.0212516254016973,0.712382384803121,-3.47910890342956,-4.84860765434074,1.5524719797226,-1.34036372691678,0.0413834823738148
"Bcell","cg13636583","LM41","CpG ~ as.numeric(LM) +Age + Gender",47,-34.7025714999511,0.0851063829787234,0.528734159096149,"116769,116815","10-129-09,10-061-09",-3.50659764827069,-0.000138134127849752,0.0246230518177148,-0.901435977819026,8.46715629744726e-09,2.06734197265382e-05,0.00529789223387139,0.00252420294420091,0.492107380617343,2.88926402679017e-05,0.00838205520532222,0.280977495313933,-7.12567579025477,-4.7809451323565,2.93759122489199,-3.20821415541435,0.0469784575609751
"Bcell","cg13140773","LM41","CpG ~ as.numeric(LM) +Age + Gender",47,15.2428424225622,0.0851063829787234,0.528734159096149,"116769,116815","10-129-09,10-061-09",4.37568338264144,0.000285670198326903,-0.0316739128861842,0.914959893620726,4.80212091060573e-06,6.85978944516089e-07,0.0316511520019207,0.0622716903869332,0.83717333230533,4.91521746774752e-05,0.014259556682535,0.477999061423709,5.22673526949562,5.81195440896363,-2.22124106599879,1.91414579538198,0.0050850515110147
"Bcell","cg22542751","LM41","CpG ~ as.numeric(LM) +Age + Gender",47,-174.279519281003,0.0851063829787234,0.528734159096149,"116769,116815","10-129-09,10-061-09",-3.49763550781807,-3.66335071237788e-05,0.0110109036277408,-0.297191712619445,2.87664319586902e-31,1.4055184318114e-06,7.16770808571846e-07,2.96841659267112e-05,0.111478951730075,6.54515940350096e-06,0.00189881876280887,0.0636508978955869,-31.3748510686298,-5.5970381873639,5.7988175824915,-4.66908908507401,0.00781599658347023
"Bcell","cg03232443","LM41","CpG ~ as.numeric(LM) +Age + Gender",47,15.44639840028,0.0851063829787234,0.528734159096149,"116769,116815","10-129-09,10-061-09",4.07273935185382,0.000280141990043656,-0.0209775003194398,0.644413675309371,1.6286823980632e-05,1.04072622245443e-06,0.149398800807587,0.185602132271431,0.83898818636605,4.92587285061322e-05,0.0142904690555774,0.479035284753061,4.85434648310635,5.68715430827212,-1.46793644336345,1.34523216936214,0.00663340938634727
"Bcell","cg00803358","LM41","CpG ~ as.numeric(LM) +Age + Gender",47,-112.704734538429,0.0851063829787234,0.528734159096149,"116769,116815","10-129-09,10-061-09",2.16418447888949,-6.01913196904806e-05,-0.00125892673430981,-0.0514854947293659,6.7004515026001e-13,2.09594974734466e-05,0.732242666162798,0.676474330926817,0.21462379416673,1.26010060446815e-05,0.00365568280813922,0.122543287288416,10.0836185814898,-4.77670746899495,-0.344375264589931,-0.420141289405682,0.0471733647749597
"Bcell","cg20198242","LM41","CpG ~ as.numeric(LM) +Age + Gender",47,43.2078096386721,0.0851063829787234,0.528734159096149,"116769,116815","10-129-09,10-061-09",-1.66280639413309,-0.000352960568173977,0.0360624543075301,-0.884753444426286,0.147468536567663,3.3779785800822e-06,0.0671424448113286,0.176361112433162,1.12724376696147,6.61828087442922e-05,0.0192003206143205,0.643619955164546,-1.47510808475371,-5.33311557594505,1.87822146473081,-1.37465197796748,0.0145315752131027
"Bcell","cg02211825","LM41","CpG ~ as.numeric(LM) +Age + Gender",47,16.0292525405076,0.0851063829787234,0.528734159096149,"116769,116815","10-129-09,10-061-09",2.85061097157095,0.000310362335910181,-0.0187677602472718,1.16853169282597,0.00156627343690102,1.52132380682197e-07,0.198770030446838,0.0196170747468487,0.844206558080867,4.95651098827969e-05,0.0143793534769828,0.482014807255257,3.37667475368971,6.261709832664,-1.30518804460253,2.42426513716447,0.00221399548350467
"Bcell","cg01653719","LM41","CpG ~ as.numeric(LM) +Age + Gender",47,14.1078643115053,0.0851063829787234,0.528734159096149,"116769,116815","10-129-09,10-061-09",3.77313901047102,0.000268889066720058,-0.0175230522134004,0.56420055529945,4.1918199968998e-05,1.71659393601202e-06,0.220314507137429,0.238761719138712,0.827125884258808,4.85622682597856e-05,0.0140884187002253,0.472262291568994,4.56174698710118,5.53699562140768,-1.24379127184232,1.1946762749679,0.00903185899432724
"Bcell","cg04504475","LM41","CpG ~ as.numeric(LM) +Age + Gender",47,-2.76463140609243,0.0851063829787234,0.528734159096149,"116769,116815","10-129-09,10-061-09",-5.13681462214138,-0.000272108282886268,0.0194719490184549,-0.685908091236038,3.0697221516697e-09,3.44685690713635e-08,0.105437548556811,0.0893780127336302,0.691222843585962,4.0583120171113e-05,0.0117735849172776,0.394666024010681,-7.43148851315785,-6.70496210589432,1.6538674630766,-1.73794562872601,0.000902043597988432
"Bcell","cg13155299","LM41","CpG ~ as.numeric(LM) +Age + Gender",47,-56.8875271894731,0.0851063829787234,0.528734159096149,"116769,116815","10-129-09,10-061-09",3.80144739274806,0.000113018254261326,-0.00935616067730998,0.252456124206144,1.68274713613951e-12,1.18093568196363e-05,0.164755856976714,0.261562284628927,0.388652947291723,2.28186169064821e-05,0.00661991790455093,0.221908339475446,9.78108469069371,4.95289678268015,-1.41333484979897,1.13765947148677,0.0325793209094565
"Bcell","cg24769205","LM41","CpG ~ as.numeric(LM) +Age + Gender",47,-113.487085655578,0.0851063829787234,0.528734159096149,"116769,116815","10-129-09,10-061-09",4.09108662940986,6.32495112300574e-05,-0.00935397863631436,0.283298263780979,9.87769352474453e-23,8.27789739611316e-06,0.0133752520169322,0.0245022895730819,0.212844918134198,1.24965645603358e-05,0.00362538324813383,0.12152760625663,19.2209739620396,5.06135193594021,-2.58013511844005,2.33114328922713,0.025736547406611
"Bcell","cg04222920","LM41","CpG ~ as.numeric(LM) +Age + Gender",47,-42.7335431657282,0.0851063829787234,0.528734159096149,"116769,116815","10-129-09,10-061-09",-4.31959460246625,-0.000137756705785252,0.0133596992955112,-0.638172278051104,3.31542156479582e-12,5.36514672578388e-06,0.0897246482795855,0.0173925876830608,0.451809701671995,2.65266803427758e-05,0.00769566564306343,0.257968816023602,-9.56065039436047,-5.19313777695399,1.7360030847433,-2.47383496923409,0.0200531887142216
"Bcell","cg14207145","LM41","CpG ~ as.numeric(LM) +Age + Gender",47,-73.4506356042268,0.0851063829787234,0.528734159096149,"116769,116815","10-129-09,10-061-09",3.68727305025358,-9.88145709076846e-05,0.000217560797845385,0.0074923517073167,1.78040047043913e-14,5.88997053685628e-06,0.968914798180566,0.968065223769426,0.325865101956046,1.91322128818064e-05,0.00555045378644188,0.186058498133003,11.3153357880923,-5.16482706512488,0.039196938883956,0.0402687960103861,0.021203738933458
"Bcell","cg23731248","LM41","CpG ~ as.numeric(LM) +Age + Gender",47,17.4596985715973,0.0851063829787234,0.528734159096149,"116769,116815","10-129-09,10-061-09",4.221492910856,0.000282235245101676,-0.0222060372883539,0.855868217178996,1.29351348596405e-05,1.35404022289771e-06,0.135585612693197,0.0874633687335555,0.857151525926288,5.0325135669787e-05,0.0145998448562735,0.489405967773035,4.92502525302514,5.60823614969642,-1.52097762044452,1.7487899076374,0.00764620732845712
"Bcell","cg13823218","LM41","CpG ~ as.numeric(LM) +Age + Gender",47,17.3161458344835,0.0851063829787234,0.528734159096149,"116769,116815","10-129-09,10-061-09",3.25026427195093,0.000280613893911482,-0.0148394347489407,0.768321710424789,0.000453671382154203,1.46527222069506e-06,0.314388715897352,0.123209658191608,0.855843520182993,5.02483399522304e-05,0.0145775656205192,0.48865913854006,3.79773193966109,5.58454058737569,-1.01796384494081,1.57230603058046,0.00795427676662157
"Bcell","cg00654448","LM41","CpG ~ as.numeric(LM) +Age + Gender",47,-137.353986349544,0.0851063829787234,0.528734159096149,"116769,116815","10-129-09,10-061-09",-3.65869674222211,-4.85900580385673e-05,0.00533442202335568,-0.361590636713595,3.78316584689816e-25,9.72703601721689e-06,0.0645958316297738,0.000404890181404845,0.165118040942979,9.69442106867283e-06,0.00281245230023265,0.0942770935829095,-22.1580677758015,-5.01216706953077,1.89671555422092,-3.83540288496064,0.028554695281529
"Bcell","cg14781693","LM41","CpG ~ as.numeric(LM) +Age + Gender",47,-126.934393597295,0.0851063829787234,0.528734159096149,"116769,116815","10-129-09,10-061-09",3.47016810007942,5.35162953683761e-05,-0.00596370333041218,0.122149930681524,2.26612102791807e-22,1.22733488540625e-05,0.0644252981656806,0.252568702151335,0.184473781775604,1.08308365727325e-05,0.0031421382480342,0.105328599399128,18.8111723339665,4.9411045037008,-1.89797611042201,1.15970336051517,0.0333131319422003
"Bcell","cg04889045","LM41","CpG ~ as.numeric(LM) +Age + Gender",47,17.8329998783418,0.0851063829787234,0.528734159096149,"116769,116815","10-129-09,10-061-09",4.11811673615389,0.000329357059520028,-0.0287149492660013,0.839326328783286,2.03782118722062e-05,6.43118952646442e-08,0.056617313045679,0.0948112161295168,0.860562291724191,5.05253887712812e-05,0.0146579403621254,0.491353405402998,4.78537901992311,6.51864473544111,-1.95900300837611,1.70819275811244,0.00129379455298648
"Bcell","cg26793147","LM41","CpG ~ as.numeric(LM) +Age + Gender",47,4.58499561797088,0.0851063829787234,0.528734159096149,"116769,116815","10-129-09,10-061-09",2.03685124043909,0.000229404044634507,-0.0154350987084371,0.550457258144783,0.00925846901241379,4.78902446246289e-06,0.231980458422039,0.203998727759168,0.747436825749493,4.38835591172627e-05,0.0127310765550064,0.426762400801691,2.72511491308532,5.22756242312773,-1.21239540440651,1.28984478742908,0.0185066033175271
"Bcell","cg10138522","LM41","CpG ~ as.numeric(LM) +Age + Gender",47,24.9632894300231,0.0851063829787234,0.528734159096149,"116769,116815","10-129-09,10-061-09",-3.72307163550628,-0.00031952325154779,0.0258006851166003,-0.482076096751933,0.00023744505372566,5.8017615938552e-07,0.110065967272555,0.368182509126425,0.928379086120701,5.45070527775446e-05,0.0158130624693501,0.530074615001291,-4.01029244536669,-5.86205335393634,1.63160584273975,-0.909449505992206,0.00456135163378045
"Bcell","cg17439770","LM41","CpG ~ as.numeric(LM) +Age + Gender",47,-48.0681503961778,0.0851063829787234,0.528734159096149,"116769,116815","10-129-09,10-061-09",3.18641251334734,0.000162664257029458,-0.0167945133412051,0.644699485231215,2.75346323449634e-09,7.0748849896521e-08,0.0257675216344061,0.0113588839232131,0.426882985243867,2.50631813602683e-05,0.0072710893789849,0.24373646222393,7.46436991750099,6.49016797553578,-2.30976576766406,2.64506787104715,0.00134421832180475
"Bcell","cg12544907","LM41","CpG ~ as.numeric(LM) +Age + Gender",47,27.6484521248722,0.0851063829787234,0.528734159096149,"116769,116815","10-129-09,10-061-09",3.91652720476422,0.000285811536396808,-0.0231637739710499,1.5738088163188,0.000180053502322768,7.38969030324022e-06,0.161778817432397,0.00608849688439395,0.955281162296459,5.60865292089502e-05,0.016271284996637,0.545434835718011,4.09986856157515,5.0959034268642,-1.42359831911478,2.88542042652454,0.0245364622279844
"Bcell","cg22063259","LM41","CpG ~ as.numeric(LM) +Age + Gender",47,-127.067761766845,0.0851063829787234,0.528734159096149,"116769,116815","10-129-09,10-061-09",-3.6055489341428,-5.78329898875874e-05,0.0127254234765215,-0.466093171086446,4.89665856363796e-23,3.22355485751052e-06,0.000206444066769212,6.35458452398218e-05,0.184212234058466,1.08154805662961e-05,0.00313768331098138,0.105179264060214,-19.5727984765576,-5.34724181076245,4.05567490893188,-4.43141692662551,0.0139550342073602
"Bcell","cg04382220","LM41","CpG ~ as.numeric(LM) +Age + Gender",47,-46.6598902946663,0.0851063829787234,0.528734159096149,"116769,116815","10-129-09,10-061-09",2.98686134789588,0.000153192289161144,-0.0128152242879532,0.737860722913149,1.83955339879687e-08,3.40404908994473e-07,0.089674746789311,0.00469813940412288,0.433326474627295,2.5441491924503e-05,0.00738084120522056,0.247415487532931,6.89286605547212,6.02135635817813,-1.7362823466367,2.98227378678119,0.0032338229962177
"Bcell","cg15179955","LM41","CpG ~ as.numeric(LM) +Age + Gender",47,-138.722069920809,0.0851063829787234,0.528734159096149,"116769,116815","10-129-09,10-061-09",-4.62147361123977,-5.00567369266839e-05,0.0072905730161007,-0.273925834693027,1.72116196661978e-29,4.60912697484123e-06,0.0117927131075502,0.00515021794293962,0.162732302899776,9.55434946281872e-06,0.00277181607169552,0.0929149138508892,-28.3992392959993,-5.23915700608215,2.6302513686058,-2.94813634690149,0.0181185046273364
"Bcell","cg05242207","LM41","CpG ~ as.numeric(LM) +Age + Gender",47,-61.6641196195108,0.0851063829787234,0.528734159096149,"116769,116815","10-129-09,10-061-09",-5.22992210148659,-0.000113236369079712,0.0192699499642019,-0.369339710371544,8.60278744663312e-18,4.89167288032716e-06,0.00377637268803994,0.0870529142564833,0.36939700720918,2.16880609104976e-05,0.00629193186093629,0.210913816679384,-14.1579980330621,-5.22113846632104,3.06264441352905,-1.75114042401967,0.0186920658758624
"Bcell","cg01093203","LM41","CpG ~ as.numeric(LM) +Age + Gender",47,21.6195146102878,0.0851063829787234,0.528734159096149,"116769,116815","10-129-09,10-061-09",3.33872986829284,0.000318628593167671,-0.0252974018106939,1.22195305066497,0.000561809535003772,3.01769430924869e-07,0.104654951271091,0.0213669529883446,0.895935187337835,5.2602204499826e-05,0.0152604461880566,0.511550191720356,3.72653057439733,6.05732395053377,-1.6577104954174,2.38872562349261,0.0031460587320683
"Bcell","cg18182621","LM41","CpG ~ as.numeric(LM) +Age + Gender",47,29.2381664258231,0.0851063829787234,0.528734159096149,"116769,116815","10-129-09,10-061-09",4.69709674323407,0.000284114778034784,-0.0353651920636064,0.945509128860572,1.73718321652737e-05,1.07827632396394e-05,0.0383254395807266,0.0955182305003736,0.971574121846091,5.70431225007974e-05,0.016548802651893,0.554737591876157,4.8345222846293,4.98070171440585,-2.13702421906403,1.70442591723918,0.0308592307200718
"Bcell","cg17319581","LM41","CpG ~ as.numeric(LM) +Age + Gender",47,-125.345350743756,0.0851063829787234,0.528734159096149,"116769,116815","10-129-09,10-061-09",3.11300955797026,5.91089068368002e-05,-0.000261310445420547,0.114844191231937,2.63781949093958e-20,3.02943902833496e-06,0.935209667393322,0.289671052826165,0.187618765407353,1.10154850545467e-05,0.00319570669154765,0.107124283955908,16.5922078807596,5.36598311777497,-0.0817692205957728,1.0720649603521,0.013282827872987
"Bcell","ch.4.74730522R","LM41","CpG ~ as.numeric(LM) +Age + Gender",47,-90.2104412476865,0.0851063829787234,0.528734159096149,"116769,116815","10-129-09,10-061-09",-4.46446124239586,-8.03117013063186e-05,0.00798146253328129,-0.516696985117505,4.31604606477673e-20,9.5733229073146e-06,0.0928715884667407,0.00184615618562015,0.272649665174623,1.6007824725514e-05,0.00464403631243927,0.155674194365554,-16.3743507241666,-5.01702777756644,1.71864774439911,-3.31909207703492,0.0283467749003838
"Bcell","cg13787154","LM41","CpG ~ as.numeric(LM) +Age + Gender",47,7.56898485891737,0.0851063829787234,0.528734159096149,"116769,116815","10-129-09,10-061-09",3.59478175938336,0.000308970027463213,-0.0207972657311099,0.977315203298565,3.06455578060318e-05,2.34101268300227e-08,0.120854766586924,0.0318500409670911,0.771544503128319,4.52989706262858e-05,0.0131417021432833,0.4405271096326,4.65920208725212,6.82068539729522,-1.58253972768203,2.21851319005917,0.000694009119569009
"Bcell","cg27443949","LM41","CpG ~ as.numeric(LM) +Age + Gender",47,2.52115586173234,0.0851063829787234,0.528734159096149,"116769,116815","10-129-09,10-061-09",-3.3911937380549,-0.000304059665191964,0.0132835863246599,-1.04182614421867,3.28311745810282e-05,9.77258533918847e-09,0.292122302208014,0.0164973675876018,0.731205137003864,4.29305631608117e-05,0.0124546025241337,0.417494628303053,-4.63781443323883,-7.08259204644022,1.06656043811272,-2.4954240691749,0.000443521285096002
"Bcell","cg08732636","LM41","CpG ~ as.numeric(LM) +Age + Gender",47,46.1336361674547,0.0851063829787234,0.528734159096149,"116769,116815","10-129-09,10-061-09",1.6889890535466,0.00036273405304885,0.00342153515280566,0.459290034955627,0.153644279481734,3.6127299725359e-06,0.86366575577842,0.492822045558354,1.16288190274568,6.82751972708373e-05,0.0198073442707902,0.663968185093031,1.45241666377189,5.3128232147018,0.172740732226853,0.691735003675325,0.015160056672176
"Bcell","cg08634987","LM41","CpG ~ as.numeric(LM) +Age + Gender",47,24.73432662256,0.0851063829787234,0.528734159096149,"116769,116815","10-129-09,10-061-09",3.38499015414469,0.000300309316347389,-0.0280082131094797,0.565417686211468,0.000695211526005113,1.79850919190371e-06,0.0828886807694111,0.290910776915026,0.926120515773073,5.43744474496345e-05,0.015774592285637,0.528785043935581,3.65502123805031,5.52298607954696,-1.77552691076406,1.06927700148862,0.00918926499719596
"Bcell","cg21196958","LM41","CpG ~ as.numeric(LM) +Age + Gender",47,9.00286597923867,0.0851063829787234,0.528734159096149,"116769,116815","10-129-09,10-061-09",-4.44470921770546,-0.000281010704094815,0.0239407358278541,-0.601795941909417,1.08892561418137e-06,2.53323363877702e-07,0.0798206755063819,0.185547946632561,0.783403907043835,4.59952607138129e-05,0.0133437031337935,0.447298448042354,-5.67358571707602,-6.10955780516805,1.7941598061503,-1.34540136354874,0.00298744679785394
"Bcell","cg01781902","LM41","CpG ~ as.numeric(LM) +Age + Gender",47,-115.468033396445,0.0851063829787234,0.528734159096149,"116769,116815","10-129-09,10-061-09",-4.74273794683965,5.95588283691364e-05,-0.00644657347364081,0.211067507247699,1.3119881793579e-25,1.56030278682311e-05,0.0763392731054506,0.083182032526202,0.208406376019373,1.22359685894387e-05,0.00354978164876147,0.118993341388047,-22.7571633720015,4.86752053454464,-1.81604789012587,1.7737757826246,0.0391454163714304
"Bcell","cg06293931","LM41","CpG ~ as.numeric(LM) +Age + Gender",47,-56.6649676898226,0.0851063829787234,0.528734159096149,"116769,116815","10-129-09,10-061-09",3.01356644214752,0.00013587765196756,-0.00630225013760079,0.153101742728474,1.1266719743588e-09,4.4608732914318e-07,0.347541049265561,0.494960173640597,0.389574233307774,2.28727075104722e-05,0.00663561015089916,0.222434364175448,7.73553840191152,5.94060199936315,-0.949761965257528,0.688300763670278,0.00367616268309987
"Bcell","cg18611813","LM41","CpG ~ as.numeric(LM) +Age + Gender",47,39.7193026714471,0.0851063829787234,0.528734159096149,"116769,116815","10-129-09,10-061-09",3.41229081581416,0.000303339795538333,-0.0201803357760111,0.666234429689728,0.00303894088231668,2.23669647852866e-05,0.281444180396901,0.28869143438435,1.08617650142319,6.37716648014896e-05,0.0185008226989638,0.620171866668367,3.14156199415391,4.75665480088341,-1.09078045362499,1.07427386745035,0.0491925790299425
"Bcell","cg15951892","LM41","CpG ~ as.numeric(LM) +Age + Gender",47,-73.7754070845569,0.0851063829787234,0.528734159096149,"116769,116815","10-129-09,10-061-09",3.52146752793507,-9.41026887545917e-05,0.00191938529518746,-0.173638453112655,6.97396487835938e-14,1.24972727392415e-05,0.730281092805111,0.354257952496532,0.324741175606658,1.90662248454966e-05,0.00553130997133497,0.185416772316633,10.8439206126434,-4.93557007310854,0.347003748684188,-0.936476516893172,0.0334541657644126
"Bcell","cg11341604","LM41","CpG ~ as.numeric(LM) +Age + Gender",47,-7.81828929773375,0.0851063829787234,0.528734159096149,"116769,116815","10-129-09,10-061-09",3.61807573557936,0.000216018805245312,-0.0103390351695334,0.950371558891251,1.79590089480583e-06,1.3156091400968e-06,0.359275689780611,0.0147419581601032,0.655042388047084,3.84588909321566e-05,0.0111573239392363,0.374008146935401,5.52342230304536,5.61687557829943,-0.926659047083384,2.54104507262351,0.00749891728150426
"Bcell","cg06858239","LM41","CpG ~ as.numeric(LM) +Age + Gender",47,18.8056993915727,0.0851063829787234,0.528734159096149,"116769,116815","10-129-09,10-061-09",2.55726558251875,0.000310817375962092,-0.0122004552787572,0.61888541134698,0.0052493017064115,2.71953135821751e-07,0.414612751945288,0.219297535108536,0.86951350913463,5.10509332251668e-05,0.0148104062698609,0.496464262803349,2.94103030677905,6.08837794582895,-0.823775867889939,1.2465860238406,0.00300023524413546
"Bcell","cg05003364","LM41","CpG ~ as.numeric(LM) +Age + Gender",47,26.3231930503265,0.0851063829787234,0.528734159096149,"116769,116815","10-129-09,10-061-09",2.4137870143587,0.000305361488169554,-0.00418352651071036,1.23560869937184,0.0139713192955565,1.80577848782494e-06,0.795521173835099,0.0265177971729355,0.941907625003542,5.53013412249194e-05,0.0160434938024894,0.537798975822276,2.56265789795429,5.52177363886347,-0.260761562426086,2.29752891864965,0.00918926499719596
"Bcell","cg10647704","LM41","CpG ~ as.numeric(LM) +Age + Gender",47,50.4238622971753,0.0851063829787234,0.528734159096149,"116769,116815","10-129-09,10-061-09",2.04213100346934,0.00039427305124794,0.00542077040568729,0.0753766516310023,0.100651689175476,1.83393684479667e-06,0.794982420112242,0.914135650209129,1.2171864739242,7.14635307560923e-05,0.0207323129492696,0.69497434959049,1.67774703976584,5.51712246899204,0.261464816730844,0.10845961678358,0.00920998917126327
"Bcell","cg22840454","LM41","CpG ~ as.numeric(LM) +Age + Gender",47,-92.1366474592202,0.0851063829787234,0.528734159096149,"116769,116815","10-129-09,10-061-09",3.69094004043862,7.50554958466349e-05,-0.0101619924949084,0.302102741007453,2.03734253634937e-17,2.03540362375399e-05,0.0307721131549574,0.0540349209290218,0.267119503759103,1.56831375318336e-05,0.00454984118327643,0.15251664996688,13.8175610110718,4.7857449247185,-2.2334829031528,1.98078531801647,0.0464068633876537
"Bcell","cg23847901","LM41","CpG ~ as.numeric(LM) +Age + Gender",47,17.5198397213195,0.0851063829787234,0.528734159096149,"116769,116815","10-129-09,10-061-09",-2.55508482610896,-0.000314948247178665,0.0157924893818144,-0.742658381164589,0.00473988293672025,1.55975573734044e-07,0.285724053239709,0.136711193064531,0.857700106486172,5.0357343966998e-05,0.0146091888180156,0.489719189638353,-2.97899557990803,-6.25426645585336,1.08099700664691,-1.51649842782968,0.0022164147703516
"Bcell","cg18970775","LM41","CpG ~ as.numeric(LM) +Age + Gender",47,34.0933629284444,0.0851063829787234,0.528734159096149,"116769,116815","10-129-09,10-061-09",4.28377671157889,0.000306783444329845,-0.032357964014084,1.86233324896323,0.000137224154757091,7.1164104328243e-06,0.0701875701369089,0.00266980065835679,1.0230755235831,6.00668761210202e-05,0.0174260250011484,0.584143236731691,4.1871558969331,5.10736472647173,-1.85687579421879,3.18814484506072,0.0239782716945796
"Bcell","cg03352409","LM41","CpG ~ as.numeric(LM) +Age + Gender",47,-126.178589768638,0.0851063829787234,0.528734159096149,"116769,116815","10-129-09,10-061-09",-4.22519801115741,5.42856883021706e-05,-0.000166714150074316,0.182127782859547,1.39854452189193e-25,1.10940642016737e-05,0.958268362092367,0.0934906014498403,0.185963016040052,1.09182725909108e-05,0.00316750434557698,0.106178904292006,-22.720636076624,4.9720033869975,-0.0526326507829774,1.71529160216866,0.0314866574424224
"Bcell","cg17778165","LM41","CpG ~ as.numeric(LM) +Age + Gender",47,17.209567762006,0.0851063829787234,0.528734159096149,"116769,116815","10-129-09,10-061-09",-4.99892212734362,-0.000286169655180303,0.0433141334672065,-0.761516690941415,6.0899805469133e-07,9.91850795175994e-07,0.00479565104105897,0.12605540890304,0.854873706751776,5.01914002035114e-05,0.0145610468076757,0.488105406245935,-5.84755629733635,-5.70156748008562,2.97465793766791,-1.56014803605293,0.0064001979683623
"Bcell","cg16071082","LM41","CpG ~ as.numeric(LM) +Age + Gender",47,-149.525552205284,0.0851063829787234,0.528734159096149,"116769,116815","10-129-09,10-061-09",3.45843659027258,4.22018273641866e-05,-0.00795003165268834,0.257935987408468,2.04952974878955e-26,1.17283406814071e-05,0.00245942761760075,0.00327810919383412,0.145064123345179,8.51701416534917e-06,0.00247087432150598,0.08282695127699,23.8407437381554,4.95500260359805,-3.21749737875897,3.11415527713773,0.0325793209094565
"Bcell","cg20827116","LM41","CpG ~ as.numeric(LM) +Age + Gender",47,18.7445151521315,0.0851063829787234,0.528734159096149,"116769,116815","10-129-09,10-061-09",-4.02598466557614,-0.000265191681795257,0.000318141547883353,-0.313784323980658,3.33253993435665e-05,5.279245640292e-06,0.982950282014534,0.530441967359077,0.868947730278374,5.101771518047e-05,0.0148007693698794,0.496141221263649,-4.63317242831901,-5.19803132808219,0.0214949331303542,-0.632449614207551,0.0198405363831403
"Bcell","cg25034709","LM41","CpG ~ as.numeric(LM) +Age + Gender",47,21.8279209242544,0.0851063829787234,0.528734159096149,"116769,116815","10-129-09,10-061-09",3.93580718756125,0.000273110102423511,-0.0257469473856875,1.34152544374348,7.40466887909091e-05,5.59360478956914e-06,0.099539076739497,0.0122038993542928,0.897923758494956,5.27189576178502e-05,0.0152943174809394,0.512685601927535,4.38323092615146,5.18049132160833,-1.68343225631184,2.61666299716585,0.0206511539336677
"Bcell","cg20225180","LM41","CpG ~ as.numeric(LM) +Age + Gender",47,10.5310015419516,0.0851063829787234,0.528734159096149,"116769,116815","10-129-09,10-061-09",3.42139916258737,0.000338527913588325,-0.0259100460826596,0.576409333849414,9.72556048671558e-05,5.76408160605798e-09,0.0627607893725229,0.21166821207205,0.796243600508301,4.67491056245589e-05,0.0135624013766517,0.4546295002727,4.29692516260506,7.24137732830732,-1.91043203656139,1.2678661052652,0.00042419102831868
"Bcell","cg03993093","LM41","CpG ~ as.numeric(LM) +Age + Gender",47,17.2839515155671,0.0851063829787234,0.528734159096149,"116769,116815","10-129-09,10-061-09",3.32637530802428,0.000260111261129338,-0.0120761790463461,0.692791647759801,0.000345183590866962,5.6343863542827e-06,0.411854923731228,0.163331914825763,0.855550450168448,5.02311332066357e-05,0.014572573764803,0.488491804982626,3.88799434021612,5.17828773759332,-0.828692257198491,1.41822573212757,0.0206511539336677
"Bcell","cg13607311","LM41","CpG ~ as.numeric(LM) +Age + Gender",47,22.3047623262105,0.0851063829787234,0.528734159096149,"116769,116815","10-129-09,10-061-09",3.30730826823931,0.000317107259866963,-0.0120964352547059,0.668480615388564,0.000675624209602161,3.84971178299288e-07,0.435651221791088,0.201451234464956,0.902490301705366,5.29870687973263e-05,0.0153720993204215,0.515292951307043,3.66464687984984,5.98461600281923,-0.786908476361195,1.29728266938828,0.00341738912828906
"Bcell","cg07139350","LM41","CpG ~ as.numeric(LM) +Age + Gender",47,-118.585222247393,0.0851063829787234,0.528734159096149,"116769,116815","10-129-09,10-061-09",4.06680000455413,5.91284464628251e-05,-0.0114051078737543,0.255368755287654,1.51727506811708e-23,1.02801929473713e-05,0.00183493653143224,0.0318556519960349,0.201608625599356,1.18368586283767e-05,0.00343399570135076,0.115112044415038,20.1717560072843,4.99528196789267,-3.3212353379674,2.21843645107126,0.0295445402312489
"Bcell","cg01813761","LM41","CpG ~ as.numeric(LM) +Age + Gender",47,7.88464850293624,0.0851063829787234,0.528734159096149,"116769,116815","10-129-09,10-061-09",-3.99502406562688,-0.000282125332811528,0.0166303766164107,-1.2415348635922,5.97262048186538e-06,1.82631437192492e-07,0.214028106952365,0.0074498464215694,0.774139800368883,4.54513458852503e-05,0.0131859077894521,0.442008940929936,-5.16059769013714,-6.20719424951248,1.26122348813284,-2.80884558801041,0.00243271541120491
"Bcell","cg26939227","LM41","CpG ~ as.numeric(LM) +Age + Gender",47,-70.501105094874,0.0851063829787234,0.528734159096149,"116769,116815","10-129-09,10-061-09",3.55537523267832,-9.69079399434832e-05,0.00359143358897336,-0.159842688398855,1.54604172231413e-13,1.36428645383311e-05,0.533932642189128,0.409692797516131,0.336252202873092,1.97420610207352e-05,0.00572737706932522,0.19198919885849,10.5735373695683,-4.90870430608537,0.627064281869693,-0.832560838574418,0.0354815632315429
"Bcell","ch.20.577701F","LM41","CpG ~ as.numeric(LM) +Age + Gender",47,7.50856821236594,0.0851063829787234,0.528734159096149,"116769,116815","10-129-09,10-061-09",-5.28147487044146,-0.000271481625851224,0.0216015887697826,-0.413208904173423,2.12455679297034e-08,3.69381994943505e-07,0.107303023163531,0.353183500578793,0.771048767441126,4.52698649606483e-05,0.0131332582872044,0.440244060490865,-6.84972869870351,-5.99696124755871,1.64480042175282,-0.938590525702271,0.00336873916841844
"Bcell","cg05840833","LM41","CpG ~ as.numeric(LM) +Age + Gender",47,16.5615396802989,0.0851063829787234,0.528734159096149,"116769,116815","10-129-09,10-061-09",4.22000228140585,0.000241458143367384,-0.0127578181498566,0.188769885453682,1.11468250794668e-05,1.68430265641957e-05,0.382562193887943,0.698890896474582,0.849000547223751,4.98465748825289e-05,0.0144610093984993,0.484752020950853,4.9705530758553,4.84402677488708,-0.88222182824807,0.38941536557889,0.0416110732088134
"Bcell","cg22628851","LM41","CpG ~ as.numeric(LM) +Age + Gender",47,-9.38637286574012,0.0851063829787234,0.528734159096149,"116769,116815","10-129-09,10-061-09",4.19162735302243,0.000218279339216578,-0.0176197302504709,0.950028471474595,6.69464288520393e-08,7.8625840148951e-07,0.115643902841034,0.0132845461651092,0.64420577923095,3.78226512564668e-05,0.0109727441972675,0.367820791649174,6.50665903374288,5.7711274055453,-1.60577244249062,2.58285690489386,0.00548772260537569
"Bcell","cg27388036","LM41","CpG ~ as.numeric(LM) +Age + Gender",47,27.5930407950861,0.0851063829787234,0.528734159096149,"116769,116815","10-129-09,10-061-09",3.6444014407061,0.00028651244969708,-0.0117130808784871,0.633419508135035,0.000427723726617629,7.02230216338965e-06,0.475246035205789,0.251646365584244,0.954718206967326,5.605347693936e-05,0.0162616961897367,0.545113406321535,3.81725352476789,5.11141262489454,-0.720286539720227,1.16199583570948,0.0237783146942956
"Bcell","ch.19.1004238R","LM41","CpG ~ as.numeric(LM) +Age + Gender",47,-1.48704719797667,0.0851063829787234,0.528734159096149,"116769,116815","10-129-09,10-061-09",-4.47722093063007,-0.000283686104628283,0.0213628118161172,-1.16312408252606,9.90291874215318e-08,1.82110957146728e-08,0.0805012172932641,0.00574400658437909,0.700681608337621,4.11384637772292e-05,0.0119346958687596,0.400066674627526,-6.38980797748117,-6.89588474096857,1.78997538362388,-2.90732559418742,0.000622814920667881
"Bcell","ch.18.1114073F","LM41","CpG ~ as.numeric(LM) +Age + Gender",47,-0.259927431535987,0.0851063829787234,0.528734159096149,"116769,116815","10-129-09,10-061-09",-4.55396022527463,-0.000285123521703334,0.0221009311827094,-0.83626985402352,9.10013851768689e-08,2.18788188824237e-08,0.0745228370590917,0.0451628036501153,0.709888597699967,4.16790251304504e-05,0.0120915183350538,0.405323569590509,-6.41503503511596,-6.84093547799957,1.82780446345087,-2.06321545738973,0.000694009119569009
"Bcell","cg14373857","LM41","CpG ~ as.numeric(LM) +Age + Gender",47,73.1417625454542,0.0851063829787234,0.528734159096149,"116769,116815","10-129-09,10-061-09",5.58125550133651,0.000476931669605538,-0.0823935566760627,1.20806280535174,0.000815850811317959,4.58164201613699e-06,0.003217308880009,0.17932560566276,1.549948673331,9.10006864682367e-05,0.0264002448591167,0.8849708686575,3.60092924196116,5.24096782250108,-3.12093910930565,1.36508765218947,0.0181145678082521
"Bcell","cg02923628","LM41","CpG ~ as.numeric(LM) +Age + Gender",47,24.0925381814369,0.0851063829787234,0.528734159096149,"116769,116815","10-129-09,10-061-09",4.06093880222036,0.000272746399239025,-0.0187859678440888,0.949874462327256,6.69626542466784e-05,8.5797141071941e-06,0.237071037736788,0.0775028560274865,0.919818930679102,5.40044683791941e-05,0.0156672575123352,0.525187041414281,4.41493283816432,5.05044133244545,-1.1990591096941,1.80864032701441,0.0261985783515635
"Bcell","cg10949535","LM41","CpG ~ as.numeric(LM) +Age + Gender",47,-103.796562433307,0.0851063829787234,0.528734159096149,"116769,116815","10-129-09,10-061-09",4.27796020130263,7.33447969055837e-05,-0.013341676730883,0.23302395696321,9.3000045782134e-22,3.84134692852547e-06,0.00184353052864803,0.09086925287931,0.235958157181566,1.38535905419089e-05,0.00401907058813229,0.134724522766955,18.130164485099,5.29428069089426,-3.31959253720972,1.72963282539358,0.0157333059423759
"Bcell","cg09175811","LM41","CpG ~ as.numeric(LM) +Age + Gender",47,-67.3206508231053,0.0851063829787234,0.528734159096149,"116769,116815","10-129-09,10-061-09",4.93203929244172,-0.000143547975885275,-0.0061162405659324,-0.0300516518644116,8.14638305645193e-18,1.16716980851147e-08,0.307671422814273,0.88043070850969,0.347823825179403,2.04214548558629e-05,0.00592447628142188,0.198596223220261,14.1797051708515,-7.02927273783647,-1.03236814114892,-0.151320359355886,0.000443521285096002
"Bcell","cg18158719","LM41","CpG ~ as.numeric(LM) +Age + Gender",47,28.0548520498716,0.0851063829787234,0.528734159096149,"116769,116815","10-129-09,10-061-09",3.61783566428904,0.000285741280094205,-0.0163514590974731,0.765818313045283,0.000491892297410006,7.9758454810177e-06,0.322621777178225,0.169285097305219,0.959420169027236,5.63295388390614e-05,0.0163417846157832,0.547798075511006,3.77085637876176,5.07267210034496,-1.00059200888504,1.39799379968778,0.025365881241684
"Bcell","cg01968694","LM41","CpG ~ as.numeric(LM) +Age + Gender",47,18.3998340726749,0.0851063829787234,0.528734159096149,"116769,116815","10-129-09,10-061-09",3.86485356584777,0.000262677259967626,-0.0133678508562703,0.486645055487236,5.72724313603291e-05,5.83523921043242e-06,0.369721046240198,0.330394957253469,0.865767289981661,5.08309849646557e-05,0.0147465969936984,0.494325292090946,4.46407898585501,5.16766024011286,-0.906504114948196,0.984463193110709,0.0211922954999104
"Bcell","cg15646610","LM41","CpG ~ as.numeric(LM) +Age + Gender",47,20.0072909930987,0.0851063829787234,0.528734159096149,"116769,116815","10-129-09,10-061-09",-4.25091556520183,-0.000299973100358133,0.0166196936537952,-0.828793924806919,1.78165240405047e-05,7.10792531946366e-07,0.274059531458517,0.106602692297262,0.880699748040786,5.17077004052504e-05,0.0150009412541842,0.502851245631959,-4.82674779305713,-5.80132355543071,1.10791005525466,-1.64818906586446,0.00517211210519845
"Bcell","cg02537769","LM41","CpG ~ as.numeric(LM) +Age + Gender",47,-57.474228221613,0.0851063829787234,0.528734159096149,"116769,116815","10-129-09,10-061-09",2.57455002282634,0.000130523931914562,0.000340263412582635,0.797486371051044,3.92984690160046e-08,8.27354238575562e-07,0.958989928783202,0.000779744340000793,0.386234724308522,2.26766380427358e-05,0.00657872836067833,0.220527611886931,6.66576529967772,5.75587667222009,0.0517217604873946,3.61626539292472,0.00565906162414492
"Bcell","cg09750346","LM41","CpG ~ as.numeric(LM) +Age + Gender",47,-69.7183400058406,0.0851063829787234,0.528734159096149,"116769,116815","10-129-09,10-061-09",3.75399840815878,9.53106079180778e-05,-0.0122723485047427,0.50745686180044,3.59308853206174e-14,2.02214889131374e-05,0.0393746703271718,0.01206412650758,0.339063962787392,1.99071452501602e-05,0.00577526971990122,0.193594623384237,11.0716526088404,4.78775870273567,-2.12498274538642,2.62123427257205,0.0462588538767271
"Bcell","cg09886024","LM41","CpG ~ as.numeric(LM) +Age + Gender",47,61.113821757464,0.0851063829787234,0.528734159096149,"116769,116815","10-129-09,10-061-09",2.10693004685343,0.000391238148975228,0.00319612918836872,0.592681955368638,0.129696179912283,1.46837831445818e-05,0.891206616578863,0.450728511002103,1.36378646899579,8.00707191212946e-05,0.0232293477432785,0.778678234251959,1.54491197467654,4.88615755258252,0.137590139150314,0.761138464256677,0.0376166076853117
"Bcell","cg13991072","LM41","CpG ~ as.numeric(LM) +Age + Gender",47,-88.7131717569975,0.0851063829787234,0.528734159096149,"116769,116815","10-129-09,10-061-09",3.16841838287642,-9.11820135800461e-05,-2.76720694927079e-05,-0.238660751592711,1.25678388736504e-14,1.36380718290597e-06,0.995347984096047,0.138649798176577,0.277027309662641,1.62648452710185e-05,0.00471860064374803,0.158173688646813,11.4372059084531,-5.60607937307086,-0.00586446524763064,-1.50885241176627,0.00764620732845712
"Bcell","cg27102761","LM41","CpG ~ as.numeric(LM) +Age + Gender",47,23.885752511853,0.0851063829787234,0.528734159096149,"116769,116815","10-129-09,10-061-09",3.18469837853611,0.000292536312665138,-0.0227892235827684,1.24093125135751,0.00119687481396622,2.45941134158601e-06,0.152166564999166,0.0224490674555421,0.917797693281328,5.38857973587418e-05,0.0156328298160265,0.52403297983376,3.46993504325569,5.42882033864309,-1.45777980384622,2.36804036980874,0.0112901010777726
"Bcell","cg17295497","LM41","CpG ~ as.numeric(LM) +Age + Gender",47,3.61252471366811,0.0851063829787234,0.528734159096149,"116769,116815","10-129-09,10-061-09",-5.51512736733763,-0.000307092761313055,0.029687563459423,-0.91139564099511,2.83583964537481e-09,1.01682369399578e-08,0.023093340926805,0.0365718468039325,0.739744127305888,4.34319049101225e-05,0.0126000469757481,0.42237011727573,-7.45545272177213,-7.07067216942358,2.35614704584547,-2.15781278958269,0.000443521285096002
"Bcell","cg19060823","LM41","CpG ~ as.numeric(LM) +Age + Gender",47,13.5385325733704,0.0851063829787234,0.528734159096149,"116769,116815","10-129-09,10-061-09",-4.64054780748457,-0.000313390058996066,0.0385944145750996,-0.519738083596417,1.19972675014503e-06,7.01817870032591e-08,0.00854679355409776,0.274356796340971,0.822131354365863,4.82690290986027e-05,0.0140033469721103,0.469410575551588,-5.64453330096378,-6.49257018109647,2.75608500253304,-1.10721426117358,0.00134421832180475
"Bcell","cg19324331","LM41","CpG ~ as.numeric(LM) +Age + Gender",47,14.2002510056954,0.0851063829787234,0.528734159096149,"116769,116815","10-129-09,10-061-09",4.21457556100276,0.000300354207332666,-0.0259859161919891,1.30926481989525,7.5235666955318e-06,2.00828813536533e-07,0.0722776342335799,0.00825233414897513,0.827939213943829,4.8610020524706e-05,0.0141022721285389,0.472726676674283,5.09044080775802,6.1788537443635,-1.84267584366076,2.76960214961035,0.00254381304286891
"Bcell","cg14312860","LM41","CpG ~ as.numeric(LM) +Age + Gender",47,-88.7505341399885,0.0851063829787234,0.528734159096149,"116769,116815","10-129-09,10-061-09",3.27938709645706,-0.000102418768211974,0.00124945543022344,-0.175233766100084,4.00178772045727e-15,1.34058270736227e-07,0.792353067824317,0.273894299358999,0.276917220899693,1.62583817324685e-05,0.00471672550404304,0.158110831502023,11.8424816116616,-6.29944418191641,0.264898906911678,-1.10829703718206,0.00208398152027785
"Bcell","cg12632487","LM41","CpG ~ as.numeric(LM) +Age + Gender",47,46.467791192058,0.0851063829787234,0.528734159096149,"116769,116815","10-129-09,10-061-09",2.4530467245316,0.000329444023381656,-0.026164571394117,1.06607134547506,0.0414503394715263,1.89284858793928e-05,0.195058498135669,0.116941562275237,1.16702311896901,6.85183366248173e-05,0.0198778815241789,0.666332686435245,2.10196926235593,4.80811472680046,-1.31626558706928,1.59990852494171,0.0446447920657768
"Bcell","cg08063324","LM41","CpG ~ as.numeric(LM) +Age + Gender",47,15.4108374287413,0.0851063829787234,0.528734159096149,"116769,116815","10-129-09,10-061-09",3.9163764066679,0.000313285987010039,-0.0210558754217673,1.00052253337587,2.96217419417074e-05,1.08550477566022e-07,0.147771281264312,0.0426230766541537,0.83867085027806,4.92400970492684e-05,0.0142850638763159,0.478854096047733,4.6697418962033,6.36241611580443,-1.47397838778146,2.08940999280109,0.00190379445904542
"Bcell","cg08867452","LM41","CpG ~ as.numeric(LM) +Age + Gender",47,-22.6617793848548,0.0851063829787234,0.528734159096149,"116769,116815","10-129-09,10-061-09",-5.87774092732395,-0.00018985700760494,0.0271622340003055,-0.567038992671061,1.87774498389737e-13,7.60538679762347e-07,0.00667037481099929,0.0828997502966265,0.55935843719398,3.2841088638799e-05,0.00952754111153738,0.319375686802982,-10.5080044145032,-5.78108142799626,2.8509175328998,-1.77546073825231,0.00540292844411297
"Bcell","cg19244722","LM41","CpG ~ as.numeric(LM) +Age + Gender",47,26.4868735624608,0.0851063829787234,0.528734159096149,"116769,116815","10-129-09,10-061-09",3.74502520075125,0.000268339585961511,-0.0177437566519742,0.878568601590225,0.000269477177465753,1.68513911342061e-05,0.275709743380279,0.110237553323326,0.943549180628942,5.53977203446655e-05,0.0160714543867372,0.538736251315817,3.96908319951582,4.8438741574923,-1.10405419602952,1.63079540209963,0.0416110732088134
"Bcell","cg06736470","LM41","CpG ~ as.numeric(LM) +Age + Gender",47,9.35416949538867,0.0851063829787234,0.528734159096149,"116769,116815","10-129-09,10-061-09",-4.47874575383052,-0.000283171411669698,0.0237468760718494,-0.872691679135766,1.01144373843358e-06,2.33740291948068e-07,0.0833134350732434,0.0584883283898279,0.786337177898777,4.61674791014213e-05,0.0133936654777995,0.448973251409182,-5.69570647263362,-6.1335688493544,1.7729930698367,-1.9437498256225,0.00280486299984243
